video_id,clip_id,publisher,license,url,published_at,width,height,projection
207467399,03,vimeo,cc-cc0,https://vimeo.com/207467399,2017-03-08T14:54:31+00:00,1920,1080,equirectangular
207467399,01,vimeo,cc-cc0,https://vimeo.com/207467399,2017-03-08T14:54:31+00:00,1920,1080,equirectangular
207467399,04,vimeo,cc-cc0,https://vimeo.com/207467399,2017-03-08T14:54:31+00:00,1920,1080,equirectangular
207467399,02,vimeo,cc-cc0,https://vimeo.com/207467399,2017-03-08T14:54:31+00:00,1920,1080,equirectangular
202432144,15,vimeo,cc-by-nc-nd,https://vimeo.com/202432144,2017-02-03T19:12:14+00:00,1920,960,equirectangular
202432144,22,vimeo,cc-by-nc-nd,https://vimeo.com/202432144,2017-02-03T19:12:14+00:00,1920,960,equirectangular
202432144,03,vimeo,cc-by-nc-nd,https://vimeo.com/202432144,2017-02-03T19:12:14+00:00,1920,960,equirectangular
202432144,23,vimeo,cc-by-nc-nd,https://vimeo.com/202432144,2017-02-03T19:12:14+00:00,1920,960,equirectangular
202432144,10,vimeo,cc-by-nc-nd,https://vimeo.com/202432144,2017-02-03T19:12:14+00:00,1920,960,equirectangular
202432144,13,vimeo,cc-by-nc-nd,https://vimeo.com/202432144,2017-02-03T19:12:14+00:00,1920,960,equirectangular
202432144,17,vimeo,cc-by-nc-nd,https://vimeo.com/202432144,2017-02-03T19:12:14+00:00,1920,960,equirectangular
202432144,16,vimeo,cc-by-nc-nd,https://vimeo.com/202432144,2017-02-03T19:12:14+00:00,1920,960,equirectangular
202432144,25,vimeo,cc-by-nc-nd,https://vimeo.com/202432144,2017-02-03T19:12:14+00:00,1920,960,equirectangular
202432144,18,vimeo,cc-by-nc-nd,https://vimeo.com/202432144,2017-02-03T19:12:14+00:00,1920,960,equirectangular
202432144,24,vimeo,cc-by-nc-nd,https://vimeo.com/202432144,2017-02-03T19:12:14+00:00,1920,960,equirectangular
202432144,09,vimeo,cc-by-nc-nd,https://vimeo.com/202432144,2017-02-03T19:12:14+00:00,1920,960,equirectangular
202432144,07,vimeo,cc-by-nc-nd,https://vimeo.com/202432144,2017-02-03T19:12:14+00:00,1920,960,equirectangular
202432144,11,vimeo,cc-by-nc-nd,https://vimeo.com/202432144,2017-02-03T19:12:14+00:00,1920,960,equirectangular
202432144,05,vimeo,cc-by-nc-nd,https://vimeo.com/202432144,2017-02-03T19:12:14+00:00,1920,960,equirectangular
202432144,20,vimeo,cc-by-nc-nd,https://vimeo.com/202432144,2017-02-03T19:12:14+00:00,1920,960,equirectangular
202432144,12,vimeo,cc-by-nc-nd,https://vimeo.com/202432144,2017-02-03T19:12:14+00:00,1920,960,equirectangular
202432144,14,vimeo,cc-by-nc-nd,https://vimeo.com/202432144,2017-02-03T19:12:14+00:00,1920,960,equirectangular
202432144,01,vimeo,cc-by-nc-nd,https://vimeo.com/202432144,2017-02-03T19:12:14+00:00,1920,960,equirectangular
202432144,06,vimeo,cc-by-nc-nd,https://vimeo.com/202432144,2017-02-03T19:12:14+00:00,1920,960,equirectangular
202432144,04,vimeo,cc-by-nc-nd,https://vimeo.com/202432144,2017-02-03T19:12:14+00:00,1920,960,equirectangular
202432144,19,vimeo,cc-by-nc-nd,https://vimeo.com/202432144,2017-02-03T19:12:14+00:00,1920,960,equirectangular
202432144,08,vimeo,cc-by-nc-nd,https://vimeo.com/202432144,2017-02-03T19:12:14+00:00,1920,960,equirectangular
202432144,02,vimeo,cc-by-nc-nd,https://vimeo.com/202432144,2017-02-03T19:12:14+00:00,1920,960,equirectangular
202432144,21,vimeo,cc-by-nc-nd,https://vimeo.com/202432144,2017-02-03T19:12:14+00:00,1920,960,equirectangular
272807604,00,vimeo,cc-by,https://vimeo.com/272807604,2018-05-31T17:07:50+00:00,2048,1024,equirectangular
722435950,00,vimeo,cc-by-nc-nd,https://vimeo.com/722435950,2022-06-21T05:53:27+00:00,2048,1024,equirectangular
722458683,00,vimeo,cc-by-nc-nd,https://vimeo.com/722458683,2022-06-21T07:54:00+00:00,2048,1024,equirectangular
266288781,00,vimeo,cc-by-nc-nd,https://vimeo.com/266288781,2018-04-24T11:19:16+00:00,2048,1024,equirectangular
209869378,03,vimeo,cc-by-nc-nd,https://vimeo.com/209869378,2017-03-24T07:55:02+00:00,1920,960,equirectangular
209869378,00,vimeo,cc-by-nc-nd,https://vimeo.com/209869378,2017-03-24T07:55:02+00:00,1920,960,equirectangular
209869378,07,vimeo,cc-by-nc-nd,https://vimeo.com/209869378,2017-03-24T07:55:02+00:00,1920,960,equirectangular
209869378,05,vimeo,cc-by-nc-nd,https://vimeo.com/209869378,2017-03-24T07:55:02+00:00,1920,960,equirectangular
209869378,01,vimeo,cc-by-nc-nd,https://vimeo.com/209869378,2017-03-24T07:55:02+00:00,1920,960,equirectangular
209869378,06,vimeo,cc-by-nc-nd,https://vimeo.com/209869378,2017-03-24T07:55:02+00:00,1920,960,equirectangular
209869378,04,vimeo,cc-by-nc-nd,https://vimeo.com/209869378,2017-03-24T07:55:02+00:00,1920,960,equirectangular
209869378,02,vimeo,cc-by-nc-nd,https://vimeo.com/209869378,2017-03-24T07:55:02+00:00,1920,960,equirectangular
297585832,00,vimeo,cc-by-nc-sa,https://vimeo.com/297585832,2018-10-28T17:37:21+00:00,2048,1024,equirectangular
308594871,00,vimeo,cc-by,https://vimeo.com/308594871,2018-12-28T18:39:33+00:00,2048,1024,equirectangular
308594871,01,vimeo,cc-by,https://vimeo.com/308594871,2018-12-28T18:39:33+00:00,2048,1024,equirectangular
308594871,02,vimeo,cc-by,https://vimeo.com/308594871,2018-12-28T18:39:33+00:00,2048,1024,equirectangular
328522732,03,vimeo,cc-by,https://vimeo.com/328522732,2019-04-04T21:11:05+00:00,2048,1024,equirectangular
328522732,07,vimeo,cc-by,https://vimeo.com/328522732,2019-04-04T21:11:05+00:00,2048,1024,equirectangular
328522732,05,vimeo,cc-by,https://vimeo.com/328522732,2019-04-04T21:11:05+00:00,2048,1024,equirectangular
328522732,01,vimeo,cc-by,https://vimeo.com/328522732,2019-04-04T21:11:05+00:00,2048,1024,equirectangular
328522732,06,vimeo,cc-by,https://vimeo.com/328522732,2019-04-04T21:11:05+00:00,2048,1024,equirectangular
328522732,04,vimeo,cc-by,https://vimeo.com/328522732,2019-04-04T21:11:05+00:00,2048,1024,equirectangular
328522732,08,vimeo,cc-by,https://vimeo.com/328522732,2019-04-04T21:11:05+00:00,2048,1024,equirectangular
328522732,02,vimeo,cc-by,https://vimeo.com/328522732,2019-04-04T21:11:05+00:00,2048,1024,equirectangular
207292223,00,vimeo,cc-by-nc-nd,https://vimeo.com/207292223,2017-03-07T14:21:33+00:00,1920,960,equirectangular
207292223,01,vimeo,cc-by-nc-nd,https://vimeo.com/207292223,2017-03-07T14:21:33+00:00,1920,960,equirectangular
207292223,02,vimeo,cc-by-nc-nd,https://vimeo.com/207292223,2017-03-07T14:21:33+00:00,1920,960,equirectangular
222193749,00,vimeo,cc-by-nc-nd,https://vimeo.com/222193749,2017-06-19T13:27:41+00:00,2048,1024,equirectangular
219198351,03,vimeo,cc-by-nc-nd,https://vimeo.com/219198351,2017-05-27T10:47:46+00:00,1920,960,equirectangular
219198351,00,vimeo,cc-by-nc-nd,https://vimeo.com/219198351,2017-05-27T10:47:46+00:00,1920,960,equirectangular
219198351,07,vimeo,cc-by-nc-nd,https://vimeo.com/219198351,2017-05-27T10:47:46+00:00,1920,960,equirectangular
219198351,05,vimeo,cc-by-nc-nd,https://vimeo.com/219198351,2017-05-27T10:47:46+00:00,1920,960,equirectangular
219198351,01,vimeo,cc-by-nc-nd,https://vimeo.com/219198351,2017-05-27T10:47:46+00:00,1920,960,equirectangular
219198351,06,vimeo,cc-by-nc-nd,https://vimeo.com/219198351,2017-05-27T10:47:46+00:00,1920,960,equirectangular
219198351,04,vimeo,cc-by-nc-nd,https://vimeo.com/219198351,2017-05-27T10:47:46+00:00,1920,960,equirectangular
219198351,02,vimeo,cc-by-nc-nd,https://vimeo.com/219198351,2017-05-27T10:47:46+00:00,1920,960,equirectangular
224348112,03,vimeo,cc-by,https://vimeo.com/224348112,2017-07-05T16:37:09+00:00,2048,1024,equirectangular
224348112,00,vimeo,cc-by,https://vimeo.com/224348112,2017-07-05T16:37:09+00:00,2048,1024,equirectangular
224348112,01,vimeo,cc-by,https://vimeo.com/224348112,2017-07-05T16:37:09+00:00,2048,1024,equirectangular
224348112,04,vimeo,cc-by,https://vimeo.com/224348112,2017-07-05T16:37:09+00:00,2048,1024,equirectangular
224348112,02,vimeo,cc-by,https://vimeo.com/224348112,2017-07-05T16:37:09+00:00,2048,1024,equirectangular
207445775,03,vimeo,cc-by-nc-nd,https://vimeo.com/207445775,2017-03-08T12:07:04+00:00,1920,960,equirectangular
207445775,00,vimeo,cc-by-nc-nd,https://vimeo.com/207445775,2017-03-08T12:07:04+00:00,1920,960,equirectangular
207445775,07,vimeo,cc-by-nc-nd,https://vimeo.com/207445775,2017-03-08T12:07:04+00:00,1920,960,equirectangular
207445775,05,vimeo,cc-by-nc-nd,https://vimeo.com/207445775,2017-03-08T12:07:04+00:00,1920,960,equirectangular
207445775,01,vimeo,cc-by-nc-nd,https://vimeo.com/207445775,2017-03-08T12:07:04+00:00,1920,960,equirectangular
207445775,06,vimeo,cc-by-nc-nd,https://vimeo.com/207445775,2017-03-08T12:07:04+00:00,1920,960,equirectangular
207445775,04,vimeo,cc-by-nc-nd,https://vimeo.com/207445775,2017-03-08T12:07:04+00:00,1920,960,equirectangular
207445775,08,vimeo,cc-by-nc-nd,https://vimeo.com/207445775,2017-03-08T12:07:04+00:00,1920,960,equirectangular
207445775,02,vimeo,cc-by-nc-nd,https://vimeo.com/207445775,2017-03-08T12:07:04+00:00,1920,960,equirectangular
282946660,15,vimeo,cc-by-nc-nd,https://vimeo.com/282946660,2018-08-03T00:46:02+00:00,2048,1024,equirectangular
282946660,22,vimeo,cc-by-nc-nd,https://vimeo.com/282946660,2018-08-03T00:46:02+00:00,2048,1024,equirectangular
282946660,03,vimeo,cc-by-nc-nd,https://vimeo.com/282946660,2018-08-03T00:46:02+00:00,2048,1024,equirectangular
282946660,23,vimeo,cc-by-nc-nd,https://vimeo.com/282946660,2018-08-03T00:46:02+00:00,2048,1024,equirectangular
282946660,10,vimeo,cc-by-nc-nd,https://vimeo.com/282946660,2018-08-03T00:46:02+00:00,2048,1024,equirectangular
282946660,13,vimeo,cc-by-nc-nd,https://vimeo.com/282946660,2018-08-03T00:46:02+00:00,2048,1024,equirectangular
282946660,17,vimeo,cc-by-nc-nd,https://vimeo.com/282946660,2018-08-03T00:46:02+00:00,2048,1024,equirectangular
282946660,16,vimeo,cc-by-nc-nd,https://vimeo.com/282946660,2018-08-03T00:46:02+00:00,2048,1024,equirectangular
282946660,00,vimeo,cc-by-nc-nd,https://vimeo.com/282946660,2018-08-03T00:46:02+00:00,2048,1024,equirectangular
282946660,25,vimeo,cc-by-nc-nd,https://vimeo.com/282946660,2018-08-03T00:46:02+00:00,2048,1024,equirectangular
282946660,18,vimeo,cc-by-nc-nd,https://vimeo.com/282946660,2018-08-03T00:46:02+00:00,2048,1024,equirectangular
282946660,24,vimeo,cc-by-nc-nd,https://vimeo.com/282946660,2018-08-03T00:46:02+00:00,2048,1024,equirectangular
282946660,09,vimeo,cc-by-nc-nd,https://vimeo.com/282946660,2018-08-03T00:46:02+00:00,2048,1024,equirectangular
282946660,07,vimeo,cc-by-nc-nd,https://vimeo.com/282946660,2018-08-03T00:46:02+00:00,2048,1024,equirectangular
282946660,11,vimeo,cc-by-nc-nd,https://vimeo.com/282946660,2018-08-03T00:46:02+00:00,2048,1024,equirectangular
282946660,05,vimeo,cc-by-nc-nd,https://vimeo.com/282946660,2018-08-03T00:46:02+00:00,2048,1024,equirectangular
282946660,20,vimeo,cc-by-nc-nd,https://vimeo.com/282946660,2018-08-03T00:46:02+00:00,2048,1024,equirectangular
282946660,12,vimeo,cc-by-nc-nd,https://vimeo.com/282946660,2018-08-03T00:46:02+00:00,2048,1024,equirectangular
282946660,14,vimeo,cc-by-nc-nd,https://vimeo.com/282946660,2018-08-03T00:46:02+00:00,2048,1024,equirectangular
282946660,01,vimeo,cc-by-nc-nd,https://vimeo.com/282946660,2018-08-03T00:46:02+00:00,2048,1024,equirectangular
282946660,06,vimeo,cc-by-nc-nd,https://vimeo.com/282946660,2018-08-03T00:46:02+00:00,2048,1024,equirectangular
282946660,04,vimeo,cc-by-nc-nd,https://vimeo.com/282946660,2018-08-03T00:46:02+00:00,2048,1024,equirectangular
282946660,19,vimeo,cc-by-nc-nd,https://vimeo.com/282946660,2018-08-03T00:46:02+00:00,2048,1024,equirectangular
282946660,08,vimeo,cc-by-nc-nd,https://vimeo.com/282946660,2018-08-03T00:46:02+00:00,2048,1024,equirectangular
282946660,02,vimeo,cc-by-nc-nd,https://vimeo.com/282946660,2018-08-03T00:46:02+00:00,2048,1024,equirectangular
282946660,21,vimeo,cc-by-nc-nd,https://vimeo.com/282946660,2018-08-03T00:46:02+00:00,2048,1024,equirectangular
399533654,03,vimeo,cc-by-nc-nd,https://vimeo.com/399533654,2020-03-22T00:12:12+00:00,2048,1024,equirectangular
399533654,00,vimeo,cc-by-nc-nd,https://vimeo.com/399533654,2020-03-22T00:12:12+00:00,2048,1024,equirectangular
399533654,05,vimeo,cc-by-nc-nd,https://vimeo.com/399533654,2020-03-22T00:12:12+00:00,2048,1024,equirectangular
399533654,01,vimeo,cc-by-nc-nd,https://vimeo.com/399533654,2020-03-22T00:12:12+00:00,2048,1024,equirectangular
399533654,04,vimeo,cc-by-nc-nd,https://vimeo.com/399533654,2020-03-22T00:12:12+00:00,2048,1024,equirectangular
399533654,02,vimeo,cc-by-nc-nd,https://vimeo.com/399533654,2020-03-22T00:12:12+00:00,2048,1024,equirectangular
234263208,01,vimeo,cc-by-nc-nd,https://vimeo.com/234263208,2017-09-18T03:27:54+00:00,1920,960,equirectangular
234263208,02,vimeo,cc-by-nc-nd,https://vimeo.com/234263208,2017-09-18T03:27:54+00:00,1920,960,equirectangular
454304633,00,vimeo,cc-by-nd,https://vimeo.com/454304633,2020-09-03T08:36:43+00:00,2048,1024,equirectangular
339053277,01,vimeo,cc-by-nc-nd,https://vimeo.com/339053277,2019-05-29T07:22:17+00:00,2048,1024,equirectangular
339053277,02,vimeo,cc-by-nc-nd,https://vimeo.com/339053277,2019-05-29T07:22:17+00:00,2048,1024,equirectangular
270116157,03,vimeo,cc-by-nc-nd,https://vimeo.com/270116157,2018-05-16T15:06:13+00:00,2048,1024,equirectangular
270116157,10,vimeo,cc-by-nc-nd,https://vimeo.com/270116157,2018-05-16T15:06:13+00:00,2048,1024,equirectangular
270116157,00,vimeo,cc-by-nc-nd,https://vimeo.com/270116157,2018-05-16T15:06:13+00:00,2048,1024,equirectangular
270116157,09,vimeo,cc-by-nc-nd,https://vimeo.com/270116157,2018-05-16T15:06:13+00:00,2048,1024,equirectangular
270116157,07,vimeo,cc-by-nc-nd,https://vimeo.com/270116157,2018-05-16T15:06:13+00:00,2048,1024,equirectangular
270116157,11,vimeo,cc-by-nc-nd,https://vimeo.com/270116157,2018-05-16T15:06:13+00:00,2048,1024,equirectangular
270116157,12,vimeo,cc-by-nc-nd,https://vimeo.com/270116157,2018-05-16T15:06:13+00:00,2048,1024,equirectangular
270116157,01,vimeo,cc-by-nc-nd,https://vimeo.com/270116157,2018-05-16T15:06:13+00:00,2048,1024,equirectangular
270116157,06,vimeo,cc-by-nc-nd,https://vimeo.com/270116157,2018-05-16T15:06:13+00:00,2048,1024,equirectangular
270116157,04,vimeo,cc-by-nc-nd,https://vimeo.com/270116157,2018-05-16T15:06:13+00:00,2048,1024,equirectangular
270116157,08,vimeo,cc-by-nc-nd,https://vimeo.com/270116157,2018-05-16T15:06:13+00:00,2048,1024,equirectangular
270116157,02,vimeo,cc-by-nc-nd,https://vimeo.com/270116157,2018-05-16T15:06:13+00:00,2048,1024,equirectangular
255522905,00,vimeo,cc-by-nc-nd,https://vimeo.com/255522905,2018-02-13T08:55:49+00:00,2048,1024,equirectangular
255522905,01,vimeo,cc-by-nc-nd,https://vimeo.com/255522905,2018-02-13T08:55:49+00:00,2048,1024,equirectangular
255522905,02,vimeo,cc-by-nc-nd,https://vimeo.com/255522905,2018-02-13T08:55:49+00:00,2048,1024,equirectangular
345029515,03,vimeo,cc-by-nc-sa,https://vimeo.com/345029515,2019-06-28T14:24:31+00:00,1280,720,equirectangular
345029515,05,vimeo,cc-by-nc-sa,https://vimeo.com/345029515,2019-06-28T14:24:31+00:00,1280,720,equirectangular
345029515,04,vimeo,cc-by-nc-sa,https://vimeo.com/345029515,2019-06-28T14:24:31+00:00,1280,720,equirectangular
281930815,03,vimeo,cc-by-nc-nd,https://vimeo.com/281930815,2018-07-27T07:21:09+00:00,2048,1024,equirectangular
281930815,09,vimeo,cc-by-nc-nd,https://vimeo.com/281930815,2018-07-27T07:21:09+00:00,2048,1024,equirectangular
281930815,07,vimeo,cc-by-nc-nd,https://vimeo.com/281930815,2018-07-27T07:21:09+00:00,2048,1024,equirectangular
281930815,05,vimeo,cc-by-nc-nd,https://vimeo.com/281930815,2018-07-27T07:21:09+00:00,2048,1024,equirectangular
281930815,01,vimeo,cc-by-nc-nd,https://vimeo.com/281930815,2018-07-27T07:21:09+00:00,2048,1024,equirectangular
281930815,06,vimeo,cc-by-nc-nd,https://vimeo.com/281930815,2018-07-27T07:21:09+00:00,2048,1024,equirectangular
281930815,04,vimeo,cc-by-nc-nd,https://vimeo.com/281930815,2018-07-27T07:21:09+00:00,2048,1024,equirectangular
281930815,08,vimeo,cc-by-nc-nd,https://vimeo.com/281930815,2018-07-27T07:21:09+00:00,2048,1024,equirectangular
281930815,02,vimeo,cc-by-nc-nd,https://vimeo.com/281930815,2018-07-27T07:21:09+00:00,2048,1024,equirectangular
208332300,03,vimeo,cc-by-nc,https://vimeo.com/208332300,2017-03-14T15:50:37+00:00,1920,960,equirectangular
208332300,09,vimeo,cc-by-nc,https://vimeo.com/208332300,2017-03-14T15:50:37+00:00,1920,960,equirectangular
208332300,07,vimeo,cc-by-nc,https://vimeo.com/208332300,2017-03-14T15:50:37+00:00,1920,960,equirectangular
208332300,05,vimeo,cc-by-nc,https://vimeo.com/208332300,2017-03-14T15:50:37+00:00,1920,960,equirectangular
208332300,12,vimeo,cc-by-nc,https://vimeo.com/208332300,2017-03-14T15:50:37+00:00,1920,960,equirectangular
208332300,01,vimeo,cc-by-nc,https://vimeo.com/208332300,2017-03-14T15:50:37+00:00,1920,960,equirectangular
208332300,06,vimeo,cc-by-nc,https://vimeo.com/208332300,2017-03-14T15:50:37+00:00,1920,960,equirectangular
208332300,04,vimeo,cc-by-nc,https://vimeo.com/208332300,2017-03-14T15:50:37+00:00,1920,960,equirectangular
208332300,08,vimeo,cc-by-nc,https://vimeo.com/208332300,2017-03-14T15:50:37+00:00,1920,960,equirectangular
208332300,02,vimeo,cc-by-nc,https://vimeo.com/208332300,2017-03-14T15:50:37+00:00,1920,960,equirectangular
207995368,00,vimeo,cc-by-nc-nd,https://vimeo.com/207995368,2017-03-12T09:45:52+00:00,2048,1024,equirectangular
207995368,01,vimeo,cc-by-nc-nd,https://vimeo.com/207995368,2017-03-12T09:45:52+00:00,2048,1024,equirectangular
211557912,00,vimeo,cc-by,https://vimeo.com/211557912,2017-04-04T20:35:30+00:00,1920,960,equirectangular
285362321,03,vimeo,cc-by-nc-nd,https://vimeo.com/285362321,2018-08-16T20:56:11+00:00,2048,1024,equirectangular
285362321,00,vimeo,cc-by-nc-nd,https://vimeo.com/285362321,2018-08-16T20:56:11+00:00,2048,1024,equirectangular
285362321,01,vimeo,cc-by-nc-nd,https://vimeo.com/285362321,2018-08-16T20:56:11+00:00,2048,1024,equirectangular
285362321,04,vimeo,cc-by-nc-nd,https://vimeo.com/285362321,2018-08-16T20:56:11+00:00,2048,1024,equirectangular
285362321,02,vimeo,cc-by-nc-nd,https://vimeo.com/285362321,2018-08-16T20:56:11+00:00,2048,1024,equirectangular
302432343,00,vimeo,cc-by-nc-nd,https://vimeo.com/302432343,2018-11-23T12:20:56+00:00,2048,1024,equirectangular
302432343,19,vimeo,cc-by-nc-nd,https://vimeo.com/302432343,2018-11-23T12:20:56+00:00,2048,1024,equirectangular
302432343,02,vimeo,cc-by-nc-nd,https://vimeo.com/302432343,2018-11-23T12:20:56+00:00,2048,1024,equirectangular
324971028,00,vimeo,cc-by-nd,https://vimeo.com/324971028,2019-03-18T13:21:26+00:00,2048,1024,equirectangular
287345378,00,vimeo,cc-by-nc,https://vimeo.com/287345378,2018-08-29T23:28:56+00:00,2048,1024,equirectangular
300399770,00,vimeo,cc-by-nc,https://vimeo.com/300399770,2018-11-12T23:27:05+00:00,2048,1024,equirectangular
314438704,00,vimeo,cc-by-nc-nd,https://vimeo.com/314438704,2019-01-31T08:34:15+00:00,1920,1080,equirectangular
507293832,00,vimeo,cc-by-nc,https://vimeo.com/507293832,2021-02-01T22:55:55+00:00,2048,1024,equirectangular
251800044,00,vimeo,cc-by-nc-nd,https://vimeo.com/251800044,2018-01-19T12:43:19+00:00,2048,1024,equirectangular
251800044,01,vimeo,cc-by-nc-nd,https://vimeo.com/251800044,2018-01-19T12:43:19+00:00,2048,1024,equirectangular
309556904,03,vimeo,cc-by-nc-nd,https://vimeo.com/309556904,2019-01-04T22:11:55+00:00,2048,1024,equirectangular
309556904,00,vimeo,cc-by-nc-nd,https://vimeo.com/309556904,2019-01-04T22:11:55+00:00,2048,1024,equirectangular
309556904,01,vimeo,cc-by-nc-nd,https://vimeo.com/309556904,2019-01-04T22:11:55+00:00,2048,1024,equirectangular
309556904,02,vimeo,cc-by-nc-nd,https://vimeo.com/309556904,2019-01-04T22:11:55+00:00,2048,1024,equirectangular
208073924,03,vimeo,cc-by-nc-sa,https://vimeo.com/208073924,2017-03-13T03:02:50+00:00,1920,960,equirectangular
208073924,00,vimeo,cc-by-nc-sa,https://vimeo.com/208073924,2017-03-13T03:02:50+00:00,1920,960,equirectangular
208073924,01,vimeo,cc-by-nc-sa,https://vimeo.com/208073924,2017-03-13T03:02:50+00:00,1920,960,equirectangular
208072531,03,vimeo,cc-by-nc-sa,https://vimeo.com/208072531,2017-03-13T02:44:34+00:00,1920,960,equirectangular
208072531,00,vimeo,cc-by-nc-sa,https://vimeo.com/208072531,2017-03-13T02:44:34+00:00,1920,960,equirectangular
208072531,09,vimeo,cc-by-nc-sa,https://vimeo.com/208072531,2017-03-13T02:44:34+00:00,1920,960,equirectangular
208072531,07,vimeo,cc-by-nc-sa,https://vimeo.com/208072531,2017-03-13T02:44:34+00:00,1920,960,equirectangular
208072531,05,vimeo,cc-by-nc-sa,https://vimeo.com/208072531,2017-03-13T02:44:34+00:00,1920,960,equirectangular
208072531,01,vimeo,cc-by-nc-sa,https://vimeo.com/208072531,2017-03-13T02:44:34+00:00,1920,960,equirectangular
208072531,06,vimeo,cc-by-nc-sa,https://vimeo.com/208072531,2017-03-13T02:44:34+00:00,1920,960,equirectangular
208072531,04,vimeo,cc-by-nc-sa,https://vimeo.com/208072531,2017-03-13T02:44:34+00:00,1920,960,equirectangular
208072531,02,vimeo,cc-by-nc-sa,https://vimeo.com/208072531,2017-03-13T02:44:34+00:00,1920,960,equirectangular
212457702,00,vimeo,cc-by-nc-nd,https://vimeo.com/212457702,2017-04-09T12:36:55+00:00,2048,1024,equirectangular
336366392,00,vimeo,cc-by-nc-nd,https://vimeo.com/336366392,2019-05-15T15:03:32+00:00,2048,1024,equirectangular
386175899,00,vimeo,cc-by-nc-nd,https://vimeo.com/386175899,2020-01-21T08:21:19+00:00,2048,1024,equirectangular
207454399,00,vimeo,cc-by,https://vimeo.com/207454399,2017-03-08T13:24:39+00:00,1920,960,equirectangular
207454399,01,vimeo,cc-by,https://vimeo.com/207454399,2017-03-08T13:24:39+00:00,1920,960,equirectangular
442110197,03,vimeo,cc-by-sa,https://vimeo.com/442110197,2020-07-27T17:54:01+00:00,1280,640,equirectangular
442110197,00,vimeo,cc-by-sa,https://vimeo.com/442110197,2020-07-27T17:54:01+00:00,1280,640,equirectangular
442110197,01,vimeo,cc-by-sa,https://vimeo.com/442110197,2020-07-27T17:54:01+00:00,1280,640,equirectangular
442110197,02,vimeo,cc-by-sa,https://vimeo.com/442110197,2020-07-27T17:54:01+00:00,1280,640,equirectangular
442115646,03,vimeo,cc-by-sa,https://vimeo.com/442115646,2020-07-27T18:11:09+00:00,1280,640,equirectangular
442115646,07,vimeo,cc-by-sa,https://vimeo.com/442115646,2020-07-27T18:11:09+00:00,1280,640,equirectangular
442115646,05,vimeo,cc-by-sa,https://vimeo.com/442115646,2020-07-27T18:11:09+00:00,1280,640,equirectangular
442115646,01,vimeo,cc-by-sa,https://vimeo.com/442115646,2020-07-27T18:11:09+00:00,1280,640,equirectangular
442115646,06,vimeo,cc-by-sa,https://vimeo.com/442115646,2020-07-27T18:11:09+00:00,1280,640,equirectangular
442115646,04,vimeo,cc-by-sa,https://vimeo.com/442115646,2020-07-27T18:11:09+00:00,1280,640,equirectangular
442115646,02,vimeo,cc-by-sa,https://vimeo.com/442115646,2020-07-27T18:11:09+00:00,1280,640,equirectangular
210255623,03,vimeo,cc-by,https://vimeo.com/210255623,2017-03-27T13:29:23+00:00,1920,1080,equirectangular
210255623,00,vimeo,cc-by,https://vimeo.com/210255623,2017-03-27T13:29:23+00:00,1920,1080,equirectangular
210255623,05,vimeo,cc-by,https://vimeo.com/210255623,2017-03-27T13:29:23+00:00,1920,1080,equirectangular
210255623,01,vimeo,cc-by,https://vimeo.com/210255623,2017-03-27T13:29:23+00:00,1920,1080,equirectangular
210255623,06,vimeo,cc-by,https://vimeo.com/210255623,2017-03-27T13:29:23+00:00,1920,1080,equirectangular
210255623,04,vimeo,cc-by,https://vimeo.com/210255623,2017-03-27T13:29:23+00:00,1920,1080,equirectangular
210255623,02,vimeo,cc-by,https://vimeo.com/210255623,2017-03-27T13:29:23+00:00,1920,1080,equirectangular
272170964,03,vimeo,cc-by-nc-nd,https://vimeo.com/272170964,2018-05-28T09:05:52+00:00,2048,1024,equirectangular
272170964,00,vimeo,cc-by-nc-nd,https://vimeo.com/272170964,2018-05-28T09:05:52+00:00,2048,1024,equirectangular
272170964,05,vimeo,cc-by-nc-nd,https://vimeo.com/272170964,2018-05-28T09:05:52+00:00,2048,1024,equirectangular
272170964,01,vimeo,cc-by-nc-nd,https://vimeo.com/272170964,2018-05-28T09:05:52+00:00,2048,1024,equirectangular
272170964,04,vimeo,cc-by-nc-nd,https://vimeo.com/272170964,2018-05-28T09:05:52+00:00,2048,1024,equirectangular
272170964,02,vimeo,cc-by-nc-nd,https://vimeo.com/272170964,2018-05-28T09:05:52+00:00,2048,1024,equirectangular
568589195,00,vimeo,cc-by,https://vimeo.com/568589195,2021-06-28T19:18:29+00:00,2048,1024,equirectangular
215351114,00,vimeo,cc-by,https://vimeo.com/215351114,2017-04-29T21:29:08+00:00,1920,960,equirectangular
271652404,00,vimeo,cc-by-sa,https://vimeo.com/271652404,2018-05-24T11:10:55+00:00,2048,1024,equirectangular
285512274,03,vimeo,cc-by-nc,https://vimeo.com/285512274,2018-08-17T15:47:52+00:00,2048,1024,equirectangular
285512274,00,vimeo,cc-by-nc,https://vimeo.com/285512274,2018-08-17T15:47:52+00:00,2048,1024,equirectangular
285512274,07,vimeo,cc-by-nc,https://vimeo.com/285512274,2018-08-17T15:47:52+00:00,2048,1024,equirectangular
285512274,05,vimeo,cc-by-nc,https://vimeo.com/285512274,2018-08-17T15:47:52+00:00,2048,1024,equirectangular
285512274,01,vimeo,cc-by-nc,https://vimeo.com/285512274,2018-08-17T15:47:52+00:00,2048,1024,equirectangular
285512274,06,vimeo,cc-by-nc,https://vimeo.com/285512274,2018-08-17T15:47:52+00:00,2048,1024,equirectangular
285512274,04,vimeo,cc-by-nc,https://vimeo.com/285512274,2018-08-17T15:47:52+00:00,2048,1024,equirectangular
285512274,08,vimeo,cc-by-nc,https://vimeo.com/285512274,2018-08-17T15:47:52+00:00,2048,1024,equirectangular
285512274,02,vimeo,cc-by-nc,https://vimeo.com/285512274,2018-08-17T15:47:52+00:00,2048,1024,equirectangular
219132018,03,vimeo,cc-by-sa,https://vimeo.com/219132018,2017-05-26T17:57:31+00:00,2048,1024,equirectangular
219132018,00,vimeo,cc-by-sa,https://vimeo.com/219132018,2017-05-26T17:57:31+00:00,2048,1024,equirectangular
219132018,05,vimeo,cc-by-sa,https://vimeo.com/219132018,2017-05-26T17:57:31+00:00,2048,1024,equirectangular
219132018,01,vimeo,cc-by-sa,https://vimeo.com/219132018,2017-05-26T17:57:31+00:00,2048,1024,equirectangular
219132018,06,vimeo,cc-by-sa,https://vimeo.com/219132018,2017-05-26T17:57:31+00:00,2048,1024,equirectangular
219132018,04,vimeo,cc-by-sa,https://vimeo.com/219132018,2017-05-26T17:57:31+00:00,2048,1024,equirectangular
219132018,02,vimeo,cc-by-sa,https://vimeo.com/219132018,2017-05-26T17:57:31+00:00,2048,1024,equirectangular
321259399,00,vimeo,cc-by-nc-nd,https://vimeo.com/321259399,2019-03-04T15:27:17+00:00,2048,1024,equirectangular
256306442,00,vimeo,cc-by-nd,https://vimeo.com/256306442,2018-02-18T17:18:05+00:00,2048,1024,equirectangular
272270605,00,vimeo,cc-by-nc-nd,https://vimeo.com/272270605,2018-05-28T22:56:23+00:00,2048,1024,equirectangular
212599646,01,vimeo,cc-by-nc,https://vimeo.com/212599646,2017-04-10T15:18:00+00:00,1920,960,equirectangular
506180875,00,vimeo,cc-by-nc-nd,https://vimeo.com/506180875,2021-01-29T16:36:10+00:00,2048,1024,equirectangular
506180875,01,vimeo,cc-by-nc-nd,https://vimeo.com/506180875,2021-01-29T16:36:10+00:00,2048,1024,equirectangular
267721345,03,vimeo,cc-by-sa,https://vimeo.com/267721345,2018-05-03T01:57:51+00:00,2048,1024,equirectangular
267721345,00,vimeo,cc-by-sa,https://vimeo.com/267721345,2018-05-03T01:57:51+00:00,2048,1024,equirectangular
267721345,05,vimeo,cc-by-sa,https://vimeo.com/267721345,2018-05-03T01:57:51+00:00,2048,1024,equirectangular
267721345,01,vimeo,cc-by-sa,https://vimeo.com/267721345,2018-05-03T01:57:51+00:00,2048,1024,equirectangular
267721345,04,vimeo,cc-by-sa,https://vimeo.com/267721345,2018-05-03T01:57:51+00:00,2048,1024,equirectangular
267721345,02,vimeo,cc-by-sa,https://vimeo.com/267721345,2018-05-03T01:57:51+00:00,2048,1024,equirectangular
212262524,03,vimeo,cc-by-nc-sa,https://vimeo.com/212262524,2017-04-07T14:26:30+00:00,1920,960,equirectangular
212262524,00,vimeo,cc-by-nc-sa,https://vimeo.com/212262524,2017-04-07T14:26:30+00:00,1920,960,equirectangular
212262524,07,vimeo,cc-by-nc-sa,https://vimeo.com/212262524,2017-04-07T14:26:30+00:00,1920,960,equirectangular
212262524,05,vimeo,cc-by-nc-sa,https://vimeo.com/212262524,2017-04-07T14:26:30+00:00,1920,960,equirectangular
212262524,01,vimeo,cc-by-nc-sa,https://vimeo.com/212262524,2017-04-07T14:26:30+00:00,1920,960,equirectangular
212262524,06,vimeo,cc-by-nc-sa,https://vimeo.com/212262524,2017-04-07T14:26:30+00:00,1920,960,equirectangular
212262524,08,vimeo,cc-by-nc-sa,https://vimeo.com/212262524,2017-04-07T14:26:30+00:00,1920,960,equirectangular
464960550,05,vimeo,cc-by-nc-sa,https://vimeo.com/464960550,2020-10-05T11:17:06+00:00,2048,1024,equirectangular
464960550,01,vimeo,cc-by-nc-sa,https://vimeo.com/464960550,2020-10-05T11:17:06+00:00,2048,1024,equirectangular
464960550,04,vimeo,cc-by-nc-sa,https://vimeo.com/464960550,2020-10-05T11:17:06+00:00,2048,1024,equirectangular
464960550,02,vimeo,cc-by-nc-sa,https://vimeo.com/464960550,2020-10-05T11:17:06+00:00,2048,1024,equirectangular
253766175,00,vimeo,cc-by,https://vimeo.com/253766175,2018-02-01T10:14:32+00:00,2048,1024,equirectangular
253766175,01,vimeo,cc-by,https://vimeo.com/253766175,2018-02-01T10:14:32+00:00,2048,1024,equirectangular
534945193,00,vimeo,cc-by-sa,https://vimeo.com/534945193,2021-04-09T16:19:16+00:00,1366,684,equirectangular
524325486,03,vimeo,cc-by-nc-nd,https://vimeo.com/524325486,2021-03-16T15:13:55+00:00,2048,1024,equirectangular
524325486,00,vimeo,cc-by-nc-nd,https://vimeo.com/524325486,2021-03-16T15:13:55+00:00,2048,1024,equirectangular
524325486,05,vimeo,cc-by-nc-nd,https://vimeo.com/524325486,2021-03-16T15:13:55+00:00,2048,1024,equirectangular
524325486,01,vimeo,cc-by-nc-nd,https://vimeo.com/524325486,2021-03-16T15:13:55+00:00,2048,1024,equirectangular
524325486,04,vimeo,cc-by-nc-nd,https://vimeo.com/524325486,2021-03-16T15:13:55+00:00,2048,1024,equirectangular
524325486,02,vimeo,cc-by-nc-nd,https://vimeo.com/524325486,2021-03-16T15:13:55+00:00,2048,1024,equirectangular
212268534,03,vimeo,cc-by-nc-nd,https://vimeo.com/212268534,2017-04-07T15:04:06+00:00,1920,960,equirectangular
212268534,10,vimeo,cc-by-nc-nd,https://vimeo.com/212268534,2017-04-07T15:04:06+00:00,1920,960,equirectangular
212268534,00,vimeo,cc-by-nc-nd,https://vimeo.com/212268534,2017-04-07T15:04:06+00:00,1920,960,equirectangular
212268534,09,vimeo,cc-by-nc-nd,https://vimeo.com/212268534,2017-04-07T15:04:06+00:00,1920,960,equirectangular
212268534,07,vimeo,cc-by-nc-nd,https://vimeo.com/212268534,2017-04-07T15:04:06+00:00,1920,960,equirectangular
212268534,11,vimeo,cc-by-nc-nd,https://vimeo.com/212268534,2017-04-07T15:04:06+00:00,1920,960,equirectangular
212268534,05,vimeo,cc-by-nc-nd,https://vimeo.com/212268534,2017-04-07T15:04:06+00:00,1920,960,equirectangular
212268534,01,vimeo,cc-by-nc-nd,https://vimeo.com/212268534,2017-04-07T15:04:06+00:00,1920,960,equirectangular
212268534,06,vimeo,cc-by-nc-nd,https://vimeo.com/212268534,2017-04-07T15:04:06+00:00,1920,960,equirectangular
212268534,04,vimeo,cc-by-nc-nd,https://vimeo.com/212268534,2017-04-07T15:04:06+00:00,1920,960,equirectangular
212268534,08,vimeo,cc-by-nc-nd,https://vimeo.com/212268534,2017-04-07T15:04:06+00:00,1920,960,equirectangular
212268534,02,vimeo,cc-by-nc-nd,https://vimeo.com/212268534,2017-04-07T15:04:06+00:00,1920,960,equirectangular
388724969,00,vimeo,cc-by-nc-nd,https://vimeo.com/388724969,2020-02-01T19:51:26+00:00,2048,1024,equirectangular
530783610,09,vimeo,cc-by-nc-nd,https://vimeo.com/530783610,2021-03-30T13:15:09+00:00,2048,1024,equirectangular
530783610,07,vimeo,cc-by-nc-nd,https://vimeo.com/530783610,2021-03-30T13:15:09+00:00,2048,1024,equirectangular
530783610,11,vimeo,cc-by-nc-nd,https://vimeo.com/530783610,2021-03-30T13:15:09+00:00,2048,1024,equirectangular
530783610,05,vimeo,cc-by-nc-nd,https://vimeo.com/530783610,2021-03-30T13:15:09+00:00,2048,1024,equirectangular
530783610,12,vimeo,cc-by-nc-nd,https://vimeo.com/530783610,2021-03-30T13:15:09+00:00,2048,1024,equirectangular
530783610,04,vimeo,cc-by-nc-nd,https://vimeo.com/530783610,2021-03-30T13:15:09+00:00,2048,1024,equirectangular
530783610,08,vimeo,cc-by-nc-nd,https://vimeo.com/530783610,2021-03-30T13:15:09+00:00,2048,1024,equirectangular
530950069,03,vimeo,cc-cc0,https://vimeo.com/530950069,2021-03-30T19:46:27+00:00,2048,1024,equirectangular
530950069,10,vimeo,cc-cc0,https://vimeo.com/530950069,2021-03-30T19:46:27+00:00,2048,1024,equirectangular
530950069,13,vimeo,cc-cc0,https://vimeo.com/530950069,2021-03-30T19:46:27+00:00,2048,1024,equirectangular
530950069,00,vimeo,cc-cc0,https://vimeo.com/530950069,2021-03-30T19:46:27+00:00,2048,1024,equirectangular
530950069,09,vimeo,cc-cc0,https://vimeo.com/530950069,2021-03-30T19:46:27+00:00,2048,1024,equirectangular
530950069,05,vimeo,cc-cc0,https://vimeo.com/530950069,2021-03-30T19:46:27+00:00,2048,1024,equirectangular
530950069,06,vimeo,cc-cc0,https://vimeo.com/530950069,2021-03-30T19:46:27+00:00,2048,1024,equirectangular
530950069,04,vimeo,cc-cc0,https://vimeo.com/530950069,2021-03-30T19:46:27+00:00,2048,1024,equirectangular
530950069,08,vimeo,cc-cc0,https://vimeo.com/530950069,2021-03-30T19:46:27+00:00,2048,1024,equirectangular
530950069,02,vimeo,cc-cc0,https://vimeo.com/530950069,2021-03-30T19:46:27+00:00,2048,1024,equirectangular
703712821,00,vimeo,cc-by-nd,https://vimeo.com/703712821,2022-04-27T13:10:34+00:00,2048,1024,equirectangular
223224189,00,vimeo,cc-by,https://vimeo.com/223224189,2017-06-27T00:49:06+00:00,2048,1024,equirectangular
294156075,00,vimeo,cc-by-nc,https://vimeo.com/294156075,2018-10-09T14:10:04+00:00,2048,1024,equirectangular
294156075,01,vimeo,cc-by-nc,https://vimeo.com/294156075,2018-10-09T14:10:04+00:00,2048,1024,equirectangular
294156075,02,vimeo,cc-by-nc,https://vimeo.com/294156075,2018-10-09T14:10:04+00:00,2048,1024,equirectangular
261879345,00,vimeo,cc-by,https://vimeo.com/261879345,2018-03-26T17:31:42+00:00,1920,540,equirectangular
246490667,00,vimeo,cc-by,https://vimeo.com/246490667,2017-12-08T18:52:42+00:00,2048,1024,equirectangular
268779603,03,vimeo,cc-by-nc-nd,https://vimeo.com/268779603,2018-05-09T12:48:00+00:00,2048,1024,equirectangular
268779603,01,vimeo,cc-by-nc-nd,https://vimeo.com/268779603,2018-05-09T12:48:00+00:00,2048,1024,equirectangular
268779603,04,vimeo,cc-by-nc-nd,https://vimeo.com/268779603,2018-05-09T12:48:00+00:00,2048,1024,equirectangular
268779603,02,vimeo,cc-by-nc-nd,https://vimeo.com/268779603,2018-05-09T12:48:00+00:00,2048,1024,equirectangular
253466546,00,vimeo,cc-by-nc-nd,https://vimeo.com/253466546,2018-01-30T17:22:57+00:00,2048,1024,equirectangular
250010484,03,vimeo,cc-by-sa,https://vimeo.com/250010484,2018-01-07T16:24:13+00:00,2048,1024,equirectangular
250010484,00,vimeo,cc-by-sa,https://vimeo.com/250010484,2018-01-07T16:24:13+00:00,2048,1024,equirectangular
250010484,01,vimeo,cc-by-sa,https://vimeo.com/250010484,2018-01-07T16:24:13+00:00,2048,1024,equirectangular
250010484,04,vimeo,cc-by-sa,https://vimeo.com/250010484,2018-01-07T16:24:13+00:00,2048,1024,equirectangular
250010484,02,vimeo,cc-by-sa,https://vimeo.com/250010484,2018-01-07T16:24:13+00:00,2048,1024,equirectangular
230120439,00,vimeo,cc-by-sa,https://vimeo.com/230120439,2017-08-18T08:13:53+00:00,1920,1080,equirectangular
465669406,03,vimeo,cc-by-sa,https://vimeo.com/465669406,2020-10-07T07:05:42+00:00,2048,1024,equirectangular
465669406,00,vimeo,cc-by-sa,https://vimeo.com/465669406,2020-10-07T07:05:42+00:00,2048,1024,equirectangular
465669406,05,vimeo,cc-by-sa,https://vimeo.com/465669406,2020-10-07T07:05:42+00:00,2048,1024,equirectangular
465669406,01,vimeo,cc-by-sa,https://vimeo.com/465669406,2020-10-07T07:05:42+00:00,2048,1024,equirectangular
465669406,06,vimeo,cc-by-sa,https://vimeo.com/465669406,2020-10-07T07:05:42+00:00,2048,1024,equirectangular
465669406,04,vimeo,cc-by-sa,https://vimeo.com/465669406,2020-10-07T07:05:42+00:00,2048,1024,equirectangular
465669406,02,vimeo,cc-by-sa,https://vimeo.com/465669406,2020-10-07T07:05:42+00:00,2048,1024,equirectangular
644134153,00,vimeo,cc-by,https://vimeo.com/644134153,2021-11-09T22:52:43+00:00,2048,1024,equirectangular
312131688,00,vimeo,cc-by-nc-nd,https://vimeo.com/312131688,2019-01-18T16:17:18+00:00,2048,1024,equirectangular
312131688,01,vimeo,cc-by-nc-nd,https://vimeo.com/312131688,2019-01-18T16:17:18+00:00,2048,1024,equirectangular
312131688,02,vimeo,cc-by-nc-nd,https://vimeo.com/312131688,2019-01-18T16:17:18+00:00,2048,1024,equirectangular
284221802,03,vimeo,cc-by-nc-sa,https://vimeo.com/284221802,2018-08-09T19:23:10+00:00,1920,540,equirectangular
284221802,00,vimeo,cc-by-nc-sa,https://vimeo.com/284221802,2018-08-09T19:23:10+00:00,1920,540,equirectangular
284221802,01,vimeo,cc-by-nc-sa,https://vimeo.com/284221802,2018-08-09T19:23:10+00:00,1920,540,equirectangular
284221802,02,vimeo,cc-by-nc-sa,https://vimeo.com/284221802,2018-08-09T19:23:10+00:00,1920,540,equirectangular
208066986,03,vimeo,cc-by-nc-nd,https://vimeo.com/208066986,2017-03-13T01:32:44+00:00,1920,960,equirectangular
208066986,00,vimeo,cc-by-nc-nd,https://vimeo.com/208066986,2017-03-13T01:32:44+00:00,1920,960,equirectangular
208066986,07,vimeo,cc-by-nc-nd,https://vimeo.com/208066986,2017-03-13T01:32:44+00:00,1920,960,equirectangular
208066986,05,vimeo,cc-by-nc-nd,https://vimeo.com/208066986,2017-03-13T01:32:44+00:00,1920,960,equirectangular
208066986,01,vimeo,cc-by-nc-nd,https://vimeo.com/208066986,2017-03-13T01:32:44+00:00,1920,960,equirectangular
208066986,06,vimeo,cc-by-nc-nd,https://vimeo.com/208066986,2017-03-13T01:32:44+00:00,1920,960,equirectangular
208066986,04,vimeo,cc-by-nc-nd,https://vimeo.com/208066986,2017-03-13T01:32:44+00:00,1920,960,equirectangular
208066986,02,vimeo,cc-by-nc-nd,https://vimeo.com/208066986,2017-03-13T01:32:44+00:00,1920,960,equirectangular
741965980,00,vimeo,cc-by-nd,https://vimeo.com/741965980,2022-08-22T17:25:58+00:00,2048,1024,equirectangular
227314768,03,vimeo,cc-by-nc-nd,https://vimeo.com/227314768,2017-07-27T20:00:08+00:00,2048,1024,equirectangular
227314768,00,vimeo,cc-by-nc-nd,https://vimeo.com/227314768,2017-07-27T20:00:08+00:00,2048,1024,equirectangular
227314768,01,vimeo,cc-by-nc-nd,https://vimeo.com/227314768,2017-07-27T20:00:08+00:00,2048,1024,equirectangular
227314768,02,vimeo,cc-by-nc-nd,https://vimeo.com/227314768,2017-07-27T20:00:08+00:00,2048,1024,equirectangular
742300393,00,vimeo,cc-by-nd,https://vimeo.com/742300393,2022-08-23T14:54:59+00:00,2048,1024,equirectangular
742300393,01,vimeo,cc-by-nd,https://vimeo.com/742300393,2022-08-23T14:54:59+00:00,2048,1024,equirectangular
291492518,00,vimeo,cc-by-sa,https://vimeo.com/291492518,2018-09-24T13:17:53+00:00,2048,1024,equirectangular
291492518,01,vimeo,cc-by-sa,https://vimeo.com/291492518,2018-09-24T13:17:53+00:00,2048,1024,equirectangular
742474534,00,vimeo,cc-by-nd,https://vimeo.com/742474534,2022-08-24T00:58:22+00:00,640,320,equirectangular
742474534,01,vimeo,cc-by-nd,https://vimeo.com/742474534,2022-08-24T00:58:22+00:00,640,320,equirectangular
286797190,00,vimeo,cc-by,https://vimeo.com/286797190,2018-08-26T22:00:14+00:00,2048,1024,equirectangular
742345565,00,vimeo,cc-by-nd,https://vimeo.com/742345565,2022-08-23T16:54:11+00:00,2048,1024,equirectangular
746842794,00,vimeo,cc-by-nc,https://vimeo.com/746842794,2022-09-06T11:12:23+00:00,2048,1024,equirectangular
426133049,00,vimeo,cc-by,https://vimeo.com/426133049,2020-06-05T05:42:36+00:00,1920,960,equirectangular
336129235,22,vimeo,cc-by-nc,https://vimeo.com/336129235,2019-05-14T15:27:21+00:00,2048,1024,equirectangular
336129235,03,vimeo,cc-by-nc,https://vimeo.com/336129235,2019-05-14T15:27:21+00:00,2048,1024,equirectangular
336129235,24,vimeo,cc-by-nc,https://vimeo.com/336129235,2019-05-14T15:27:21+00:00,2048,1024,equirectangular
336129235,26,vimeo,cc-by-nc,https://vimeo.com/336129235,2019-05-14T15:27:21+00:00,2048,1024,equirectangular
336129235,07,vimeo,cc-by-nc,https://vimeo.com/336129235,2019-05-14T15:27:21+00:00,2048,1024,equirectangular
336129235,05,vimeo,cc-by-nc,https://vimeo.com/336129235,2019-05-14T15:27:21+00:00,2048,1024,equirectangular
336129235,20,vimeo,cc-by-nc,https://vimeo.com/336129235,2019-05-14T15:27:21+00:00,2048,1024,equirectangular
336129235,12,vimeo,cc-by-nc,https://vimeo.com/336129235,2019-05-14T15:27:21+00:00,2048,1024,equirectangular
336129235,14,vimeo,cc-by-nc,https://vimeo.com/336129235,2019-05-14T15:27:21+00:00,2048,1024,equirectangular
336129235,01,vimeo,cc-by-nc,https://vimeo.com/336129235,2019-05-14T15:27:21+00:00,2048,1024,equirectangular
214961854,15,vimeo,cc-by-nc-nd,https://vimeo.com/214961854,2017-04-27T04:29:26+00:00,2048,1024,equirectangular
214961854,03,vimeo,cc-by-nc-nd,https://vimeo.com/214961854,2017-04-27T04:29:26+00:00,2048,1024,equirectangular
214961854,10,vimeo,cc-by-nc-nd,https://vimeo.com/214961854,2017-04-27T04:29:26+00:00,2048,1024,equirectangular
214961854,13,vimeo,cc-by-nc-nd,https://vimeo.com/214961854,2017-04-27T04:29:26+00:00,2048,1024,equirectangular
214961854,17,vimeo,cc-by-nc-nd,https://vimeo.com/214961854,2017-04-27T04:29:26+00:00,2048,1024,equirectangular
214961854,16,vimeo,cc-by-nc-nd,https://vimeo.com/214961854,2017-04-27T04:29:26+00:00,2048,1024,equirectangular
214961854,18,vimeo,cc-by-nc-nd,https://vimeo.com/214961854,2017-04-27T04:29:26+00:00,2048,1024,equirectangular
214961854,09,vimeo,cc-by-nc-nd,https://vimeo.com/214961854,2017-04-27T04:29:26+00:00,2048,1024,equirectangular
214961854,07,vimeo,cc-by-nc-nd,https://vimeo.com/214961854,2017-04-27T04:29:26+00:00,2048,1024,equirectangular
214961854,11,vimeo,cc-by-nc-nd,https://vimeo.com/214961854,2017-04-27T04:29:26+00:00,2048,1024,equirectangular
214961854,05,vimeo,cc-by-nc-nd,https://vimeo.com/214961854,2017-04-27T04:29:26+00:00,2048,1024,equirectangular
214961854,12,vimeo,cc-by-nc-nd,https://vimeo.com/214961854,2017-04-27T04:29:26+00:00,2048,1024,equirectangular
214961854,14,vimeo,cc-by-nc-nd,https://vimeo.com/214961854,2017-04-27T04:29:26+00:00,2048,1024,equirectangular
214961854,01,vimeo,cc-by-nc-nd,https://vimeo.com/214961854,2017-04-27T04:29:26+00:00,2048,1024,equirectangular
214961854,06,vimeo,cc-by-nc-nd,https://vimeo.com/214961854,2017-04-27T04:29:26+00:00,2048,1024,equirectangular
214961854,04,vimeo,cc-by-nc-nd,https://vimeo.com/214961854,2017-04-27T04:29:26+00:00,2048,1024,equirectangular
214961854,19,vimeo,cc-by-nc-nd,https://vimeo.com/214961854,2017-04-27T04:29:26+00:00,2048,1024,equirectangular
214961854,08,vimeo,cc-by-nc-nd,https://vimeo.com/214961854,2017-04-27T04:29:26+00:00,2048,1024,equirectangular
214961854,02,vimeo,cc-by-nc-nd,https://vimeo.com/214961854,2017-04-27T04:29:26+00:00,2048,1024,equirectangular
207913938,03,vimeo,cc-by-nc-nd,https://vimeo.com/207913938,2017-03-11T11:15:03+00:00,1920,960,equirectangular
207913938,05,vimeo,cc-by-nc-nd,https://vimeo.com/207913938,2017-03-11T11:15:03+00:00,1920,960,equirectangular
207913938,01,vimeo,cc-by-nc-nd,https://vimeo.com/207913938,2017-03-11T11:15:03+00:00,1920,960,equirectangular
207913938,06,vimeo,cc-by-nc-nd,https://vimeo.com/207913938,2017-03-11T11:15:03+00:00,1920,960,equirectangular
207913938,04,vimeo,cc-by-nc-nd,https://vimeo.com/207913938,2017-03-11T11:15:03+00:00,1920,960,equirectangular
207913938,02,vimeo,cc-by-nc-nd,https://vimeo.com/207913938,2017-03-11T11:15:03+00:00,1920,960,equirectangular
374975887,00,vimeo,cc-by-nd,https://vimeo.com/374975887,2019-11-22T18:41:12+00:00,1920,540,equirectangular
276158319,00,vimeo,cc-by,https://vimeo.com/276158319,2018-06-21T03:08:08+00:00,1920,960,equirectangular
285376071,03,vimeo,cc-by-nc-nd,https://vimeo.com/285376071,2018-08-16T22:40:11+00:00,2048,1024,equirectangular
285376071,00,vimeo,cc-by-nc-nd,https://vimeo.com/285376071,2018-08-16T22:40:11+00:00,2048,1024,equirectangular
285376071,05,vimeo,cc-by-nc-nd,https://vimeo.com/285376071,2018-08-16T22:40:11+00:00,2048,1024,equirectangular
285376071,01,vimeo,cc-by-nc-nd,https://vimeo.com/285376071,2018-08-16T22:40:11+00:00,2048,1024,equirectangular
285376071,04,vimeo,cc-by-nc-nd,https://vimeo.com/285376071,2018-08-16T22:40:11+00:00,2048,1024,equirectangular
285376071,02,vimeo,cc-by-nc-nd,https://vimeo.com/285376071,2018-08-16T22:40:11+00:00,2048,1024,equirectangular
386635799,03,vimeo,cc-by-nc-nd,https://vimeo.com/386635799,2020-01-23T03:14:37+00:00,2048,1024,equirectangular
386635799,10,vimeo,cc-by-nc-nd,https://vimeo.com/386635799,2020-01-23T03:14:37+00:00,2048,1024,equirectangular
386635799,09,vimeo,cc-by-nc-nd,https://vimeo.com/386635799,2020-01-23T03:14:37+00:00,2048,1024,equirectangular
386635799,07,vimeo,cc-by-nc-nd,https://vimeo.com/386635799,2020-01-23T03:14:37+00:00,2048,1024,equirectangular
386635799,05,vimeo,cc-by-nc-nd,https://vimeo.com/386635799,2020-01-23T03:14:37+00:00,2048,1024,equirectangular
386635799,06,vimeo,cc-by-nc-nd,https://vimeo.com/386635799,2020-01-23T03:14:37+00:00,2048,1024,equirectangular
386635799,04,vimeo,cc-by-nc-nd,https://vimeo.com/386635799,2020-01-23T03:14:37+00:00,2048,1024,equirectangular
386635799,08,vimeo,cc-by-nc-nd,https://vimeo.com/386635799,2020-01-23T03:14:37+00:00,2048,1024,equirectangular
386635799,02,vimeo,cc-by-nc-nd,https://vimeo.com/386635799,2020-01-23T03:14:37+00:00,2048,1024,equirectangular
486667420,03,vimeo,cc-by,https://vimeo.com/486667420,2020-12-03T03:58:02+00:00,2048,1024,equirectangular
486667420,00,vimeo,cc-by,https://vimeo.com/486667420,2020-12-03T03:58:02+00:00,2048,1024,equirectangular
486667420,01,vimeo,cc-by,https://vimeo.com/486667420,2020-12-03T03:58:02+00:00,2048,1024,equirectangular
486667420,04,vimeo,cc-by,https://vimeo.com/486667420,2020-12-03T03:58:02+00:00,2048,1024,equirectangular
486667420,02,vimeo,cc-by,https://vimeo.com/486667420,2020-12-03T03:58:02+00:00,2048,1024,equirectangular
389194760,00,vimeo,cc-by-nc-nd,https://vimeo.com/389194760,2020-02-04T09:04:29+00:00,2048,1024,equirectangular
389194760,01,vimeo,cc-by-nc-nd,https://vimeo.com/389194760,2020-02-04T09:04:29+00:00,2048,1024,equirectangular
389194760,02,vimeo,cc-by-nc-nd,https://vimeo.com/389194760,2020-02-04T09:04:29+00:00,2048,1024,equirectangular
207688564,03,vimeo,cc-by-nc-nd,https://vimeo.com/207688564,2017-03-09T20:03:18+00:00,1920,960,equirectangular
207688564,00,vimeo,cc-by-nc-nd,https://vimeo.com/207688564,2017-03-09T20:03:18+00:00,1920,960,equirectangular
207688564,09,vimeo,cc-by-nc-nd,https://vimeo.com/207688564,2017-03-09T20:03:18+00:00,1920,960,equirectangular
207688564,07,vimeo,cc-by-nc-nd,https://vimeo.com/207688564,2017-03-09T20:03:18+00:00,1920,960,equirectangular
207688564,05,vimeo,cc-by-nc-nd,https://vimeo.com/207688564,2017-03-09T20:03:18+00:00,1920,960,equirectangular
207688564,01,vimeo,cc-by-nc-nd,https://vimeo.com/207688564,2017-03-09T20:03:18+00:00,1920,960,equirectangular
207688564,06,vimeo,cc-by-nc-nd,https://vimeo.com/207688564,2017-03-09T20:03:18+00:00,1920,960,equirectangular
207688564,04,vimeo,cc-by-nc-nd,https://vimeo.com/207688564,2017-03-09T20:03:18+00:00,1920,960,equirectangular
207688564,08,vimeo,cc-by-nc-nd,https://vimeo.com/207688564,2017-03-09T20:03:18+00:00,1920,960,equirectangular
207688564,02,vimeo,cc-by-nc-nd,https://vimeo.com/207688564,2017-03-09T20:03:18+00:00,1920,960,equirectangular
270937107,00,vimeo,cc-by-nc-nd,https://vimeo.com/270937107,2018-05-20T08:33:03+00:00,2048,1024,equirectangular
270877381,00,vimeo,cc-by-nc-nd,https://vimeo.com/270877381,2018-05-19T15:46:10+00:00,2048,1024,equirectangular
270416739,00,vimeo,cc-by-nc-nd,https://vimeo.com/270416739,2018-05-17T16:06:10+00:00,2048,1024,equirectangular
491705478,00,vimeo,cc-by-nc-nd,https://vimeo.com/491705478,2020-12-16T16:53:37+00:00,2048,1024,equirectangular
270860364,00,vimeo,cc-by-nc-nd,https://vimeo.com/270860364,2018-05-19T11:45:25+00:00,2048,1024,equirectangular
270855892,00,vimeo,cc-by-nc-nd,https://vimeo.com/270855892,2018-05-19T10:43:28+00:00,2048,1024,equirectangular
270692961,00,vimeo,cc-by-nc-nd,https://vimeo.com/270692961,2018-05-18T15:02:25+00:00,2048,1024,equirectangular
270935090,00,vimeo,cc-by-nc-nd,https://vimeo.com/270935090,2018-05-20T07:51:42+00:00,2048,1024,equirectangular
270861660,00,vimeo,cc-by-nc-nd,https://vimeo.com/270861660,2018-05-19T12:05:47+00:00,2048,1024,equirectangular
705697831,00,vimeo,cc-by-nd,https://vimeo.com/705697831,2022-05-03T11:00:29+00:00,2048,1024,equirectangular
334940095,03,vimeo,cc-by-nc,https://vimeo.com/334940095,2019-05-08T16:32:12+00:00,1080,540,equirectangular
334940095,00,vimeo,cc-by-nc,https://vimeo.com/334940095,2019-05-08T16:32:12+00:00,1080,540,equirectangular
334940095,07,vimeo,cc-by-nc,https://vimeo.com/334940095,2019-05-08T16:32:12+00:00,1080,540,equirectangular
334940095,05,vimeo,cc-by-nc,https://vimeo.com/334940095,2019-05-08T16:32:12+00:00,1080,540,equirectangular
334940095,01,vimeo,cc-by-nc,https://vimeo.com/334940095,2019-05-08T16:32:12+00:00,1080,540,equirectangular
334940095,06,vimeo,cc-by-nc,https://vimeo.com/334940095,2019-05-08T16:32:12+00:00,1080,540,equirectangular
334940095,04,vimeo,cc-by-nc,https://vimeo.com/334940095,2019-05-08T16:32:12+00:00,1080,540,equirectangular
334940095,08,vimeo,cc-by-nc,https://vimeo.com/334940095,2019-05-08T16:32:12+00:00,1080,540,equirectangular
334940095,02,vimeo,cc-by-nc,https://vimeo.com/334940095,2019-05-08T16:32:12+00:00,1080,540,equirectangular
207435573,03,vimeo,cc-by-nc-nd,https://vimeo.com/207435573,2017-03-08T10:28:04+00:00,1920,960,equirectangular
207435573,00,vimeo,cc-by-nc-nd,https://vimeo.com/207435573,2017-03-08T10:28:04+00:00,1920,960,equirectangular
207435573,07,vimeo,cc-by-nc-nd,https://vimeo.com/207435573,2017-03-08T10:28:04+00:00,1920,960,equirectangular
207435573,01,vimeo,cc-by-nc-nd,https://vimeo.com/207435573,2017-03-08T10:28:04+00:00,1920,960,equirectangular
207435573,06,vimeo,cc-by-nc-nd,https://vimeo.com/207435573,2017-03-08T10:28:04+00:00,1920,960,equirectangular
207435573,04,vimeo,cc-by-nc-nd,https://vimeo.com/207435573,2017-03-08T10:28:04+00:00,1920,960,equirectangular
207435573,02,vimeo,cc-by-nc-nd,https://vimeo.com/207435573,2017-03-08T10:28:04+00:00,1920,960,equirectangular
259586207,15,vimeo,cc-by-nc,https://vimeo.com/259586207,2018-03-11T20:23:27+00:00,2048,1024,equirectangular
259586207,03,vimeo,cc-by-nc,https://vimeo.com/259586207,2018-03-11T20:23:27+00:00,2048,1024,equirectangular
259586207,10,vimeo,cc-by-nc,https://vimeo.com/259586207,2018-03-11T20:23:27+00:00,2048,1024,equirectangular
259586207,13,vimeo,cc-by-nc,https://vimeo.com/259586207,2018-03-11T20:23:27+00:00,2048,1024,equirectangular
259586207,16,vimeo,cc-by-nc,https://vimeo.com/259586207,2018-03-11T20:23:27+00:00,2048,1024,equirectangular
259586207,00,vimeo,cc-by-nc,https://vimeo.com/259586207,2018-03-11T20:23:27+00:00,2048,1024,equirectangular
259586207,09,vimeo,cc-by-nc,https://vimeo.com/259586207,2018-03-11T20:23:27+00:00,2048,1024,equirectangular
259586207,07,vimeo,cc-by-nc,https://vimeo.com/259586207,2018-03-11T20:23:27+00:00,2048,1024,equirectangular
259586207,11,vimeo,cc-by-nc,https://vimeo.com/259586207,2018-03-11T20:23:27+00:00,2048,1024,equirectangular
259586207,12,vimeo,cc-by-nc,https://vimeo.com/259586207,2018-03-11T20:23:27+00:00,2048,1024,equirectangular
259586207,14,vimeo,cc-by-nc,https://vimeo.com/259586207,2018-03-11T20:23:27+00:00,2048,1024,equirectangular
259586207,01,vimeo,cc-by-nc,https://vimeo.com/259586207,2018-03-11T20:23:27+00:00,2048,1024,equirectangular
259586207,06,vimeo,cc-by-nc,https://vimeo.com/259586207,2018-03-11T20:23:27+00:00,2048,1024,equirectangular
259586207,04,vimeo,cc-by-nc,https://vimeo.com/259586207,2018-03-11T20:23:27+00:00,2048,1024,equirectangular
259586207,08,vimeo,cc-by-nc,https://vimeo.com/259586207,2018-03-11T20:23:27+00:00,2048,1024,equirectangular
259586207,02,vimeo,cc-by-nc,https://vimeo.com/259586207,2018-03-11T20:23:27+00:00,2048,1024,equirectangular
268196045,00,vimeo,cc-by-nc-nd,https://vimeo.com/268196045,2018-05-05T19:47:29+00:00,2048,1024,equirectangular
268196045,01,vimeo,cc-by-nc-nd,https://vimeo.com/268196045,2018-05-05T19:47:29+00:00,2048,1024,equirectangular
268196045,02,vimeo,cc-by-nc-nd,https://vimeo.com/268196045,2018-05-05T19:47:29+00:00,2048,1024,equirectangular
441929922,15,vimeo,cc-by,https://vimeo.com/441929922,2020-07-27T05:30:58+00:00,2048,1024,equirectangular
441929922,22,vimeo,cc-by,https://vimeo.com/441929922,2020-07-27T05:30:58+00:00,2048,1024,equirectangular
441929922,03,vimeo,cc-by,https://vimeo.com/441929922,2020-07-27T05:30:58+00:00,2048,1024,equirectangular
441929922,23,vimeo,cc-by,https://vimeo.com/441929922,2020-07-27T05:30:58+00:00,2048,1024,equirectangular
441929922,10,vimeo,cc-by,https://vimeo.com/441929922,2020-07-27T05:30:58+00:00,2048,1024,equirectangular
441929922,13,vimeo,cc-by,https://vimeo.com/441929922,2020-07-27T05:30:58+00:00,2048,1024,equirectangular
441929922,17,vimeo,cc-by,https://vimeo.com/441929922,2020-07-27T05:30:58+00:00,2048,1024,equirectangular
441929922,16,vimeo,cc-by,https://vimeo.com/441929922,2020-07-27T05:30:58+00:00,2048,1024,equirectangular
441929922,00,vimeo,cc-by,https://vimeo.com/441929922,2020-07-27T05:30:58+00:00,2048,1024,equirectangular
441929922,25,vimeo,cc-by,https://vimeo.com/441929922,2020-07-27T05:30:58+00:00,2048,1024,equirectangular
441929922,18,vimeo,cc-by,https://vimeo.com/441929922,2020-07-27T05:30:58+00:00,2048,1024,equirectangular
441929922,24,vimeo,cc-by,https://vimeo.com/441929922,2020-07-27T05:30:58+00:00,2048,1024,equirectangular
441929922,09,vimeo,cc-by,https://vimeo.com/441929922,2020-07-27T05:30:58+00:00,2048,1024,equirectangular
441929922,26,vimeo,cc-by,https://vimeo.com/441929922,2020-07-27T05:30:58+00:00,2048,1024,equirectangular
441929922,07,vimeo,cc-by,https://vimeo.com/441929922,2020-07-27T05:30:58+00:00,2048,1024,equirectangular
441929922,28,vimeo,cc-by,https://vimeo.com/441929922,2020-07-27T05:30:58+00:00,2048,1024,equirectangular
441929922,11,vimeo,cc-by,https://vimeo.com/441929922,2020-07-27T05:30:58+00:00,2048,1024,equirectangular
441929922,05,vimeo,cc-by,https://vimeo.com/441929922,2020-07-27T05:30:58+00:00,2048,1024,equirectangular
441929922,20,vimeo,cc-by,https://vimeo.com/441929922,2020-07-27T05:30:58+00:00,2048,1024,equirectangular
441929922,12,vimeo,cc-by,https://vimeo.com/441929922,2020-07-27T05:30:58+00:00,2048,1024,equirectangular
441929922,14,vimeo,cc-by,https://vimeo.com/441929922,2020-07-27T05:30:58+00:00,2048,1024,equirectangular
441929922,01,vimeo,cc-by,https://vimeo.com/441929922,2020-07-27T05:30:58+00:00,2048,1024,equirectangular
441929922,06,vimeo,cc-by,https://vimeo.com/441929922,2020-07-27T05:30:58+00:00,2048,1024,equirectangular
441929922,04,vimeo,cc-by,https://vimeo.com/441929922,2020-07-27T05:30:58+00:00,2048,1024,equirectangular
441929922,19,vimeo,cc-by,https://vimeo.com/441929922,2020-07-27T05:30:58+00:00,2048,1024,equirectangular
441929922,27,vimeo,cc-by,https://vimeo.com/441929922,2020-07-27T05:30:58+00:00,2048,1024,equirectangular
441929922,08,vimeo,cc-by,https://vimeo.com/441929922,2020-07-27T05:30:58+00:00,2048,1024,equirectangular
441929922,02,vimeo,cc-by,https://vimeo.com/441929922,2020-07-27T05:30:58+00:00,2048,1024,equirectangular
441929922,21,vimeo,cc-by,https://vimeo.com/441929922,2020-07-27T05:30:58+00:00,2048,1024,equirectangular
240673064,03,vimeo,cc-by-nc-nd,https://vimeo.com/240673064,2017-10-31T14:46:53+00:00,2048,1024,equirectangular
240673064,10,vimeo,cc-by-nc-nd,https://vimeo.com/240673064,2017-10-31T14:46:53+00:00,2048,1024,equirectangular
240673064,00,vimeo,cc-by-nc-nd,https://vimeo.com/240673064,2017-10-31T14:46:53+00:00,2048,1024,equirectangular
240673064,09,vimeo,cc-by-nc-nd,https://vimeo.com/240673064,2017-10-31T14:46:53+00:00,2048,1024,equirectangular
240673064,07,vimeo,cc-by-nc-nd,https://vimeo.com/240673064,2017-10-31T14:46:53+00:00,2048,1024,equirectangular
240673064,11,vimeo,cc-by-nc-nd,https://vimeo.com/240673064,2017-10-31T14:46:53+00:00,2048,1024,equirectangular
240673064,05,vimeo,cc-by-nc-nd,https://vimeo.com/240673064,2017-10-31T14:46:53+00:00,2048,1024,equirectangular
240673064,01,vimeo,cc-by-nc-nd,https://vimeo.com/240673064,2017-10-31T14:46:53+00:00,2048,1024,equirectangular
240673064,06,vimeo,cc-by-nc-nd,https://vimeo.com/240673064,2017-10-31T14:46:53+00:00,2048,1024,equirectangular
240673064,04,vimeo,cc-by-nc-nd,https://vimeo.com/240673064,2017-10-31T14:46:53+00:00,2048,1024,equirectangular
240673064,08,vimeo,cc-by-nc-nd,https://vimeo.com/240673064,2017-10-31T14:46:53+00:00,2048,1024,equirectangular
240673064,02,vimeo,cc-by-nc-nd,https://vimeo.com/240673064,2017-10-31T14:46:53+00:00,2048,1024,equirectangular
216861121,15,vimeo,cc-by-nc-nd,https://vimeo.com/216861121,2017-05-10T15:31:03+00:00,1920,960,equirectangular
216861121,03,vimeo,cc-by-nc-nd,https://vimeo.com/216861121,2017-05-10T15:31:03+00:00,1920,960,equirectangular
216861121,10,vimeo,cc-by-nc-nd,https://vimeo.com/216861121,2017-05-10T15:31:03+00:00,1920,960,equirectangular
216861121,13,vimeo,cc-by-nc-nd,https://vimeo.com/216861121,2017-05-10T15:31:03+00:00,1920,960,equirectangular
216861121,17,vimeo,cc-by-nc-nd,https://vimeo.com/216861121,2017-05-10T15:31:03+00:00,1920,960,equirectangular
216861121,16,vimeo,cc-by-nc-nd,https://vimeo.com/216861121,2017-05-10T15:31:03+00:00,1920,960,equirectangular
216861121,00,vimeo,cc-by-nc-nd,https://vimeo.com/216861121,2017-05-10T15:31:03+00:00,1920,960,equirectangular
216861121,09,vimeo,cc-by-nc-nd,https://vimeo.com/216861121,2017-05-10T15:31:03+00:00,1920,960,equirectangular
216861121,07,vimeo,cc-by-nc-nd,https://vimeo.com/216861121,2017-05-10T15:31:03+00:00,1920,960,equirectangular
216861121,11,vimeo,cc-by-nc-nd,https://vimeo.com/216861121,2017-05-10T15:31:03+00:00,1920,960,equirectangular
216861121,05,vimeo,cc-by-nc-nd,https://vimeo.com/216861121,2017-05-10T15:31:03+00:00,1920,960,equirectangular
216861121,12,vimeo,cc-by-nc-nd,https://vimeo.com/216861121,2017-05-10T15:31:03+00:00,1920,960,equirectangular
216861121,14,vimeo,cc-by-nc-nd,https://vimeo.com/216861121,2017-05-10T15:31:03+00:00,1920,960,equirectangular
216861121,01,vimeo,cc-by-nc-nd,https://vimeo.com/216861121,2017-05-10T15:31:03+00:00,1920,960,equirectangular
216861121,06,vimeo,cc-by-nc-nd,https://vimeo.com/216861121,2017-05-10T15:31:03+00:00,1920,960,equirectangular
216861121,04,vimeo,cc-by-nc-nd,https://vimeo.com/216861121,2017-05-10T15:31:03+00:00,1920,960,equirectangular
216861121,08,vimeo,cc-by-nc-nd,https://vimeo.com/216861121,2017-05-10T15:31:03+00:00,1920,960,equirectangular
216861121,02,vimeo,cc-by-nc-nd,https://vimeo.com/216861121,2017-05-10T15:31:03+00:00,1920,960,equirectangular
216697787,15,vimeo,cc-by-nc-nd,https://vimeo.com/216697787,2017-05-09T16:11:15+00:00,1920,960,equirectangular
216697787,22,vimeo,cc-by-nc-nd,https://vimeo.com/216697787,2017-05-09T16:11:15+00:00,1920,960,equirectangular
216697787,03,vimeo,cc-by-nc-nd,https://vimeo.com/216697787,2017-05-09T16:11:15+00:00,1920,960,equirectangular
216697787,10,vimeo,cc-by-nc-nd,https://vimeo.com/216697787,2017-05-09T16:11:15+00:00,1920,960,equirectangular
216697787,13,vimeo,cc-by-nc-nd,https://vimeo.com/216697787,2017-05-09T16:11:15+00:00,1920,960,equirectangular
216697787,17,vimeo,cc-by-nc-nd,https://vimeo.com/216697787,2017-05-09T16:11:15+00:00,1920,960,equirectangular
216697787,16,vimeo,cc-by-nc-nd,https://vimeo.com/216697787,2017-05-09T16:11:15+00:00,1920,960,equirectangular
216697787,00,vimeo,cc-by-nc-nd,https://vimeo.com/216697787,2017-05-09T16:11:15+00:00,1920,960,equirectangular
216697787,18,vimeo,cc-by-nc-nd,https://vimeo.com/216697787,2017-05-09T16:11:15+00:00,1920,960,equirectangular
216697787,09,vimeo,cc-by-nc-nd,https://vimeo.com/216697787,2017-05-09T16:11:15+00:00,1920,960,equirectangular
216697787,07,vimeo,cc-by-nc-nd,https://vimeo.com/216697787,2017-05-09T16:11:15+00:00,1920,960,equirectangular
216697787,11,vimeo,cc-by-nc-nd,https://vimeo.com/216697787,2017-05-09T16:11:15+00:00,1920,960,equirectangular
216697787,05,vimeo,cc-by-nc-nd,https://vimeo.com/216697787,2017-05-09T16:11:15+00:00,1920,960,equirectangular
216697787,20,vimeo,cc-by-nc-nd,https://vimeo.com/216697787,2017-05-09T16:11:15+00:00,1920,960,equirectangular
216697787,12,vimeo,cc-by-nc-nd,https://vimeo.com/216697787,2017-05-09T16:11:15+00:00,1920,960,equirectangular
216697787,14,vimeo,cc-by-nc-nd,https://vimeo.com/216697787,2017-05-09T16:11:15+00:00,1920,960,equirectangular
216697787,01,vimeo,cc-by-nc-nd,https://vimeo.com/216697787,2017-05-09T16:11:15+00:00,1920,960,equirectangular
216697787,06,vimeo,cc-by-nc-nd,https://vimeo.com/216697787,2017-05-09T16:11:15+00:00,1920,960,equirectangular
216697787,04,vimeo,cc-by-nc-nd,https://vimeo.com/216697787,2017-05-09T16:11:15+00:00,1920,960,equirectangular
216697787,19,vimeo,cc-by-nc-nd,https://vimeo.com/216697787,2017-05-09T16:11:15+00:00,1920,960,equirectangular
216697787,02,vimeo,cc-by-nc-nd,https://vimeo.com/216697787,2017-05-09T16:11:15+00:00,1920,960,equirectangular
216697787,21,vimeo,cc-by-nc-nd,https://vimeo.com/216697787,2017-05-09T16:11:15+00:00,1920,960,equirectangular
264503964,00,vimeo,cc-by-nc-nd,https://vimeo.com/264503964,2018-04-12T20:23:50+00:00,1920,1080,equirectangular
286069733,00,vimeo,cc-by-nc-nd,https://vimeo.com/286069733,2018-08-21T20:09:02+00:00,1920,1080,equirectangular
286069733,01,vimeo,cc-by-nc-nd,https://vimeo.com/286069733,2018-08-21T20:09:02+00:00,1920,1080,equirectangular
225994618,00,vimeo,cc-by,https://vimeo.com/225994618,2017-07-18T13:14:18+00:00,2048,1024,equirectangular
331131856,03,vimeo,cc-by-nc-nd,https://vimeo.com/331131856,2019-04-18T01:35:46+00:00,1080,540,equirectangular
331131856,10,vimeo,cc-by-nc-nd,https://vimeo.com/331131856,2019-04-18T01:35:46+00:00,1080,540,equirectangular
331131856,00,vimeo,cc-by-nc-nd,https://vimeo.com/331131856,2019-04-18T01:35:46+00:00,1080,540,equirectangular
331131856,09,vimeo,cc-by-nc-nd,https://vimeo.com/331131856,2019-04-18T01:35:46+00:00,1080,540,equirectangular
331131856,07,vimeo,cc-by-nc-nd,https://vimeo.com/331131856,2019-04-18T01:35:46+00:00,1080,540,equirectangular
331131856,11,vimeo,cc-by-nc-nd,https://vimeo.com/331131856,2019-04-18T01:35:46+00:00,1080,540,equirectangular
331131856,05,vimeo,cc-by-nc-nd,https://vimeo.com/331131856,2019-04-18T01:35:46+00:00,1080,540,equirectangular
331131856,12,vimeo,cc-by-nc-nd,https://vimeo.com/331131856,2019-04-18T01:35:46+00:00,1080,540,equirectangular
331131856,01,vimeo,cc-by-nc-nd,https://vimeo.com/331131856,2019-04-18T01:35:46+00:00,1080,540,equirectangular
331131856,06,vimeo,cc-by-nc-nd,https://vimeo.com/331131856,2019-04-18T01:35:46+00:00,1080,540,equirectangular
331131856,04,vimeo,cc-by-nc-nd,https://vimeo.com/331131856,2019-04-18T01:35:46+00:00,1080,540,equirectangular
331131856,08,vimeo,cc-by-nc-nd,https://vimeo.com/331131856,2019-04-18T01:35:46+00:00,1080,540,equirectangular
331131856,02,vimeo,cc-by-nc-nd,https://vimeo.com/331131856,2019-04-18T01:35:46+00:00,1080,540,equirectangular
270542714,00,vimeo,cc-by-nc-nd,https://vimeo.com/270542714,2018-05-18T00:27:26+00:00,2048,1024,equirectangular
579713422,00,vimeo,cc-by,https://vimeo.com/579713422,2021-07-27T05:56:54+00:00,2048,1024,equirectangular
325520425,00,vimeo,cc-by-nc-nd,https://vimeo.com/325520425,2019-03-20T20:26:57+00:00,1920,1080,equirectangular
304593518,00,vimeo,cc-by-nc-nd,https://vimeo.com/304593518,2018-12-05T12:43:02+00:00,2048,1024,equirectangular
224347965,03,vimeo,cc-by,https://vimeo.com/224347965,2017-07-05T16:36:08+00:00,2048,1024,equirectangular
224347965,00,vimeo,cc-by,https://vimeo.com/224347965,2017-07-05T16:36:08+00:00,2048,1024,equirectangular
224347965,01,vimeo,cc-by,https://vimeo.com/224347965,2017-07-05T16:36:08+00:00,2048,1024,equirectangular
224347965,04,vimeo,cc-by,https://vimeo.com/224347965,2017-07-05T16:36:08+00:00,2048,1024,equirectangular
224347965,02,vimeo,cc-by,https://vimeo.com/224347965,2017-07-05T16:36:08+00:00,2048,1024,equirectangular
253465724,00,vimeo,cc-by-nc-nd,https://vimeo.com/253465724,2018-01-30T17:18:56+00:00,2048,1024,equirectangular
236906956,00,vimeo,cc-by,https://vimeo.com/236906956,2017-10-05T11:56:14+00:00,2048,1024,equirectangular
337033150,00,vimeo,cc-by-nd,https://vimeo.com/337033150,2019-05-18T20:23:36+00:00,1920,1080,equirectangular
658816054,00,vimeo,cc-by-nc-nd,https://vimeo.com/658816054,2021-12-21T03:07:33+00:00,2048,1024,equirectangular
337034199,00,vimeo,cc-by-nd,https://vimeo.com/337034199,2019-05-18T20:37:49+00:00,1920,1080,equirectangular
208064391,00,vimeo,cc-by-nc,https://vimeo.com/208064391,2017-03-13T00:59:58+00:00,1920,960,equirectangular
387453334,03,vimeo,cc-by-nc,https://vimeo.com/387453334,2020-01-27T15:00:17+00:00,2048,1024,equirectangular
387453334,00,vimeo,cc-by-nc,https://vimeo.com/387453334,2020-01-27T15:00:17+00:00,2048,1024,equirectangular
387453334,07,vimeo,cc-by-nc,https://vimeo.com/387453334,2020-01-27T15:00:17+00:00,2048,1024,equirectangular
387453334,05,vimeo,cc-by-nc,https://vimeo.com/387453334,2020-01-27T15:00:17+00:00,2048,1024,equirectangular
387453334,01,vimeo,cc-by-nc,https://vimeo.com/387453334,2020-01-27T15:00:17+00:00,2048,1024,equirectangular
387453334,06,vimeo,cc-by-nc,https://vimeo.com/387453334,2020-01-27T15:00:17+00:00,2048,1024,equirectangular
387453334,04,vimeo,cc-by-nc,https://vimeo.com/387453334,2020-01-27T15:00:17+00:00,2048,1024,equirectangular
387453334,02,vimeo,cc-by-nc,https://vimeo.com/387453334,2020-01-27T15:00:17+00:00,2048,1024,equirectangular
389230168,00,vimeo,cc-by-nc-nd,https://vimeo.com/389230168,2020-02-04T12:41:42+00:00,2048,1024,equirectangular
286121924,00,vimeo,cc-by-nc,https://vimeo.com/286121924,2018-08-22T04:52:51+00:00,1920,960,equirectangular
286121924,01,vimeo,cc-by-nc,https://vimeo.com/286121924,2018-08-22T04:52:51+00:00,1920,960,equirectangular
649374682,00,vimeo,cc-by-nc-nd,https://vimeo.com/649374682,2021-11-24T07:19:20+00:00,2048,1024,equirectangular
286891553,03,vimeo,cc-by-nc-nd,https://vimeo.com/286891553,2018-08-27T14:18:56+00:00,2048,1024,equirectangular
286891553,00,vimeo,cc-by-nc-nd,https://vimeo.com/286891553,2018-08-27T14:18:56+00:00,2048,1024,equirectangular
286891553,01,vimeo,cc-by-nc-nd,https://vimeo.com/286891553,2018-08-27T14:18:56+00:00,2048,1024,equirectangular
286891553,02,vimeo,cc-by-nc-nd,https://vimeo.com/286891553,2018-08-27T14:18:56+00:00,2048,1024,equirectangular
312134755,05,vimeo,cc-by-nc-nd,https://vimeo.com/312134755,2019-01-18T16:31:17+00:00,2048,1024,equirectangular
312129021,03,vimeo,cc-by-nc-nd,https://vimeo.com/312129021,2019-01-18T16:05:15+00:00,2048,1024,equirectangular
312129021,00,vimeo,cc-by-nc-nd,https://vimeo.com/312129021,2019-01-18T16:05:15+00:00,2048,1024,equirectangular
312129021,01,vimeo,cc-by-nc-nd,https://vimeo.com/312129021,2019-01-18T16:05:15+00:00,2048,1024,equirectangular
312129021,04,vimeo,cc-by-nc-nd,https://vimeo.com/312129021,2019-01-18T16:05:15+00:00,2048,1024,equirectangular
312129021,02,vimeo,cc-by-nc-nd,https://vimeo.com/312129021,2019-01-18T16:05:15+00:00,2048,1024,equirectangular
432090575,00,vimeo,cc-by-nc-nd,https://vimeo.com/432090575,2020-06-24T09:32:07+00:00,2048,1024,equirectangular
289645368,00,vimeo,cc-by-nc,https://vimeo.com/289645368,2018-09-13T09:26:14+00:00,2048,1024,equirectangular
417351345,00,vimeo,cc-by,https://vimeo.com/417351345,2020-05-11T20:35:16+00:00,2048,1024,equirectangular
207461532,07,vimeo,cc-cc0,https://vimeo.com/207461532,2017-03-08T14:18:14+00:00,1920,1080,equirectangular
207461532,05,vimeo,cc-cc0,https://vimeo.com/207461532,2017-03-08T14:18:14+00:00,1920,1080,equirectangular
207461532,04,vimeo,cc-cc0,https://vimeo.com/207461532,2017-03-08T14:18:14+00:00,1920,1080,equirectangular
207461532,02,vimeo,cc-cc0,https://vimeo.com/207461532,2017-03-08T14:18:14+00:00,1920,1080,equirectangular
722759777,00,vimeo,cc-by-nc-nd,https://vimeo.com/722759777,2022-06-21T23:31:21+00:00,2048,1024,equirectangular
722756175,00,vimeo,cc-by-nc-nd,https://vimeo.com/722756175,2022-06-21T23:14:17+00:00,2048,1024,equirectangular
722756175,01,vimeo,cc-by-nc-nd,https://vimeo.com/722756175,2022-06-21T23:14:17+00:00,2048,1024,equirectangular
722752307,00,vimeo,cc-by-nc-nd,https://vimeo.com/722752307,2022-06-21T22:55:29+00:00,2048,1024,equirectangular
209508132,00,vimeo,cc-by,https://vimeo.com/209508132,2017-03-22T04:51:11+00:00,1920,960,equirectangular
361867991,15,vimeo,cc-by-nc,https://vimeo.com/361867991,2019-09-23T18:03:48+00:00,1080,540,equirectangular
361867991,03,vimeo,cc-by-nc,https://vimeo.com/361867991,2019-09-23T18:03:48+00:00,1080,540,equirectangular
361867991,10,vimeo,cc-by-nc,https://vimeo.com/361867991,2019-09-23T18:03:48+00:00,1080,540,equirectangular
361867991,13,vimeo,cc-by-nc,https://vimeo.com/361867991,2019-09-23T18:03:48+00:00,1080,540,equirectangular
361867991,16,vimeo,cc-by-nc,https://vimeo.com/361867991,2019-09-23T18:03:48+00:00,1080,540,equirectangular
361867991,00,vimeo,cc-by-nc,https://vimeo.com/361867991,2019-09-23T18:03:48+00:00,1080,540,equirectangular
361867991,18,vimeo,cc-by-nc,https://vimeo.com/361867991,2019-09-23T18:03:48+00:00,1080,540,equirectangular
361867991,07,vimeo,cc-by-nc,https://vimeo.com/361867991,2019-09-23T18:03:48+00:00,1080,540,equirectangular
361867991,11,vimeo,cc-by-nc,https://vimeo.com/361867991,2019-09-23T18:03:48+00:00,1080,540,equirectangular
361867991,12,vimeo,cc-by-nc,https://vimeo.com/361867991,2019-09-23T18:03:48+00:00,1080,540,equirectangular
361867991,14,vimeo,cc-by-nc,https://vimeo.com/361867991,2019-09-23T18:03:48+00:00,1080,540,equirectangular
361867991,01,vimeo,cc-by-nc,https://vimeo.com/361867991,2019-09-23T18:03:48+00:00,1080,540,equirectangular
361867991,04,vimeo,cc-by-nc,https://vimeo.com/361867991,2019-09-23T18:03:48+00:00,1080,540,equirectangular
361867991,19,vimeo,cc-by-nc,https://vimeo.com/361867991,2019-09-23T18:03:48+00:00,1080,540,equirectangular
361867991,08,vimeo,cc-by-nc,https://vimeo.com/361867991,2019-09-23T18:03:48+00:00,1080,540,equirectangular
361867991,02,vimeo,cc-by-nc,https://vimeo.com/361867991,2019-09-23T18:03:48+00:00,1080,540,equirectangular
211468747,00,vimeo,cc-by,https://vimeo.com/211468747,2017-04-04T11:12:43+00:00,1920,960,equirectangular
204194314,03,vimeo,cc-by,https://vimeo.com/204194314,2017-02-15T15:22:56+00:00,2048,1024,equirectangular
204194314,10,vimeo,cc-by,https://vimeo.com/204194314,2017-02-15T15:22:56+00:00,2048,1024,equirectangular
204194314,13,vimeo,cc-by,https://vimeo.com/204194314,2017-02-15T15:22:56+00:00,2048,1024,equirectangular
204194314,00,vimeo,cc-by,https://vimeo.com/204194314,2017-02-15T15:22:56+00:00,2048,1024,equirectangular
204194314,07,vimeo,cc-by,https://vimeo.com/204194314,2017-02-15T15:22:56+00:00,2048,1024,equirectangular
204194314,11,vimeo,cc-by,https://vimeo.com/204194314,2017-02-15T15:22:56+00:00,2048,1024,equirectangular
204194314,05,vimeo,cc-by,https://vimeo.com/204194314,2017-02-15T15:22:56+00:00,2048,1024,equirectangular
204194314,12,vimeo,cc-by,https://vimeo.com/204194314,2017-02-15T15:22:56+00:00,2048,1024,equirectangular
204194314,06,vimeo,cc-by,https://vimeo.com/204194314,2017-02-15T15:22:56+00:00,2048,1024,equirectangular
204194314,04,vimeo,cc-by,https://vimeo.com/204194314,2017-02-15T15:22:56+00:00,2048,1024,equirectangular
204194314,08,vimeo,cc-by,https://vimeo.com/204194314,2017-02-15T15:22:56+00:00,2048,1024,equirectangular
204194314,02,vimeo,cc-by,https://vimeo.com/204194314,2017-02-15T15:22:56+00:00,2048,1024,equirectangular
632498141,00,vimeo,cc-by-nd,https://vimeo.com/632498141,2021-10-15T01:29:55+00:00,2048,1024,equirectangular
209462900,00,vimeo,cc-by-nc-nd,https://vimeo.com/209462900,2017-03-21T21:30:06+00:00,2048,1024,equirectangular
322263778,10,vimeo,cc-by-nc-nd,https://vimeo.com/322263778,2019-03-08T15:40:03+00:00,2048,1024,equirectangular
322263778,13,vimeo,cc-by-nc-nd,https://vimeo.com/322263778,2019-03-08T15:40:03+00:00,2048,1024,equirectangular
322263778,09,vimeo,cc-by-nc-nd,https://vimeo.com/322263778,2019-03-08T15:40:03+00:00,2048,1024,equirectangular
322263778,07,vimeo,cc-by-nc-nd,https://vimeo.com/322263778,2019-03-08T15:40:03+00:00,2048,1024,equirectangular
322263778,11,vimeo,cc-by-nc-nd,https://vimeo.com/322263778,2019-03-08T15:40:03+00:00,2048,1024,equirectangular
322263778,05,vimeo,cc-by-nc-nd,https://vimeo.com/322263778,2019-03-08T15:40:03+00:00,2048,1024,equirectangular
322263778,12,vimeo,cc-by-nc-nd,https://vimeo.com/322263778,2019-03-08T15:40:03+00:00,2048,1024,equirectangular
322263778,06,vimeo,cc-by-nc-nd,https://vimeo.com/322263778,2019-03-08T15:40:03+00:00,2048,1024,equirectangular
322263778,04,vimeo,cc-by-nc-nd,https://vimeo.com/322263778,2019-03-08T15:40:03+00:00,2048,1024,equirectangular
322263778,08,vimeo,cc-by-nc-nd,https://vimeo.com/322263778,2019-03-08T15:40:03+00:00,2048,1024,equirectangular
322263778,02,vimeo,cc-by-nc-nd,https://vimeo.com/322263778,2019-03-08T15:40:03+00:00,2048,1024,equirectangular
722783264,00,vimeo,cc-by-nc-nd,https://vimeo.com/722783264,2022-06-22T01:28:17+00:00,2048,1024,equirectangular
208635032,03,vimeo,cc-by-nc-nd,https://vimeo.com/208635032,2017-03-16T10:15:33+00:00,1920,960,equirectangular
208635032,00,vimeo,cc-by-nc-nd,https://vimeo.com/208635032,2017-03-16T10:15:33+00:00,1920,960,equirectangular
208635032,01,vimeo,cc-by-nc-nd,https://vimeo.com/208635032,2017-03-16T10:15:33+00:00,1920,960,equirectangular
208635032,02,vimeo,cc-by-nc-nd,https://vimeo.com/208635032,2017-03-16T10:15:33+00:00,1920,960,equirectangular
208000401,00,vimeo,cc-by-nc-nd,https://vimeo.com/208000401,2017-03-12T11:28:48+00:00,1920,960,equirectangular
208000401,01,vimeo,cc-by-nc-nd,https://vimeo.com/208000401,2017-03-12T11:28:48+00:00,1920,960,equirectangular
208635041,00,vimeo,cc-by-nc-nd,https://vimeo.com/208635041,2017-03-16T10:15:37+00:00,1920,960,equirectangular
209462867,00,vimeo,cc-by-nc-nd,https://vimeo.com/209462867,2017-03-21T21:29:51+00:00,1920,960,equirectangular
208000385,00,vimeo,cc-by-nc-nd,https://vimeo.com/208000385,2017-03-12T11:28:24+00:00,1920,960,equirectangular
208000385,01,vimeo,cc-by-nc-nd,https://vimeo.com/208000385,2017-03-12T11:28:24+00:00,1920,960,equirectangular
208000385,02,vimeo,cc-by-nc-nd,https://vimeo.com/208000385,2017-03-12T11:28:24+00:00,1920,960,equirectangular
278719332,03,vimeo,cc-by-nc-nd,https://vimeo.com/278719332,2018-07-06T18:37:41+00:00,2048,1024,equirectangular
278719332,00,vimeo,cc-by-nc-nd,https://vimeo.com/278719332,2018-07-06T18:37:41+00:00,2048,1024,equirectangular
278719332,01,vimeo,cc-by-nc-nd,https://vimeo.com/278719332,2018-07-06T18:37:41+00:00,2048,1024,equirectangular
278719332,04,vimeo,cc-by-nc-nd,https://vimeo.com/278719332,2018-07-06T18:37:41+00:00,2048,1024,equirectangular
278719332,02,vimeo,cc-by-nc-nd,https://vimeo.com/278719332,2018-07-06T18:37:41+00:00,2048,1024,equirectangular
731893533,64,vimeo,cc-by,https://vimeo.com/731893533,2022-07-20T21:36:57+00:00,2048,1024,equirectangular
731893533,15,vimeo,cc-by,https://vimeo.com/731893533,2022-07-20T21:36:57+00:00,2048,1024,equirectangular
731893533,71,vimeo,cc-by,https://vimeo.com/731893533,2022-07-20T21:36:57+00:00,2048,1024,equirectangular
731893533,23,vimeo,cc-by,https://vimeo.com/731893533,2022-07-20T21:36:57+00:00,2048,1024,equirectangular
731893533,57,vimeo,cc-by,https://vimeo.com/731893533,2022-07-20T21:36:57+00:00,2048,1024,equirectangular
731893533,17,vimeo,cc-by,https://vimeo.com/731893533,2022-07-20T21:36:57+00:00,2048,1024,equirectangular
731893533,45,vimeo,cc-by,https://vimeo.com/731893533,2022-07-20T21:36:57+00:00,2048,1024,equirectangular
731893533,74,vimeo,cc-by,https://vimeo.com/731893533,2022-07-20T21:36:57+00:00,2048,1024,equirectangular
731893533,31,vimeo,cc-by,https://vimeo.com/731893533,2022-07-20T21:36:57+00:00,2048,1024,equirectangular
731893533,51,vimeo,cc-by,https://vimeo.com/731893533,2022-07-20T21:36:57+00:00,2048,1024,equirectangular
731893533,18,vimeo,cc-by,https://vimeo.com/731893533,2022-07-20T21:36:57+00:00,2048,1024,equirectangular
731893533,70,vimeo,cc-by,https://vimeo.com/731893533,2022-07-20T21:36:57+00:00,2048,1024,equirectangular
731893533,09,vimeo,cc-by,https://vimeo.com/731893533,2022-07-20T21:36:57+00:00,2048,1024,equirectangular
731893533,41,vimeo,cc-by,https://vimeo.com/731893533,2022-07-20T21:36:57+00:00,2048,1024,equirectangular
731893533,54,vimeo,cc-by,https://vimeo.com/731893533,2022-07-20T21:36:57+00:00,2048,1024,equirectangular
731893533,44,vimeo,cc-by,https://vimeo.com/731893533,2022-07-20T21:36:57+00:00,2048,1024,equirectangular
731893533,61,vimeo,cc-by,https://vimeo.com/731893533,2022-07-20T21:36:57+00:00,2048,1024,equirectangular
731893533,29,vimeo,cc-by,https://vimeo.com/731893533,2022-07-20T21:36:57+00:00,2048,1024,equirectangular
731893533,28,vimeo,cc-by,https://vimeo.com/731893533,2022-07-20T21:36:57+00:00,2048,1024,equirectangular
731893533,11,vimeo,cc-by,https://vimeo.com/731893533,2022-07-20T21:36:57+00:00,2048,1024,equirectangular
731893533,12,vimeo,cc-by,https://vimeo.com/731893533,2022-07-20T21:36:57+00:00,2048,1024,equirectangular
731893533,67,vimeo,cc-by,https://vimeo.com/731893533,2022-07-20T21:36:57+00:00,2048,1024,equirectangular
731893533,14,vimeo,cc-by,https://vimeo.com/731893533,2022-07-20T21:36:57+00:00,2048,1024,equirectangular
731893533,40,vimeo,cc-by,https://vimeo.com/731893533,2022-07-20T21:36:57+00:00,2048,1024,equirectangular
731893533,55,vimeo,cc-by,https://vimeo.com/731893533,2022-07-20T21:36:57+00:00,2048,1024,equirectangular
731893533,72,vimeo,cc-by,https://vimeo.com/731893533,2022-07-20T21:36:57+00:00,2048,1024,equirectangular
731893533,66,vimeo,cc-by,https://vimeo.com/731893533,2022-07-20T21:36:57+00:00,2048,1024,equirectangular
731893533,08,vimeo,cc-by,https://vimeo.com/731893533,2022-07-20T21:36:57+00:00,2048,1024,equirectangular
731893533,21,vimeo,cc-by,https://vimeo.com/731893533,2022-07-20T21:36:57+00:00,2048,1024,equirectangular
731893533,53,vimeo,cc-by,https://vimeo.com/731893533,2022-07-20T21:36:57+00:00,2048,1024,equirectangular
731893533,39,vimeo,cc-by,https://vimeo.com/731893533,2022-07-20T21:36:57+00:00,2048,1024,equirectangular
718951207,03,vimeo,cc-by,https://vimeo.com/718951207,2022-06-10T03:44:17+00:00,2048,1024,equirectangular
718951207,00,vimeo,cc-by,https://vimeo.com/718951207,2022-06-10T03:44:17+00:00,2048,1024,equirectangular
718951207,01,vimeo,cc-by,https://vimeo.com/718951207,2022-06-10T03:44:17+00:00,2048,1024,equirectangular
718951207,04,vimeo,cc-by,https://vimeo.com/718951207,2022-06-10T03:44:17+00:00,2048,1024,equirectangular
718951207,02,vimeo,cc-by,https://vimeo.com/718951207,2022-06-10T03:44:17+00:00,2048,1024,equirectangular
454486475,00,vimeo,cc-by-nc-nd,https://vimeo.com/454486475,2020-09-03T18:34:29+00:00,2048,1024,equirectangular
255083901,03,vimeo,cc-by-nc,https://vimeo.com/255083901,2018-02-09T18:46:44+00:00,1920,960,equirectangular
255083901,10,vimeo,cc-by-nc,https://vimeo.com/255083901,2018-02-09T18:46:44+00:00,1920,960,equirectangular
255083901,09,vimeo,cc-by-nc,https://vimeo.com/255083901,2018-02-09T18:46:44+00:00,1920,960,equirectangular
255083901,07,vimeo,cc-by-nc,https://vimeo.com/255083901,2018-02-09T18:46:44+00:00,1920,960,equirectangular
255083901,11,vimeo,cc-by-nc,https://vimeo.com/255083901,2018-02-09T18:46:44+00:00,1920,960,equirectangular
255083901,05,vimeo,cc-by-nc,https://vimeo.com/255083901,2018-02-09T18:46:44+00:00,1920,960,equirectangular
255083901,12,vimeo,cc-by-nc,https://vimeo.com/255083901,2018-02-09T18:46:44+00:00,1920,960,equirectangular
255083901,06,vimeo,cc-by-nc,https://vimeo.com/255083901,2018-02-09T18:46:44+00:00,1920,960,equirectangular
255083901,08,vimeo,cc-by-nc,https://vimeo.com/255083901,2018-02-09T18:46:44+00:00,1920,960,equirectangular
347260236,00,vimeo,cc-by-nc-nd,https://vimeo.com/347260236,2019-07-10T09:43:54+00:00,2048,1024,equirectangular
347260236,01,vimeo,cc-by-nc-nd,https://vimeo.com/347260236,2019-07-10T09:43:54+00:00,2048,1024,equirectangular
311984166,03,vimeo,cc-by-nc-nd,https://vimeo.com/311984166,2019-01-17T21:37:50+00:00,2048,1024,equirectangular
311984166,00,vimeo,cc-by-nc-nd,https://vimeo.com/311984166,2019-01-17T21:37:50+00:00,2048,1024,equirectangular
311984166,01,vimeo,cc-by-nc-nd,https://vimeo.com/311984166,2019-01-17T21:37:50+00:00,2048,1024,equirectangular
311984166,04,vimeo,cc-by-nc-nd,https://vimeo.com/311984166,2019-01-17T21:37:50+00:00,2048,1024,equirectangular
222165486,01,vimeo,cc-by-nc-nd,https://vimeo.com/222165486,2017-06-19T09:19:24+00:00,1920,1080,equirectangular
222165486,02,vimeo,cc-by-nc-nd,https://vimeo.com/222165486,2017-06-19T09:19:24+00:00,1920,1080,equirectangular
253465924,00,vimeo,cc-by-nc-nd,https://vimeo.com/253465924,2018-01-30T17:20:02+00:00,2048,1024,equirectangular
387032191,00,vimeo,cc-by-nc-nd,https://vimeo.com/387032191,2020-01-24T19:54:54+00:00,2048,1024,equirectangular
269453714,00,vimeo,cc-by-nc-nd,https://vimeo.com/269453714,2018-05-13T10:09:21+00:00,2048,1024,equirectangular
209003658,03,vimeo,cc-by-nc,https://vimeo.com/209003658,2017-03-18T20:08:55+00:00,1920,960,equirectangular
209003658,10,vimeo,cc-by-nc,https://vimeo.com/209003658,2017-03-18T20:08:55+00:00,1920,960,equirectangular
209003658,00,vimeo,cc-by-nc,https://vimeo.com/209003658,2017-03-18T20:08:55+00:00,1920,960,equirectangular
209003658,09,vimeo,cc-by-nc,https://vimeo.com/209003658,2017-03-18T20:08:55+00:00,1920,960,equirectangular
209003658,07,vimeo,cc-by-nc,https://vimeo.com/209003658,2017-03-18T20:08:55+00:00,1920,960,equirectangular
209003658,05,vimeo,cc-by-nc,https://vimeo.com/209003658,2017-03-18T20:08:55+00:00,1920,960,equirectangular
209003658,01,vimeo,cc-by-nc,https://vimeo.com/209003658,2017-03-18T20:08:55+00:00,1920,960,equirectangular
209003658,04,vimeo,cc-by-nc,https://vimeo.com/209003658,2017-03-18T20:08:55+00:00,1920,960,equirectangular
209003658,02,vimeo,cc-by-nc,https://vimeo.com/209003658,2017-03-18T20:08:55+00:00,1920,960,equirectangular
293991840,00,vimeo,cc-by-nc-sa,https://vimeo.com/293991840,2018-10-08T17:26:44+00:00,2048,1024,equirectangular
284905049,00,vimeo,cc-by-nc-nd,https://vimeo.com/284905049,2018-08-14T10:32:39+00:00,2048,1024,equirectangular
310453917,00,vimeo,cc-by-nc-nd,https://vimeo.com/310453917,2019-01-09T23:41:55+00:00,2048,1024,equirectangular
528180196,00,vimeo,cc-by,https://vimeo.com/528180196,2021-03-24T06:38:11+00:00,2048,1024,equirectangular
261846718,03,vimeo,cc-by-nc,https://vimeo.com/261846718,2018-03-26T14:37:12+00:00,2048,1024,equirectangular
261846718,00,vimeo,cc-by-nc,https://vimeo.com/261846718,2018-03-26T14:37:12+00:00,2048,1024,equirectangular
261846718,05,vimeo,cc-by-nc,https://vimeo.com/261846718,2018-03-26T14:37:12+00:00,2048,1024,equirectangular
261846718,01,vimeo,cc-by-nc,https://vimeo.com/261846718,2018-03-26T14:37:12+00:00,2048,1024,equirectangular
261846718,04,vimeo,cc-by-nc,https://vimeo.com/261846718,2018-03-26T14:37:12+00:00,2048,1024,equirectangular
261846718,02,vimeo,cc-by-nc,https://vimeo.com/261846718,2018-03-26T14:37:12+00:00,2048,1024,equirectangular
365733776,00,vimeo,cc-by,https://vimeo.com/365733776,2019-10-11T10:55:39+00:00,2048,1024,equirectangular
365733776,01,vimeo,cc-by,https://vimeo.com/365733776,2019-10-11T10:55:39+00:00,2048,1024,equirectangular
365733776,02,vimeo,cc-by,https://vimeo.com/365733776,2019-10-11T10:55:39+00:00,2048,1024,equirectangular
164530402,03,vimeo,cc-by,https://vimeo.com/164530402,2016-04-28T07:14:44+00:00,1920,960,equirectangular
164530402,10,vimeo,cc-by,https://vimeo.com/164530402,2016-04-28T07:14:44+00:00,1920,960,equirectangular
164530402,09,vimeo,cc-by,https://vimeo.com/164530402,2016-04-28T07:14:44+00:00,1920,960,equirectangular
164530402,07,vimeo,cc-by,https://vimeo.com/164530402,2016-04-28T07:14:44+00:00,1920,960,equirectangular
164530402,05,vimeo,cc-by,https://vimeo.com/164530402,2016-04-28T07:14:44+00:00,1920,960,equirectangular
164530402,01,vimeo,cc-by,https://vimeo.com/164530402,2016-04-28T07:14:44+00:00,1920,960,equirectangular
164530402,06,vimeo,cc-by,https://vimeo.com/164530402,2016-04-28T07:14:44+00:00,1920,960,equirectangular
164530402,04,vimeo,cc-by,https://vimeo.com/164530402,2016-04-28T07:14:44+00:00,1920,960,equirectangular
164530402,08,vimeo,cc-by,https://vimeo.com/164530402,2016-04-28T07:14:44+00:00,1920,960,equirectangular
164530402,02,vimeo,cc-by,https://vimeo.com/164530402,2016-04-28T07:14:44+00:00,1920,960,equirectangular
361904735,00,vimeo,cc-by-nc-nd,https://vimeo.com/361904735,2019-09-23T20:41:12+00:00,2048,1024,equirectangular
361904702,00,vimeo,cc-by-nc-nd,https://vimeo.com/361904702,2019-09-23T20:41:03+00:00,2048,1024,equirectangular
227802359,03,vimeo,cc-by,https://vimeo.com/227802359,2017-07-31T20:39:41+00:00,2048,1024,equirectangular
227802359,10,vimeo,cc-by,https://vimeo.com/227802359,2017-07-31T20:39:41+00:00,2048,1024,equirectangular
227802359,13,vimeo,cc-by,https://vimeo.com/227802359,2017-07-31T20:39:41+00:00,2048,1024,equirectangular
227802359,00,vimeo,cc-by,https://vimeo.com/227802359,2017-07-31T20:39:41+00:00,2048,1024,equirectangular
227802359,09,vimeo,cc-by,https://vimeo.com/227802359,2017-07-31T20:39:41+00:00,2048,1024,equirectangular
227802359,07,vimeo,cc-by,https://vimeo.com/227802359,2017-07-31T20:39:41+00:00,2048,1024,equirectangular
227802359,11,vimeo,cc-by,https://vimeo.com/227802359,2017-07-31T20:39:41+00:00,2048,1024,equirectangular
227802359,05,vimeo,cc-by,https://vimeo.com/227802359,2017-07-31T20:39:41+00:00,2048,1024,equirectangular
227802359,12,vimeo,cc-by,https://vimeo.com/227802359,2017-07-31T20:39:41+00:00,2048,1024,equirectangular
227802359,14,vimeo,cc-by,https://vimeo.com/227802359,2017-07-31T20:39:41+00:00,2048,1024,equirectangular
227802359,01,vimeo,cc-by,https://vimeo.com/227802359,2017-07-31T20:39:41+00:00,2048,1024,equirectangular
227802359,06,vimeo,cc-by,https://vimeo.com/227802359,2017-07-31T20:39:41+00:00,2048,1024,equirectangular
227802359,04,vimeo,cc-by,https://vimeo.com/227802359,2017-07-31T20:39:41+00:00,2048,1024,equirectangular
227802359,08,vimeo,cc-by,https://vimeo.com/227802359,2017-07-31T20:39:41+00:00,2048,1024,equirectangular
227802359,02,vimeo,cc-by,https://vimeo.com/227802359,2017-07-31T20:39:41+00:00,2048,1024,equirectangular
481746439,00,vimeo,cc-by,https://vimeo.com/481746439,2020-11-20T16:18:42+00:00,2048,1024,equirectangular
481733201,00,vimeo,cc-by,https://vimeo.com/481733201,2020-11-20T15:46:58+00:00,2048,1024,equirectangular
236286068,30,vimeo,cc-by-nc-nd,https://vimeo.com/236286068,2017-10-01T12:06:13+00:00,1920,1080,equirectangular
236286068,15,vimeo,cc-by-nc-nd,https://vimeo.com/236286068,2017-10-01T12:06:13+00:00,1920,1080,equirectangular
236286068,22,vimeo,cc-by-nc-nd,https://vimeo.com/236286068,2017-10-01T12:06:13+00:00,1920,1080,equirectangular
236286068,03,vimeo,cc-by-nc-nd,https://vimeo.com/236286068,2017-10-01T12:06:13+00:00,1920,1080,equirectangular
236286068,23,vimeo,cc-by-nc-nd,https://vimeo.com/236286068,2017-10-01T12:06:13+00:00,1920,1080,equirectangular
236286068,10,vimeo,cc-by-nc-nd,https://vimeo.com/236286068,2017-10-01T12:06:13+00:00,1920,1080,equirectangular
236286068,13,vimeo,cc-by-nc-nd,https://vimeo.com/236286068,2017-10-01T12:06:13+00:00,1920,1080,equirectangular
236286068,17,vimeo,cc-by-nc-nd,https://vimeo.com/236286068,2017-10-01T12:06:13+00:00,1920,1080,equirectangular
236286068,16,vimeo,cc-by-nc-nd,https://vimeo.com/236286068,2017-10-01T12:06:13+00:00,1920,1080,equirectangular
236286068,00,vimeo,cc-by-nc-nd,https://vimeo.com/236286068,2017-10-01T12:06:13+00:00,1920,1080,equirectangular
236286068,25,vimeo,cc-by-nc-nd,https://vimeo.com/236286068,2017-10-01T12:06:13+00:00,1920,1080,equirectangular
236286068,18,vimeo,cc-by-nc-nd,https://vimeo.com/236286068,2017-10-01T12:06:13+00:00,1920,1080,equirectangular
236286068,24,vimeo,cc-by-nc-nd,https://vimeo.com/236286068,2017-10-01T12:06:13+00:00,1920,1080,equirectangular
236286068,09,vimeo,cc-by-nc-nd,https://vimeo.com/236286068,2017-10-01T12:06:13+00:00,1920,1080,equirectangular
236286068,26,vimeo,cc-by-nc-nd,https://vimeo.com/236286068,2017-10-01T12:06:13+00:00,1920,1080,equirectangular
236286068,07,vimeo,cc-by-nc-nd,https://vimeo.com/236286068,2017-10-01T12:06:13+00:00,1920,1080,equirectangular
236286068,29,vimeo,cc-by-nc-nd,https://vimeo.com/236286068,2017-10-01T12:06:13+00:00,1920,1080,equirectangular
236286068,28,vimeo,cc-by-nc-nd,https://vimeo.com/236286068,2017-10-01T12:06:13+00:00,1920,1080,equirectangular
236286068,11,vimeo,cc-by-nc-nd,https://vimeo.com/236286068,2017-10-01T12:06:13+00:00,1920,1080,equirectangular
236286068,05,vimeo,cc-by-nc-nd,https://vimeo.com/236286068,2017-10-01T12:06:13+00:00,1920,1080,equirectangular
236286068,20,vimeo,cc-by-nc-nd,https://vimeo.com/236286068,2017-10-01T12:06:13+00:00,1920,1080,equirectangular
236286068,12,vimeo,cc-by-nc-nd,https://vimeo.com/236286068,2017-10-01T12:06:13+00:00,1920,1080,equirectangular
236286068,14,vimeo,cc-by-nc-nd,https://vimeo.com/236286068,2017-10-01T12:06:13+00:00,1920,1080,equirectangular
236286068,01,vimeo,cc-by-nc-nd,https://vimeo.com/236286068,2017-10-01T12:06:13+00:00,1920,1080,equirectangular
236286068,06,vimeo,cc-by-nc-nd,https://vimeo.com/236286068,2017-10-01T12:06:13+00:00,1920,1080,equirectangular
236286068,04,vimeo,cc-by-nc-nd,https://vimeo.com/236286068,2017-10-01T12:06:13+00:00,1920,1080,equirectangular
236286068,19,vimeo,cc-by-nc-nd,https://vimeo.com/236286068,2017-10-01T12:06:13+00:00,1920,1080,equirectangular
236286068,27,vimeo,cc-by-nc-nd,https://vimeo.com/236286068,2017-10-01T12:06:13+00:00,1920,1080,equirectangular
236286068,08,vimeo,cc-by-nc-nd,https://vimeo.com/236286068,2017-10-01T12:06:13+00:00,1920,1080,equirectangular
236286068,02,vimeo,cc-by-nc-nd,https://vimeo.com/236286068,2017-10-01T12:06:13+00:00,1920,1080,equirectangular
236286068,21,vimeo,cc-by-nc-nd,https://vimeo.com/236286068,2017-10-01T12:06:13+00:00,1920,1080,equirectangular
210724422,03,vimeo,cc-by-sa,https://vimeo.com/210724422,2017-03-30T06:58:50+00:00,1280,640,equirectangular
210724422,00,vimeo,cc-by-sa,https://vimeo.com/210724422,2017-03-30T06:58:50+00:00,1280,640,equirectangular
210724422,09,vimeo,cc-by-sa,https://vimeo.com/210724422,2017-03-30T06:58:50+00:00,1280,640,equirectangular
210724422,07,vimeo,cc-by-sa,https://vimeo.com/210724422,2017-03-30T06:58:50+00:00,1280,640,equirectangular
210724422,05,vimeo,cc-by-sa,https://vimeo.com/210724422,2017-03-30T06:58:50+00:00,1280,640,equirectangular
210724422,01,vimeo,cc-by-sa,https://vimeo.com/210724422,2017-03-30T06:58:50+00:00,1280,640,equirectangular
210724422,06,vimeo,cc-by-sa,https://vimeo.com/210724422,2017-03-30T06:58:50+00:00,1280,640,equirectangular
210724422,04,vimeo,cc-by-sa,https://vimeo.com/210724422,2017-03-30T06:58:50+00:00,1280,640,equirectangular
210724422,08,vimeo,cc-by-sa,https://vimeo.com/210724422,2017-03-30T06:58:50+00:00,1280,640,equirectangular
210724422,02,vimeo,cc-by-sa,https://vimeo.com/210724422,2017-03-30T06:58:50+00:00,1280,640,equirectangular
296315025,00,vimeo,cc-by-nc-nd,https://vimeo.com/296315025,2018-10-21T21:33:04+00:00,2048,1024,equirectangular
389200444,00,vimeo,cc-by-nc-nd,https://vimeo.com/389200444,2020-02-04T09:43:16+00:00,2048,1024,equirectangular
207638532,01,vimeo,cc-by-sa,https://vimeo.com/207638532,2017-03-09T14:47:52+00:00,1920,960,equirectangular
403299498,00,vimeo,cc-by-nc-nd,https://vimeo.com/403299498,2020-04-02T12:59:38+00:00,1920,1080,equirectangular
209477004,00,vimeo,cc-by-sa,https://vimeo.com/209477004,2017-03-21T23:17:34+00:00,1920,960,equirectangular
829847993,00,vimeo,cc-by-nc,https://vimeo.com/829847993,2023-05-24T14:38:55+00:00,1920,1080,equirectangular
325406671,00,vimeo,cc-by,https://vimeo.com/325406671,2019-03-20T11:12:18+00:00,2048,1024,equirectangular
325406671,01,vimeo,cc-by,https://vimeo.com/325406671,2019-03-20T11:12:18+00:00,2048,1024,equirectangular
325406671,02,vimeo,cc-by,https://vimeo.com/325406671,2019-03-20T11:12:18+00:00,2048,1024,equirectangular
230433658,00,vimeo,cc-by-nc-nd,https://vimeo.com/230433658,2017-08-21T11:32:46+00:00,1920,1080,equirectangular
352064497,00,vimeo,cc-by-nc-nd,https://vimeo.com/352064497,2019-08-05T14:55:40+00:00,2048,1024,equirectangular
364986280,00,vimeo,cc-by,https://vimeo.com/364986280,2019-10-08T08:52:16+00:00,1080,540,equirectangular
207540086,00,vimeo,cc-by-nc-nd,https://vimeo.com/207540086,2017-03-08T22:52:22+00:00,1920,960,equirectangular
352067304,01,vimeo,cc-by-nc-nd,https://vimeo.com/352067304,2019-08-05T15:08:43+00:00,2048,1024,equirectangular
352067304,02,vimeo,cc-by-nc-nd,https://vimeo.com/352067304,2019-08-05T15:08:43+00:00,2048,1024,equirectangular
251956678,00,vimeo,cc-by-nc,https://vimeo.com/251956678,2018-01-20T16:25:51+00:00,2048,1024,equirectangular
352730109,00,vimeo,cc-by-nc-nd,https://vimeo.com/352730109,2019-08-08T15:06:37+00:00,2048,1024,equirectangular
352730109,01,vimeo,cc-by-nc-nd,https://vimeo.com/352730109,2019-08-08T15:06:37+00:00,2048,1024,equirectangular
236751768,00,vimeo,cc-by,https://vimeo.com/236751768,2017-10-04T13:47:16+00:00,2048,1024,equirectangular
236751768,01,vimeo,cc-by,https://vimeo.com/236751768,2017-10-04T13:47:16+00:00,2048,1024,equirectangular
236751768,02,vimeo,cc-by,https://vimeo.com/236751768,2017-10-04T13:47:16+00:00,2048,1024,equirectangular
228340676,00,vimeo,cc-by,https://vimeo.com/228340676,2017-08-04T08:27:39+00:00,2048,1024,equirectangular
417996439,00,vimeo,cc-by-sa,https://vimeo.com/417996439,2020-05-13T11:43:52+00:00,2048,1024,equirectangular
417996439,01,vimeo,cc-by-sa,https://vimeo.com/417996439,2020-05-13T11:43:52+00:00,2048,1024,equirectangular
209216703,03,vimeo,cc-by,https://vimeo.com/209216703,2017-03-20T14:37:06+00:00,1080,540,equirectangular
209216703,00,vimeo,cc-by,https://vimeo.com/209216703,2017-03-20T14:37:06+00:00,1080,540,equirectangular
209216703,07,vimeo,cc-by,https://vimeo.com/209216703,2017-03-20T14:37:06+00:00,1080,540,equirectangular
209216703,05,vimeo,cc-by,https://vimeo.com/209216703,2017-03-20T14:37:06+00:00,1080,540,equirectangular
209216703,01,vimeo,cc-by,https://vimeo.com/209216703,2017-03-20T14:37:06+00:00,1080,540,equirectangular
209216703,06,vimeo,cc-by,https://vimeo.com/209216703,2017-03-20T14:37:06+00:00,1080,540,equirectangular
209216703,04,vimeo,cc-by,https://vimeo.com/209216703,2017-03-20T14:37:06+00:00,1080,540,equirectangular
209216703,08,vimeo,cc-by,https://vimeo.com/209216703,2017-03-20T14:37:06+00:00,1080,540,equirectangular
209216703,02,vimeo,cc-by,https://vimeo.com/209216703,2017-03-20T14:37:06+00:00,1080,540,equirectangular
222465596,00,vimeo,cc-by-nc-nd,https://vimeo.com/222465596,2017-06-21T05:24:11+00:00,2048,1024,equirectangular
232307783,00,vimeo,cc-by-nc,https://vimeo.com/232307783,2017-09-04T09:00:59+00:00,2048,1024,equirectangular
239337529,00,vimeo,cc-by-nc,https://vimeo.com/239337529,2017-10-22T16:25:54+00:00,2048,1024,equirectangular
226392892,00,vimeo,cc-by-nc,https://vimeo.com/226392892,2017-07-21T02:07:59+00:00,2048,1024,equirectangular
353974525,00,vimeo,cc-by-nc-nd,https://vimeo.com/353974525,2019-08-15T10:55:37+00:00,2048,1024,equirectangular
272622297,00,vimeo,cc-by,https://vimeo.com/272622297,2018-05-30T17:53:54+00:00,1080,540,equirectangular
253488200,00,vimeo,cc-by,https://vimeo.com/253488200,2018-01-30T19:25:16+00:00,1080,540,equirectangular
774731355,00,vimeo,cc-by-sa,https://vimeo.com/774731355,2022-11-24T12:32:22+00:00,2048,1024,equirectangular
774731355,01,vimeo,cc-by-sa,https://vimeo.com/774731355,2022-11-24T12:32:22+00:00,2048,1024,equirectangular
344885590,03,vimeo,cc-by-nc-sa,https://vimeo.com/344885590,2019-06-27T20:21:12+00:00,1280,720,equirectangular
344885590,13,vimeo,cc-by-nc-sa,https://vimeo.com/344885590,2019-06-27T20:21:12+00:00,1280,720,equirectangular
344885590,16,vimeo,cc-by-nc-sa,https://vimeo.com/344885590,2019-06-27T20:21:12+00:00,1280,720,equirectangular
344885590,18,vimeo,cc-by-nc-sa,https://vimeo.com/344885590,2019-06-27T20:21:12+00:00,1280,720,equirectangular
344885590,09,vimeo,cc-by-nc-sa,https://vimeo.com/344885590,2019-06-27T20:21:12+00:00,1280,720,equirectangular
344885590,07,vimeo,cc-by-nc-sa,https://vimeo.com/344885590,2019-06-27T20:21:12+00:00,1280,720,equirectangular
344885590,11,vimeo,cc-by-nc-sa,https://vimeo.com/344885590,2019-06-27T20:21:12+00:00,1280,720,equirectangular
344885590,05,vimeo,cc-by-nc-sa,https://vimeo.com/344885590,2019-06-27T20:21:12+00:00,1280,720,equirectangular
344885590,20,vimeo,cc-by-nc-sa,https://vimeo.com/344885590,2019-06-27T20:21:12+00:00,1280,720,equirectangular
344885590,14,vimeo,cc-by-nc-sa,https://vimeo.com/344885590,2019-06-27T20:21:12+00:00,1280,720,equirectangular
344885590,01,vimeo,cc-by-nc-sa,https://vimeo.com/344885590,2019-06-27T20:21:12+00:00,1280,720,equirectangular
669057770,15,vimeo,cc-by-nc-nd,https://vimeo.com/669057770,2022-01-23T05:37:25+00:00,2048,1024,equirectangular
669057770,03,vimeo,cc-by-nc-nd,https://vimeo.com/669057770,2022-01-23T05:37:25+00:00,2048,1024,equirectangular
669057770,10,vimeo,cc-by-nc-nd,https://vimeo.com/669057770,2022-01-23T05:37:25+00:00,2048,1024,equirectangular
669057770,13,vimeo,cc-by-nc-nd,https://vimeo.com/669057770,2022-01-23T05:37:25+00:00,2048,1024,equirectangular
669057770,16,vimeo,cc-by-nc-nd,https://vimeo.com/669057770,2022-01-23T05:37:25+00:00,2048,1024,equirectangular
669057770,00,vimeo,cc-by-nc-nd,https://vimeo.com/669057770,2022-01-23T05:37:25+00:00,2048,1024,equirectangular
669057770,09,vimeo,cc-by-nc-nd,https://vimeo.com/669057770,2022-01-23T05:37:25+00:00,2048,1024,equirectangular
669057770,07,vimeo,cc-by-nc-nd,https://vimeo.com/669057770,2022-01-23T05:37:25+00:00,2048,1024,equirectangular
669057770,11,vimeo,cc-by-nc-nd,https://vimeo.com/669057770,2022-01-23T05:37:25+00:00,2048,1024,equirectangular
669057770,05,vimeo,cc-by-nc-nd,https://vimeo.com/669057770,2022-01-23T05:37:25+00:00,2048,1024,equirectangular
669057770,12,vimeo,cc-by-nc-nd,https://vimeo.com/669057770,2022-01-23T05:37:25+00:00,2048,1024,equirectangular
669057770,14,vimeo,cc-by-nc-nd,https://vimeo.com/669057770,2022-01-23T05:37:25+00:00,2048,1024,equirectangular
669057770,01,vimeo,cc-by-nc-nd,https://vimeo.com/669057770,2022-01-23T05:37:25+00:00,2048,1024,equirectangular
669057770,06,vimeo,cc-by-nc-nd,https://vimeo.com/669057770,2022-01-23T05:37:25+00:00,2048,1024,equirectangular
669057770,04,vimeo,cc-by-nc-nd,https://vimeo.com/669057770,2022-01-23T05:37:25+00:00,2048,1024,equirectangular
669057770,08,vimeo,cc-by-nc-nd,https://vimeo.com/669057770,2022-01-23T05:37:25+00:00,2048,1024,equirectangular
669057770,02,vimeo,cc-by-nc-nd,https://vimeo.com/669057770,2022-01-23T05:37:25+00:00,2048,1024,equirectangular
669057634,03,vimeo,cc-by-nc-nd,https://vimeo.com/669057634,2022-01-23T05:36:09+00:00,2048,1024,equirectangular
669057634,10,vimeo,cc-by-nc-nd,https://vimeo.com/669057634,2022-01-23T05:36:09+00:00,2048,1024,equirectangular
669057634,13,vimeo,cc-by-nc-nd,https://vimeo.com/669057634,2022-01-23T05:36:09+00:00,2048,1024,equirectangular
669057634,00,vimeo,cc-by-nc-nd,https://vimeo.com/669057634,2022-01-23T05:36:09+00:00,2048,1024,equirectangular
669057634,09,vimeo,cc-by-nc-nd,https://vimeo.com/669057634,2022-01-23T05:36:09+00:00,2048,1024,equirectangular
669057634,07,vimeo,cc-by-nc-nd,https://vimeo.com/669057634,2022-01-23T05:36:09+00:00,2048,1024,equirectangular
669057634,11,vimeo,cc-by-nc-nd,https://vimeo.com/669057634,2022-01-23T05:36:09+00:00,2048,1024,equirectangular
669057634,05,vimeo,cc-by-nc-nd,https://vimeo.com/669057634,2022-01-23T05:36:09+00:00,2048,1024,equirectangular
669057634,12,vimeo,cc-by-nc-nd,https://vimeo.com/669057634,2022-01-23T05:36:09+00:00,2048,1024,equirectangular
669057634,01,vimeo,cc-by-nc-nd,https://vimeo.com/669057634,2022-01-23T05:36:09+00:00,2048,1024,equirectangular
669057634,06,vimeo,cc-by-nc-nd,https://vimeo.com/669057634,2022-01-23T05:36:09+00:00,2048,1024,equirectangular
669057634,04,vimeo,cc-by-nc-nd,https://vimeo.com/669057634,2022-01-23T05:36:09+00:00,2048,1024,equirectangular
669057634,08,vimeo,cc-by-nc-nd,https://vimeo.com/669057634,2022-01-23T05:36:09+00:00,2048,1024,equirectangular
669057634,02,vimeo,cc-by-nc-nd,https://vimeo.com/669057634,2022-01-23T05:36:09+00:00,2048,1024,equirectangular
669057417,15,vimeo,cc-by-nc-nd,https://vimeo.com/669057417,2022-01-23T05:34:09+00:00,2048,1024,equirectangular
669057417,03,vimeo,cc-by-nc-nd,https://vimeo.com/669057417,2022-01-23T05:34:09+00:00,2048,1024,equirectangular
669057417,10,vimeo,cc-by-nc-nd,https://vimeo.com/669057417,2022-01-23T05:34:09+00:00,2048,1024,equirectangular
669057417,13,vimeo,cc-by-nc-nd,https://vimeo.com/669057417,2022-01-23T05:34:09+00:00,2048,1024,equirectangular
669057417,09,vimeo,cc-by-nc-nd,https://vimeo.com/669057417,2022-01-23T05:34:09+00:00,2048,1024,equirectangular
669057417,07,vimeo,cc-by-nc-nd,https://vimeo.com/669057417,2022-01-23T05:34:09+00:00,2048,1024,equirectangular
669057417,11,vimeo,cc-by-nc-nd,https://vimeo.com/669057417,2022-01-23T05:34:09+00:00,2048,1024,equirectangular
669057417,05,vimeo,cc-by-nc-nd,https://vimeo.com/669057417,2022-01-23T05:34:09+00:00,2048,1024,equirectangular
669057417,12,vimeo,cc-by-nc-nd,https://vimeo.com/669057417,2022-01-23T05:34:09+00:00,2048,1024,equirectangular
669057417,14,vimeo,cc-by-nc-nd,https://vimeo.com/669057417,2022-01-23T05:34:09+00:00,2048,1024,equirectangular
669057417,01,vimeo,cc-by-nc-nd,https://vimeo.com/669057417,2022-01-23T05:34:09+00:00,2048,1024,equirectangular
669057417,06,vimeo,cc-by-nc-nd,https://vimeo.com/669057417,2022-01-23T05:34:09+00:00,2048,1024,equirectangular
669057417,04,vimeo,cc-by-nc-nd,https://vimeo.com/669057417,2022-01-23T05:34:09+00:00,2048,1024,equirectangular
669057417,08,vimeo,cc-by-nc-nd,https://vimeo.com/669057417,2022-01-23T05:34:09+00:00,2048,1024,equirectangular
669057417,02,vimeo,cc-by-nc-nd,https://vimeo.com/669057417,2022-01-23T05:34:09+00:00,2048,1024,equirectangular
359037267,03,vimeo,cc-by-nc-nd,https://vimeo.com/359037267,2019-09-10T12:06:03+00:00,2048,1024,equirectangular
359037267,10,vimeo,cc-by-nc-nd,https://vimeo.com/359037267,2019-09-10T12:06:03+00:00,2048,1024,equirectangular
359037267,09,vimeo,cc-by-nc-nd,https://vimeo.com/359037267,2019-09-10T12:06:03+00:00,2048,1024,equirectangular
359037267,07,vimeo,cc-by-nc-nd,https://vimeo.com/359037267,2019-09-10T12:06:03+00:00,2048,1024,equirectangular
359037267,11,vimeo,cc-by-nc-nd,https://vimeo.com/359037267,2019-09-10T12:06:03+00:00,2048,1024,equirectangular
359037267,05,vimeo,cc-by-nc-nd,https://vimeo.com/359037267,2019-09-10T12:06:03+00:00,2048,1024,equirectangular
359037267,12,vimeo,cc-by-nc-nd,https://vimeo.com/359037267,2019-09-10T12:06:03+00:00,2048,1024,equirectangular
359037267,06,vimeo,cc-by-nc-nd,https://vimeo.com/359037267,2019-09-10T12:06:03+00:00,2048,1024,equirectangular
359037267,04,vimeo,cc-by-nc-nd,https://vimeo.com/359037267,2019-09-10T12:06:03+00:00,2048,1024,equirectangular
359037267,08,vimeo,cc-by-nc-nd,https://vimeo.com/359037267,2019-09-10T12:06:03+00:00,2048,1024,equirectangular
359037267,02,vimeo,cc-by-nc-nd,https://vimeo.com/359037267,2019-09-10T12:06:03+00:00,2048,1024,equirectangular
271198316,00,vimeo,cc-by-nc-nd,https://vimeo.com/271198316,2018-05-22T01:56:57+00:00,1920,1080,equirectangular
265504474,00,vimeo,cc-by-nc,https://vimeo.com/265504474,2018-04-19T04:23:00+00:00,2048,1024,equirectangular
278310926,03,vimeo,cc-by-nc-nd,https://vimeo.com/278310926,2018-07-04T12:06:32+00:00,2048,1024,equirectangular
278310926,00,vimeo,cc-by-nc-nd,https://vimeo.com/278310926,2018-07-04T12:06:32+00:00,2048,1024,equirectangular
278310926,01,vimeo,cc-by-nc-nd,https://vimeo.com/278310926,2018-07-04T12:06:32+00:00,2048,1024,equirectangular
278310926,02,vimeo,cc-by-nc-nd,https://vimeo.com/278310926,2018-07-04T12:06:32+00:00,2048,1024,equirectangular
257145010,00,vimeo,cc-by,https://vimeo.com/257145010,2018-02-23T15:36:06+00:00,2048,1024,equirectangular
254417764,00,vimeo,cc-by,https://vimeo.com/254417764,2018-02-06T01:33:41+00:00,2048,1024,equirectangular
271250426,03,vimeo,cc-by-nc-nd,https://vimeo.com/271250426,2018-05-22T10:47:04+00:00,2048,1024,equirectangular
271250426,00,vimeo,cc-by-nc-nd,https://vimeo.com/271250426,2018-05-22T10:47:04+00:00,2048,1024,equirectangular
271250426,01,vimeo,cc-by-nc-nd,https://vimeo.com/271250426,2018-05-22T10:47:04+00:00,2048,1024,equirectangular
271250426,02,vimeo,cc-by-nc-nd,https://vimeo.com/271250426,2018-05-22T10:47:04+00:00,2048,1024,equirectangular
423300001,03,vimeo,cc-by-nc-nd,https://vimeo.com/423300001,2020-05-27T18:27:18+00:00,2048,1024,equirectangular
423300001,01,vimeo,cc-by-nc-nd,https://vimeo.com/423300001,2020-05-27T18:27:18+00:00,2048,1024,equirectangular
423300001,02,vimeo,cc-by-nc-nd,https://vimeo.com/423300001,2020-05-27T18:27:18+00:00,2048,1024,equirectangular
320057244,03,vimeo,cc-by-nc-nd,https://vimeo.com/320057244,2019-02-27T01:38:37+00:00,1080,540,equirectangular
320057244,00,vimeo,cc-by-nc-nd,https://vimeo.com/320057244,2019-02-27T01:38:37+00:00,1080,540,equirectangular
320057244,05,vimeo,cc-by-nc-nd,https://vimeo.com/320057244,2019-02-27T01:38:37+00:00,1080,540,equirectangular
320057244,01,vimeo,cc-by-nc-nd,https://vimeo.com/320057244,2019-02-27T01:38:37+00:00,1080,540,equirectangular
320057244,04,vimeo,cc-by-nc-nd,https://vimeo.com/320057244,2019-02-27T01:38:37+00:00,1080,540,equirectangular
320057244,02,vimeo,cc-by-nc-nd,https://vimeo.com/320057244,2019-02-27T01:38:37+00:00,1080,540,equirectangular
320084241,00,vimeo,cc-by-nc-nd,https://vimeo.com/320084241,2019-02-27T04:12:44+00:00,2048,1024,equirectangular
321749471,01,vimeo,cc-by,https://vimeo.com/321749471,2019-03-06T14:25:26+00:00,2048,1024,equirectangular
321749471,02,vimeo,cc-by,https://vimeo.com/321749471,2019-03-06T14:25:26+00:00,2048,1024,equirectangular
638708471,15,vimeo,cc-by-nc-sa,https://vimeo.com/638708471,2021-10-25T15:22:42+00:00,1920,1080,equirectangular
638708471,85,vimeo,cc-by-nc-sa,https://vimeo.com/638708471,2021-10-25T15:22:42+00:00,1920,1080,equirectangular
638708471,22,vimeo,cc-by-nc-sa,https://vimeo.com/638708471,2021-10-25T15:22:42+00:00,1920,1080,equirectangular
638708471,56,vimeo,cc-by-nc-sa,https://vimeo.com/638708471,2021-10-25T15:22:42+00:00,1920,1080,equirectangular
638708471,76,vimeo,cc-by-nc-sa,https://vimeo.com/638708471,2021-10-25T15:22:42+00:00,1920,1080,equirectangular
638708471,58,vimeo,cc-by-nc-sa,https://vimeo.com/638708471,2021-10-25T15:22:42+00:00,1920,1080,equirectangular
638708471,96,vimeo,cc-by-nc-sa,https://vimeo.com/638708471,2021-10-25T15:22:42+00:00,1920,1080,equirectangular
638708471,63,vimeo,cc-by-nc-sa,https://vimeo.com/638708471,2021-10-25T15:22:42+00:00,1920,1080,equirectangular
638708471,60,vimeo,cc-by-nc-sa,https://vimeo.com/638708471,2021-10-25T15:22:42+00:00,1920,1080,equirectangular
638708471,00,vimeo,cc-by-nc-sa,https://vimeo.com/638708471,2021-10-25T15:22:42+00:00,1920,1080,equirectangular
638708471,18,vimeo,cc-by-nc-sa,https://vimeo.com/638708471,2021-10-25T15:22:42+00:00,1920,1080,equirectangular
638708471,41,vimeo,cc-by-nc-sa,https://vimeo.com/638708471,2021-10-25T15:22:42+00:00,1920,1080,equirectangular
638708471,07,vimeo,cc-by-nc-sa,https://vimeo.com/638708471,2021-10-25T15:22:42+00:00,1920,1080,equirectangular
638708471,29,vimeo,cc-by-nc-sa,https://vimeo.com/638708471,2021-10-25T15:22:42+00:00,1920,1080,equirectangular
638708471,79,vimeo,cc-by-nc-sa,https://vimeo.com/638708471,2021-10-25T15:22:42+00:00,1920,1080,equirectangular
638708471,102,vimeo,cc-by-nc-sa,https://vimeo.com/638708471,2021-10-25T15:22:42+00:00,1920,1080,equirectangular
638708471,12,vimeo,cc-by-nc-sa,https://vimeo.com/638708471,2021-10-25T15:22:42+00:00,1920,1080,equirectangular
638708471,04,vimeo,cc-by-nc-sa,https://vimeo.com/638708471,2021-10-25T15:22:42+00:00,1920,1080,equirectangular
638708471,72,vimeo,cc-by-nc-sa,https://vimeo.com/638708471,2021-10-25T15:22:42+00:00,1920,1080,equirectangular
638708471,08,vimeo,cc-by-nc-sa,https://vimeo.com/638708471,2021-10-25T15:22:42+00:00,1920,1080,equirectangular
638708471,02,vimeo,cc-by-nc-sa,https://vimeo.com/638708471,2021-10-25T15:22:42+00:00,1920,1080,equirectangular
638708471,38,vimeo,cc-by-nc-sa,https://vimeo.com/638708471,2021-10-25T15:22:42+00:00,1920,1080,equirectangular
638708471,49,vimeo,cc-by-nc-sa,https://vimeo.com/638708471,2021-10-25T15:22:42+00:00,1920,1080,equirectangular
321746668,00,vimeo,cc-by,https://vimeo.com/321746668,2019-03-06T14:12:45+00:00,2048,1024,equirectangular
321746668,05,vimeo,cc-by,https://vimeo.com/321746668,2019-03-06T14:12:45+00:00,2048,1024,equirectangular
321746668,01,vimeo,cc-by,https://vimeo.com/321746668,2019-03-06T14:12:45+00:00,2048,1024,equirectangular
321746668,06,vimeo,cc-by,https://vimeo.com/321746668,2019-03-06T14:12:45+00:00,2048,1024,equirectangular
321746668,04,vimeo,cc-by,https://vimeo.com/321746668,2019-03-06T14:12:45+00:00,2048,1024,equirectangular
220689342,15,vimeo,cc-by-nc-sa,https://vimeo.com/220689342,2017-06-07T19:07:29+00:00,1920,1080,equirectangular
220689342,03,vimeo,cc-by-nc-sa,https://vimeo.com/220689342,2017-06-07T19:07:29+00:00,1920,1080,equirectangular
220689342,17,vimeo,cc-by-nc-sa,https://vimeo.com/220689342,2017-06-07T19:07:29+00:00,1920,1080,equirectangular
220689342,35,vimeo,cc-by-nc-sa,https://vimeo.com/220689342,2017-06-07T19:07:29+00:00,1920,1080,equirectangular
220689342,18,vimeo,cc-by-nc-sa,https://vimeo.com/220689342,2017-06-07T19:07:29+00:00,1920,1080,equirectangular
220689342,07,vimeo,cc-by-nc-sa,https://vimeo.com/220689342,2017-06-07T19:07:29+00:00,1920,1080,equirectangular
220689342,11,vimeo,cc-by-nc-sa,https://vimeo.com/220689342,2017-06-07T19:07:29+00:00,1920,1080,equirectangular
220689342,33,vimeo,cc-by-nc-sa,https://vimeo.com/220689342,2017-06-07T19:07:29+00:00,1920,1080,equirectangular
220689342,05,vimeo,cc-by-nc-sa,https://vimeo.com/220689342,2017-06-07T19:07:29+00:00,1920,1080,equirectangular
220689342,01,vimeo,cc-by-nc-sa,https://vimeo.com/220689342,2017-06-07T19:07:29+00:00,1920,1080,equirectangular
220689342,04,vimeo,cc-by-nc-sa,https://vimeo.com/220689342,2017-06-07T19:07:29+00:00,1920,1080,equirectangular
220689342,27,vimeo,cc-by-nc-sa,https://vimeo.com/220689342,2017-06-07T19:07:29+00:00,1920,1080,equirectangular
220689342,02,vimeo,cc-by-nc-sa,https://vimeo.com/220689342,2017-06-07T19:07:29+00:00,1920,1080,equirectangular
220689342,21,vimeo,cc-by-nc-sa,https://vimeo.com/220689342,2017-06-07T19:07:29+00:00,1920,1080,equirectangular
366547834,50,vimeo,cc-by-nc-sa,https://vimeo.com/366547834,2019-10-15T17:33:21+00:00,1920,1080,equirectangular
366547834,64,vimeo,cc-by-nc-sa,https://vimeo.com/366547834,2019-10-15T17:33:21+00:00,1920,1080,equirectangular
366547834,30,vimeo,cc-by-nc-sa,https://vimeo.com/366547834,2019-10-15T17:33:21+00:00,1920,1080,equirectangular
366547834,34,vimeo,cc-by-nc-sa,https://vimeo.com/366547834,2019-10-15T17:33:21+00:00,1920,1080,equirectangular
366547834,15,vimeo,cc-by-nc-sa,https://vimeo.com/366547834,2019-10-15T17:33:21+00:00,1920,1080,equirectangular
366547834,65,vimeo,cc-by-nc-sa,https://vimeo.com/366547834,2019-10-15T17:33:21+00:00,1920,1080,equirectangular
366547834,22,vimeo,cc-by-nc-sa,https://vimeo.com/366547834,2019-10-15T17:33:21+00:00,1920,1080,equirectangular
366547834,56,vimeo,cc-by-nc-sa,https://vimeo.com/366547834,2019-10-15T17:33:21+00:00,1920,1080,equirectangular
366547834,71,vimeo,cc-by-nc-sa,https://vimeo.com/366547834,2019-10-15T17:33:21+00:00,1920,1080,equirectangular
366547834,03,vimeo,cc-by-nc-sa,https://vimeo.com/366547834,2019-10-15T17:33:21+00:00,1920,1080,equirectangular
366547834,23,vimeo,cc-by-nc-sa,https://vimeo.com/366547834,2019-10-15T17:33:21+00:00,1920,1080,equirectangular
366547834,52,vimeo,cc-by-nc-sa,https://vimeo.com/366547834,2019-10-15T17:33:21+00:00,1920,1080,equirectangular
366547834,57,vimeo,cc-by-nc-sa,https://vimeo.com/366547834,2019-10-15T17:33:21+00:00,1920,1080,equirectangular
366547834,10,vimeo,cc-by-nc-sa,https://vimeo.com/366547834,2019-10-15T17:33:21+00:00,1920,1080,equirectangular
366547834,58,vimeo,cc-by-nc-sa,https://vimeo.com/366547834,2019-10-15T17:33:21+00:00,1920,1080,equirectangular
366547834,13,vimeo,cc-by-nc-sa,https://vimeo.com/366547834,2019-10-15T17:33:21+00:00,1920,1080,equirectangular
366547834,17,vimeo,cc-by-nc-sa,https://vimeo.com/366547834,2019-10-15T17:33:21+00:00,1920,1080,equirectangular
366547834,45,vimeo,cc-by-nc-sa,https://vimeo.com/366547834,2019-10-15T17:33:21+00:00,1920,1080,equirectangular
366547834,59,vimeo,cc-by-nc-sa,https://vimeo.com/366547834,2019-10-15T17:33:21+00:00,1920,1080,equirectangular
366547834,31,vimeo,cc-by-nc-sa,https://vimeo.com/366547834,2019-10-15T17:33:21+00:00,1920,1080,equirectangular
366547834,16,vimeo,cc-by-nc-sa,https://vimeo.com/366547834,2019-10-15T17:33:21+00:00,1920,1080,equirectangular
366547834,63,vimeo,cc-by-nc-sa,https://vimeo.com/366547834,2019-10-15T17:33:21+00:00,1920,1080,equirectangular
366547834,60,vimeo,cc-by-nc-sa,https://vimeo.com/366547834,2019-10-15T17:33:21+00:00,1920,1080,equirectangular
366547834,35,vimeo,cc-by-nc-sa,https://vimeo.com/366547834,2019-10-15T17:33:21+00:00,1920,1080,equirectangular
366547834,25,vimeo,cc-by-nc-sa,https://vimeo.com/366547834,2019-10-15T17:33:21+00:00,1920,1080,equirectangular
366547834,18,vimeo,cc-by-nc-sa,https://vimeo.com/366547834,2019-10-15T17:33:21+00:00,1920,1080,equirectangular
366547834,70,vimeo,cc-by-nc-sa,https://vimeo.com/366547834,2019-10-15T17:33:21+00:00,1920,1080,equirectangular
366547834,09,vimeo,cc-by-nc-sa,https://vimeo.com/366547834,2019-10-15T17:33:21+00:00,1920,1080,equirectangular
366547834,68,vimeo,cc-by-nc-sa,https://vimeo.com/366547834,2019-10-15T17:33:21+00:00,1920,1080,equirectangular
366547834,26,vimeo,cc-by-nc-sa,https://vimeo.com/366547834,2019-10-15T17:33:21+00:00,1920,1080,equirectangular
366547834,41,vimeo,cc-by-nc-sa,https://vimeo.com/366547834,2019-10-15T17:33:21+00:00,1920,1080,equirectangular
366547834,54,vimeo,cc-by-nc-sa,https://vimeo.com/366547834,2019-10-15T17:33:21+00:00,1920,1080,equirectangular
366547834,44,vimeo,cc-by-nc-sa,https://vimeo.com/366547834,2019-10-15T17:33:21+00:00,1920,1080,equirectangular
366547834,61,vimeo,cc-by-nc-sa,https://vimeo.com/366547834,2019-10-15T17:33:21+00:00,1920,1080,equirectangular
366547834,07,vimeo,cc-by-nc-sa,https://vimeo.com/366547834,2019-10-15T17:33:21+00:00,1920,1080,equirectangular
366547834,29,vimeo,cc-by-nc-sa,https://vimeo.com/366547834,2019-10-15T17:33:21+00:00,1920,1080,equirectangular
366547834,37,vimeo,cc-by-nc-sa,https://vimeo.com/366547834,2019-10-15T17:33:21+00:00,1920,1080,equirectangular
366547834,28,vimeo,cc-by-nc-sa,https://vimeo.com/366547834,2019-10-15T17:33:21+00:00,1920,1080,equirectangular
366547834,11,vimeo,cc-by-nc-sa,https://vimeo.com/366547834,2019-10-15T17:33:21+00:00,1920,1080,equirectangular
366547834,33,vimeo,cc-by-nc-sa,https://vimeo.com/366547834,2019-10-15T17:33:21+00:00,1920,1080,equirectangular
366547834,05,vimeo,cc-by-nc-sa,https://vimeo.com/366547834,2019-10-15T17:33:21+00:00,1920,1080,equirectangular
366547834,46,vimeo,cc-by-nc-sa,https://vimeo.com/366547834,2019-10-15T17:33:21+00:00,1920,1080,equirectangular
366547834,73,vimeo,cc-by-nc-sa,https://vimeo.com/366547834,2019-10-15T17:33:21+00:00,1920,1080,equirectangular
366547834,20,vimeo,cc-by-nc-sa,https://vimeo.com/366547834,2019-10-15T17:33:21+00:00,1920,1080,equirectangular
366547834,12,vimeo,cc-by-nc-sa,https://vimeo.com/366547834,2019-10-15T17:33:21+00:00,1920,1080,equirectangular
366547834,67,vimeo,cc-by-nc-sa,https://vimeo.com/366547834,2019-10-15T17:33:21+00:00,1920,1080,equirectangular
366547834,14,vimeo,cc-by-nc-sa,https://vimeo.com/366547834,2019-10-15T17:33:21+00:00,1920,1080,equirectangular
366547834,32,vimeo,cc-by-nc-sa,https://vimeo.com/366547834,2019-10-15T17:33:21+00:00,1920,1080,equirectangular
366547834,40,vimeo,cc-by-nc-sa,https://vimeo.com/366547834,2019-10-15T17:33:21+00:00,1920,1080,equirectangular
366547834,69,vimeo,cc-by-nc-sa,https://vimeo.com/366547834,2019-10-15T17:33:21+00:00,1920,1080,equirectangular
366547834,42,vimeo,cc-by-nc-sa,https://vimeo.com/366547834,2019-10-15T17:33:21+00:00,1920,1080,equirectangular
366547834,04,vimeo,cc-by-nc-sa,https://vimeo.com/366547834,2019-10-15T17:33:21+00:00,1920,1080,equirectangular
366547834,72,vimeo,cc-by-nc-sa,https://vimeo.com/366547834,2019-10-15T17:33:21+00:00,1920,1080,equirectangular
366547834,19,vimeo,cc-by-nc-sa,https://vimeo.com/366547834,2019-10-15T17:33:21+00:00,1920,1080,equirectangular
366547834,47,vimeo,cc-by-nc-sa,https://vimeo.com/366547834,2019-10-15T17:33:21+00:00,1920,1080,equirectangular
366547834,27,vimeo,cc-by-nc-sa,https://vimeo.com/366547834,2019-10-15T17:33:21+00:00,1920,1080,equirectangular
366547834,66,vimeo,cc-by-nc-sa,https://vimeo.com/366547834,2019-10-15T17:33:21+00:00,1920,1080,equirectangular
366547834,08,vimeo,cc-by-nc-sa,https://vimeo.com/366547834,2019-10-15T17:33:21+00:00,1920,1080,equirectangular
366547834,02,vimeo,cc-by-nc-sa,https://vimeo.com/366547834,2019-10-15T17:33:21+00:00,1920,1080,equirectangular
366547834,38,vimeo,cc-by-nc-sa,https://vimeo.com/366547834,2019-10-15T17:33:21+00:00,1920,1080,equirectangular
366547834,21,vimeo,cc-by-nc-sa,https://vimeo.com/366547834,2019-10-15T17:33:21+00:00,1920,1080,equirectangular
366547834,53,vimeo,cc-by-nc-sa,https://vimeo.com/366547834,2019-10-15T17:33:21+00:00,1920,1080,equirectangular
366547834,62,vimeo,cc-by-nc-sa,https://vimeo.com/366547834,2019-10-15T17:33:21+00:00,1920,1080,equirectangular
366547834,43,vimeo,cc-by-nc-sa,https://vimeo.com/366547834,2019-10-15T17:33:21+00:00,1920,1080,equirectangular
721847588,50,vimeo,cc-by-nc-sa,https://vimeo.com/721847588,2022-06-19T04:58:44+00:00,2048,1024,equirectangular
721847588,64,vimeo,cc-by-nc-sa,https://vimeo.com/721847588,2022-06-19T04:58:44+00:00,2048,1024,equirectangular
721847588,30,vimeo,cc-by-nc-sa,https://vimeo.com/721847588,2022-06-19T04:58:44+00:00,2048,1024,equirectangular
721847588,77,vimeo,cc-by-nc-sa,https://vimeo.com/721847588,2022-06-19T04:58:44+00:00,2048,1024,equirectangular
721847588,86,vimeo,cc-by-nc-sa,https://vimeo.com/721847588,2022-06-19T04:58:44+00:00,2048,1024,equirectangular
721847588,34,vimeo,cc-by-nc-sa,https://vimeo.com/721847588,2022-06-19T04:58:44+00:00,2048,1024,equirectangular
721847588,15,vimeo,cc-by-nc-sa,https://vimeo.com/721847588,2022-06-19T04:58:44+00:00,2048,1024,equirectangular
721847588,85,vimeo,cc-by-nc-sa,https://vimeo.com/721847588,2022-06-19T04:58:44+00:00,2048,1024,equirectangular
721847588,65,vimeo,cc-by-nc-sa,https://vimeo.com/721847588,2022-06-19T04:58:44+00:00,2048,1024,equirectangular
721847588,91,vimeo,cc-by-nc-sa,https://vimeo.com/721847588,2022-06-19T04:58:44+00:00,2048,1024,equirectangular
721847588,99,vimeo,cc-by-nc-sa,https://vimeo.com/721847588,2022-06-19T04:58:44+00:00,2048,1024,equirectangular
721847588,22,vimeo,cc-by-nc-sa,https://vimeo.com/721847588,2022-06-19T04:58:44+00:00,2048,1024,equirectangular
721847588,56,vimeo,cc-by-nc-sa,https://vimeo.com/721847588,2022-06-19T04:58:44+00:00,2048,1024,equirectangular
721847588,76,vimeo,cc-by-nc-sa,https://vimeo.com/721847588,2022-06-19T04:58:44+00:00,2048,1024,equirectangular
721847588,71,vimeo,cc-by-nc-sa,https://vimeo.com/721847588,2022-06-19T04:58:44+00:00,2048,1024,equirectangular
721847588,03,vimeo,cc-by-nc-sa,https://vimeo.com/721847588,2022-06-19T04:58:44+00:00,2048,1024,equirectangular
721847588,104,vimeo,cc-by-nc-sa,https://vimeo.com/721847588,2022-06-19T04:58:44+00:00,2048,1024,equirectangular
721847588,23,vimeo,cc-by-nc-sa,https://vimeo.com/721847588,2022-06-19T04:58:44+00:00,2048,1024,equirectangular
721847588,52,vimeo,cc-by-nc-sa,https://vimeo.com/721847588,2022-06-19T04:58:44+00:00,2048,1024,equirectangular
721847588,57,vimeo,cc-by-nc-sa,https://vimeo.com/721847588,2022-06-19T04:58:44+00:00,2048,1024,equirectangular
721847588,10,vimeo,cc-by-nc-sa,https://vimeo.com/721847588,2022-06-19T04:58:44+00:00,2048,1024,equirectangular
721847588,95,vimeo,cc-by-nc-sa,https://vimeo.com/721847588,2022-06-19T04:58:44+00:00,2048,1024,equirectangular
721847588,90,vimeo,cc-by-nc-sa,https://vimeo.com/721847588,2022-06-19T04:58:44+00:00,2048,1024,equirectangular
721847588,58,vimeo,cc-by-nc-sa,https://vimeo.com/721847588,2022-06-19T04:58:44+00:00,2048,1024,equirectangular
721847588,92,vimeo,cc-by-nc-sa,https://vimeo.com/721847588,2022-06-19T04:58:44+00:00,2048,1024,equirectangular
721847588,13,vimeo,cc-by-nc-sa,https://vimeo.com/721847588,2022-06-19T04:58:44+00:00,2048,1024,equirectangular
721847588,36,vimeo,cc-by-nc-sa,https://vimeo.com/721847588,2022-06-19T04:58:44+00:00,2048,1024,equirectangular
721847588,103,vimeo,cc-by-nc-sa,https://vimeo.com/721847588,2022-06-19T04:58:44+00:00,2048,1024,equirectangular
721847588,45,vimeo,cc-by-nc-sa,https://vimeo.com/721847588,2022-06-19T04:58:44+00:00,2048,1024,equirectangular
721847588,75,vimeo,cc-by-nc-sa,https://vimeo.com/721847588,2022-06-19T04:58:44+00:00,2048,1024,equirectangular
721847588,74,vimeo,cc-by-nc-sa,https://vimeo.com/721847588,2022-06-19T04:58:44+00:00,2048,1024,equirectangular
721847588,59,vimeo,cc-by-nc-sa,https://vimeo.com/721847588,2022-06-19T04:58:44+00:00,2048,1024,equirectangular
721847588,31,vimeo,cc-by-nc-sa,https://vimeo.com/721847588,2022-06-19T04:58:44+00:00,2048,1024,equirectangular
721847588,100,vimeo,cc-by-nc-sa,https://vimeo.com/721847588,2022-06-19T04:58:44+00:00,2048,1024,equirectangular
721847588,96,vimeo,cc-by-nc-sa,https://vimeo.com/721847588,2022-06-19T04:58:44+00:00,2048,1024,equirectangular
721847588,16,vimeo,cc-by-nc-sa,https://vimeo.com/721847588,2022-06-19T04:58:44+00:00,2048,1024,equirectangular
721847588,51,vimeo,cc-by-nc-sa,https://vimeo.com/721847588,2022-06-19T04:58:44+00:00,2048,1024,equirectangular
721847588,63,vimeo,cc-by-nc-sa,https://vimeo.com/721847588,2022-06-19T04:58:44+00:00,2048,1024,equirectangular
721847588,107,vimeo,cc-by-nc-sa,https://vimeo.com/721847588,2022-06-19T04:58:44+00:00,2048,1024,equirectangular
721847588,60,vimeo,cc-by-nc-sa,https://vimeo.com/721847588,2022-06-19T04:58:44+00:00,2048,1024,equirectangular
721847588,35,vimeo,cc-by-nc-sa,https://vimeo.com/721847588,2022-06-19T04:58:44+00:00,2048,1024,equirectangular
721847588,00,vimeo,cc-by-nc-sa,https://vimeo.com/721847588,2022-06-19T04:58:44+00:00,2048,1024,equirectangular
721847588,25,vimeo,cc-by-nc-sa,https://vimeo.com/721847588,2022-06-19T04:58:44+00:00,2048,1024,equirectangular
721847588,88,vimeo,cc-by-nc-sa,https://vimeo.com/721847588,2022-06-19T04:58:44+00:00,2048,1024,equirectangular
721847588,18,vimeo,cc-by-nc-sa,https://vimeo.com/721847588,2022-06-19T04:58:44+00:00,2048,1024,equirectangular
721847588,93,vimeo,cc-by-nc-sa,https://vimeo.com/721847588,2022-06-19T04:58:44+00:00,2048,1024,equirectangular
721847588,109,vimeo,cc-by-nc-sa,https://vimeo.com/721847588,2022-06-19T04:58:44+00:00,2048,1024,equirectangular
721847588,24,vimeo,cc-by-nc-sa,https://vimeo.com/721847588,2022-06-19T04:58:44+00:00,2048,1024,equirectangular
721847588,70,vimeo,cc-by-nc-sa,https://vimeo.com/721847588,2022-06-19T04:58:44+00:00,2048,1024,equirectangular
721847588,09,vimeo,cc-by-nc-sa,https://vimeo.com/721847588,2022-06-19T04:58:44+00:00,2048,1024,equirectangular
721847588,87,vimeo,cc-by-nc-sa,https://vimeo.com/721847588,2022-06-19T04:58:44+00:00,2048,1024,equirectangular
721847588,68,vimeo,cc-by-nc-sa,https://vimeo.com/721847588,2022-06-19T04:58:44+00:00,2048,1024,equirectangular
721847588,26,vimeo,cc-by-nc-sa,https://vimeo.com/721847588,2022-06-19T04:58:44+00:00,2048,1024,equirectangular
721847588,41,vimeo,cc-by-nc-sa,https://vimeo.com/721847588,2022-06-19T04:58:44+00:00,2048,1024,equirectangular
721847588,54,vimeo,cc-by-nc-sa,https://vimeo.com/721847588,2022-06-19T04:58:44+00:00,2048,1024,equirectangular
721847588,44,vimeo,cc-by-nc-sa,https://vimeo.com/721847588,2022-06-19T04:58:44+00:00,2048,1024,equirectangular
721847588,61,vimeo,cc-by-nc-sa,https://vimeo.com/721847588,2022-06-19T04:58:44+00:00,2048,1024,equirectangular
721847588,07,vimeo,cc-by-nc-sa,https://vimeo.com/721847588,2022-06-19T04:58:44+00:00,2048,1024,equirectangular
721847588,29,vimeo,cc-by-nc-sa,https://vimeo.com/721847588,2022-06-19T04:58:44+00:00,2048,1024,equirectangular
721847588,37,vimeo,cc-by-nc-sa,https://vimeo.com/721847588,2022-06-19T04:58:44+00:00,2048,1024,equirectangular
721847588,79,vimeo,cc-by-nc-sa,https://vimeo.com/721847588,2022-06-19T04:58:44+00:00,2048,1024,equirectangular
721847588,28,vimeo,cc-by-nc-sa,https://vimeo.com/721847588,2022-06-19T04:58:44+00:00,2048,1024,equirectangular
721847588,102,vimeo,cc-by-nc-sa,https://vimeo.com/721847588,2022-06-19T04:58:44+00:00,2048,1024,equirectangular
721847588,81,vimeo,cc-by-nc-sa,https://vimeo.com/721847588,2022-06-19T04:58:44+00:00,2048,1024,equirectangular
721847588,82,vimeo,cc-by-nc-sa,https://vimeo.com/721847588,2022-06-19T04:58:44+00:00,2048,1024,equirectangular
721847588,11,vimeo,cc-by-nc-sa,https://vimeo.com/721847588,2022-06-19T04:58:44+00:00,2048,1024,equirectangular
721847588,33,vimeo,cc-by-nc-sa,https://vimeo.com/721847588,2022-06-19T04:58:44+00:00,2048,1024,equirectangular
721847588,05,vimeo,cc-by-nc-sa,https://vimeo.com/721847588,2022-06-19T04:58:44+00:00,2048,1024,equirectangular
721847588,46,vimeo,cc-by-nc-sa,https://vimeo.com/721847588,2022-06-19T04:58:44+00:00,2048,1024,equirectangular
721847588,73,vimeo,cc-by-nc-sa,https://vimeo.com/721847588,2022-06-19T04:58:44+00:00,2048,1024,equirectangular
721847588,20,vimeo,cc-by-nc-sa,https://vimeo.com/721847588,2022-06-19T04:58:44+00:00,2048,1024,equirectangular
721847588,106,vimeo,cc-by-nc-sa,https://vimeo.com/721847588,2022-06-19T04:58:44+00:00,2048,1024,equirectangular
721847588,12,vimeo,cc-by-nc-sa,https://vimeo.com/721847588,2022-06-19T04:58:44+00:00,2048,1024,equirectangular
721847588,67,vimeo,cc-by-nc-sa,https://vimeo.com/721847588,2022-06-19T04:58:44+00:00,2048,1024,equirectangular
721847588,14,vimeo,cc-by-nc-sa,https://vimeo.com/721847588,2022-06-19T04:58:44+00:00,2048,1024,equirectangular
721847588,01,vimeo,cc-by-nc-sa,https://vimeo.com/721847588,2022-06-19T04:58:44+00:00,2048,1024,equirectangular
721847588,84,vimeo,cc-by-nc-sa,https://vimeo.com/721847588,2022-06-19T04:58:44+00:00,2048,1024,equirectangular
721847588,40,vimeo,cc-by-nc-sa,https://vimeo.com/721847588,2022-06-19T04:58:44+00:00,2048,1024,equirectangular
721847588,69,vimeo,cc-by-nc-sa,https://vimeo.com/721847588,2022-06-19T04:58:44+00:00,2048,1024,equirectangular
721847588,06,vimeo,cc-by-nc-sa,https://vimeo.com/721847588,2022-06-19T04:58:44+00:00,2048,1024,equirectangular
721847588,55,vimeo,cc-by-nc-sa,https://vimeo.com/721847588,2022-06-19T04:58:44+00:00,2048,1024,equirectangular
721847588,42,vimeo,cc-by-nc-sa,https://vimeo.com/721847588,2022-06-19T04:58:44+00:00,2048,1024,equirectangular
721847588,80,vimeo,cc-by-nc-sa,https://vimeo.com/721847588,2022-06-19T04:58:44+00:00,2048,1024,equirectangular
721847588,04,vimeo,cc-by-nc-sa,https://vimeo.com/721847588,2022-06-19T04:58:44+00:00,2048,1024,equirectangular
721847588,78,vimeo,cc-by-nc-sa,https://vimeo.com/721847588,2022-06-19T04:58:44+00:00,2048,1024,equirectangular
721847588,72,vimeo,cc-by-nc-sa,https://vimeo.com/721847588,2022-06-19T04:58:44+00:00,2048,1024,equirectangular
721847588,19,vimeo,cc-by-nc-sa,https://vimeo.com/721847588,2022-06-19T04:58:44+00:00,2048,1024,equirectangular
721847588,47,vimeo,cc-by-nc-sa,https://vimeo.com/721847588,2022-06-19T04:58:44+00:00,2048,1024,equirectangular
721847588,27,vimeo,cc-by-nc-sa,https://vimeo.com/721847588,2022-06-19T04:58:44+00:00,2048,1024,equirectangular
721847588,48,vimeo,cc-by-nc-sa,https://vimeo.com/721847588,2022-06-19T04:58:44+00:00,2048,1024,equirectangular
721847588,66,vimeo,cc-by-nc-sa,https://vimeo.com/721847588,2022-06-19T04:58:44+00:00,2048,1024,equirectangular
721847588,98,vimeo,cc-by-nc-sa,https://vimeo.com/721847588,2022-06-19T04:58:44+00:00,2048,1024,equirectangular
721847588,97,vimeo,cc-by-nc-sa,https://vimeo.com/721847588,2022-06-19T04:58:44+00:00,2048,1024,equirectangular
721847588,08,vimeo,cc-by-nc-sa,https://vimeo.com/721847588,2022-06-19T04:58:44+00:00,2048,1024,equirectangular
721847588,02,vimeo,cc-by-nc-sa,https://vimeo.com/721847588,2022-06-19T04:58:44+00:00,2048,1024,equirectangular
721847588,108,vimeo,cc-by-nc-sa,https://vimeo.com/721847588,2022-06-19T04:58:44+00:00,2048,1024,equirectangular
721847588,38,vimeo,cc-by-nc-sa,https://vimeo.com/721847588,2022-06-19T04:58:44+00:00,2048,1024,equirectangular
721847588,21,vimeo,cc-by-nc-sa,https://vimeo.com/721847588,2022-06-19T04:58:44+00:00,2048,1024,equirectangular
721847588,83,vimeo,cc-by-nc-sa,https://vimeo.com/721847588,2022-06-19T04:58:44+00:00,2048,1024,equirectangular
721847588,49,vimeo,cc-by-nc-sa,https://vimeo.com/721847588,2022-06-19T04:58:44+00:00,2048,1024,equirectangular
721847588,94,vimeo,cc-by-nc-sa,https://vimeo.com/721847588,2022-06-19T04:58:44+00:00,2048,1024,equirectangular
721847588,101,vimeo,cc-by-nc-sa,https://vimeo.com/721847588,2022-06-19T04:58:44+00:00,2048,1024,equirectangular
721847588,53,vimeo,cc-by-nc-sa,https://vimeo.com/721847588,2022-06-19T04:58:44+00:00,2048,1024,equirectangular
721847588,105,vimeo,cc-by-nc-sa,https://vimeo.com/721847588,2022-06-19T04:58:44+00:00,2048,1024,equirectangular
721847588,62,vimeo,cc-by-nc-sa,https://vimeo.com/721847588,2022-06-19T04:58:44+00:00,2048,1024,equirectangular
721847588,43,vimeo,cc-by-nc-sa,https://vimeo.com/721847588,2022-06-19T04:58:44+00:00,2048,1024,equirectangular
721847588,89,vimeo,cc-by-nc-sa,https://vimeo.com/721847588,2022-06-19T04:58:44+00:00,2048,1024,equirectangular
721847588,39,vimeo,cc-by-nc-sa,https://vimeo.com/721847588,2022-06-19T04:58:44+00:00,2048,1024,equirectangular
674729624,50,vimeo,cc-by-nc-sa,https://vimeo.com/674729624,2022-02-08T06:37:50+00:00,2048,1024,equirectangular
674729624,64,vimeo,cc-by-nc-sa,https://vimeo.com/674729624,2022-02-08T06:37:50+00:00,2048,1024,equirectangular
674729624,30,vimeo,cc-by-nc-sa,https://vimeo.com/674729624,2022-02-08T06:37:50+00:00,2048,1024,equirectangular
674729624,77,vimeo,cc-by-nc-sa,https://vimeo.com/674729624,2022-02-08T06:37:50+00:00,2048,1024,equirectangular
674729624,86,vimeo,cc-by-nc-sa,https://vimeo.com/674729624,2022-02-08T06:37:50+00:00,2048,1024,equirectangular
674729624,34,vimeo,cc-by-nc-sa,https://vimeo.com/674729624,2022-02-08T06:37:50+00:00,2048,1024,equirectangular
674729624,15,vimeo,cc-by-nc-sa,https://vimeo.com/674729624,2022-02-08T06:37:50+00:00,2048,1024,equirectangular
674729624,85,vimeo,cc-by-nc-sa,https://vimeo.com/674729624,2022-02-08T06:37:50+00:00,2048,1024,equirectangular
674729624,65,vimeo,cc-by-nc-sa,https://vimeo.com/674729624,2022-02-08T06:37:50+00:00,2048,1024,equirectangular
674729624,22,vimeo,cc-by-nc-sa,https://vimeo.com/674729624,2022-02-08T06:37:50+00:00,2048,1024,equirectangular
674729624,56,vimeo,cc-by-nc-sa,https://vimeo.com/674729624,2022-02-08T06:37:50+00:00,2048,1024,equirectangular
674729624,76,vimeo,cc-by-nc-sa,https://vimeo.com/674729624,2022-02-08T06:37:50+00:00,2048,1024,equirectangular
674729624,71,vimeo,cc-by-nc-sa,https://vimeo.com/674729624,2022-02-08T06:37:50+00:00,2048,1024,equirectangular
674729624,03,vimeo,cc-by-nc-sa,https://vimeo.com/674729624,2022-02-08T06:37:50+00:00,2048,1024,equirectangular
674729624,23,vimeo,cc-by-nc-sa,https://vimeo.com/674729624,2022-02-08T06:37:50+00:00,2048,1024,equirectangular
674729624,52,vimeo,cc-by-nc-sa,https://vimeo.com/674729624,2022-02-08T06:37:50+00:00,2048,1024,equirectangular
674729624,57,vimeo,cc-by-nc-sa,https://vimeo.com/674729624,2022-02-08T06:37:50+00:00,2048,1024,equirectangular
674729624,10,vimeo,cc-by-nc-sa,https://vimeo.com/674729624,2022-02-08T06:37:50+00:00,2048,1024,equirectangular
674729624,58,vimeo,cc-by-nc-sa,https://vimeo.com/674729624,2022-02-08T06:37:50+00:00,2048,1024,equirectangular
674729624,13,vimeo,cc-by-nc-sa,https://vimeo.com/674729624,2022-02-08T06:37:50+00:00,2048,1024,equirectangular
674729624,17,vimeo,cc-by-nc-sa,https://vimeo.com/674729624,2022-02-08T06:37:50+00:00,2048,1024,equirectangular
674729624,36,vimeo,cc-by-nc-sa,https://vimeo.com/674729624,2022-02-08T06:37:50+00:00,2048,1024,equirectangular
674729624,45,vimeo,cc-by-nc-sa,https://vimeo.com/674729624,2022-02-08T06:37:50+00:00,2048,1024,equirectangular
674729624,75,vimeo,cc-by-nc-sa,https://vimeo.com/674729624,2022-02-08T06:37:50+00:00,2048,1024,equirectangular
674729624,74,vimeo,cc-by-nc-sa,https://vimeo.com/674729624,2022-02-08T06:37:50+00:00,2048,1024,equirectangular
674729624,59,vimeo,cc-by-nc-sa,https://vimeo.com/674729624,2022-02-08T06:37:50+00:00,2048,1024,equirectangular
674729624,31,vimeo,cc-by-nc-sa,https://vimeo.com/674729624,2022-02-08T06:37:50+00:00,2048,1024,equirectangular
674729624,16,vimeo,cc-by-nc-sa,https://vimeo.com/674729624,2022-02-08T06:37:50+00:00,2048,1024,equirectangular
674729624,51,vimeo,cc-by-nc-sa,https://vimeo.com/674729624,2022-02-08T06:37:50+00:00,2048,1024,equirectangular
674729624,63,vimeo,cc-by-nc-sa,https://vimeo.com/674729624,2022-02-08T06:37:50+00:00,2048,1024,equirectangular
674729624,60,vimeo,cc-by-nc-sa,https://vimeo.com/674729624,2022-02-08T06:37:50+00:00,2048,1024,equirectangular
674729624,35,vimeo,cc-by-nc-sa,https://vimeo.com/674729624,2022-02-08T06:37:50+00:00,2048,1024,equirectangular
674729624,00,vimeo,cc-by-nc-sa,https://vimeo.com/674729624,2022-02-08T06:37:50+00:00,2048,1024,equirectangular
674729624,25,vimeo,cc-by-nc-sa,https://vimeo.com/674729624,2022-02-08T06:37:50+00:00,2048,1024,equirectangular
674729624,88,vimeo,cc-by-nc-sa,https://vimeo.com/674729624,2022-02-08T06:37:50+00:00,2048,1024,equirectangular
674729624,18,vimeo,cc-by-nc-sa,https://vimeo.com/674729624,2022-02-08T06:37:50+00:00,2048,1024,equirectangular
674729624,24,vimeo,cc-by-nc-sa,https://vimeo.com/674729624,2022-02-08T06:37:50+00:00,2048,1024,equirectangular
674729624,09,vimeo,cc-by-nc-sa,https://vimeo.com/674729624,2022-02-08T06:37:50+00:00,2048,1024,equirectangular
674729624,87,vimeo,cc-by-nc-sa,https://vimeo.com/674729624,2022-02-08T06:37:50+00:00,2048,1024,equirectangular
674729624,68,vimeo,cc-by-nc-sa,https://vimeo.com/674729624,2022-02-08T06:37:50+00:00,2048,1024,equirectangular
674729624,26,vimeo,cc-by-nc-sa,https://vimeo.com/674729624,2022-02-08T06:37:50+00:00,2048,1024,equirectangular
674729624,41,vimeo,cc-by-nc-sa,https://vimeo.com/674729624,2022-02-08T06:37:50+00:00,2048,1024,equirectangular
674729624,54,vimeo,cc-by-nc-sa,https://vimeo.com/674729624,2022-02-08T06:37:50+00:00,2048,1024,equirectangular
674729624,44,vimeo,cc-by-nc-sa,https://vimeo.com/674729624,2022-02-08T06:37:50+00:00,2048,1024,equirectangular
674729624,61,vimeo,cc-by-nc-sa,https://vimeo.com/674729624,2022-02-08T06:37:50+00:00,2048,1024,equirectangular
674729624,07,vimeo,cc-by-nc-sa,https://vimeo.com/674729624,2022-02-08T06:37:50+00:00,2048,1024,equirectangular
674729624,29,vimeo,cc-by-nc-sa,https://vimeo.com/674729624,2022-02-08T06:37:50+00:00,2048,1024,equirectangular
674729624,37,vimeo,cc-by-nc-sa,https://vimeo.com/674729624,2022-02-08T06:37:50+00:00,2048,1024,equirectangular
674729624,79,vimeo,cc-by-nc-sa,https://vimeo.com/674729624,2022-02-08T06:37:50+00:00,2048,1024,equirectangular
674729624,28,vimeo,cc-by-nc-sa,https://vimeo.com/674729624,2022-02-08T06:37:50+00:00,2048,1024,equirectangular
674729624,81,vimeo,cc-by-nc-sa,https://vimeo.com/674729624,2022-02-08T06:37:50+00:00,2048,1024,equirectangular
674729624,82,vimeo,cc-by-nc-sa,https://vimeo.com/674729624,2022-02-08T06:37:50+00:00,2048,1024,equirectangular
674729624,11,vimeo,cc-by-nc-sa,https://vimeo.com/674729624,2022-02-08T06:37:50+00:00,2048,1024,equirectangular
674729624,33,vimeo,cc-by-nc-sa,https://vimeo.com/674729624,2022-02-08T06:37:50+00:00,2048,1024,equirectangular
674729624,05,vimeo,cc-by-nc-sa,https://vimeo.com/674729624,2022-02-08T06:37:50+00:00,2048,1024,equirectangular
674729624,46,vimeo,cc-by-nc-sa,https://vimeo.com/674729624,2022-02-08T06:37:50+00:00,2048,1024,equirectangular
674729624,73,vimeo,cc-by-nc-sa,https://vimeo.com/674729624,2022-02-08T06:37:50+00:00,2048,1024,equirectangular
674729624,20,vimeo,cc-by-nc-sa,https://vimeo.com/674729624,2022-02-08T06:37:50+00:00,2048,1024,equirectangular
674729624,12,vimeo,cc-by-nc-sa,https://vimeo.com/674729624,2022-02-08T06:37:50+00:00,2048,1024,equirectangular
674729624,67,vimeo,cc-by-nc-sa,https://vimeo.com/674729624,2022-02-08T06:37:50+00:00,2048,1024,equirectangular
674729624,14,vimeo,cc-by-nc-sa,https://vimeo.com/674729624,2022-02-08T06:37:50+00:00,2048,1024,equirectangular
674729624,01,vimeo,cc-by-nc-sa,https://vimeo.com/674729624,2022-02-08T06:37:50+00:00,2048,1024,equirectangular
674729624,84,vimeo,cc-by-nc-sa,https://vimeo.com/674729624,2022-02-08T06:37:50+00:00,2048,1024,equirectangular
674729624,32,vimeo,cc-by-nc-sa,https://vimeo.com/674729624,2022-02-08T06:37:50+00:00,2048,1024,equirectangular
674729624,40,vimeo,cc-by-nc-sa,https://vimeo.com/674729624,2022-02-08T06:37:50+00:00,2048,1024,equirectangular
674729624,69,vimeo,cc-by-nc-sa,https://vimeo.com/674729624,2022-02-08T06:37:50+00:00,2048,1024,equirectangular
674729624,06,vimeo,cc-by-nc-sa,https://vimeo.com/674729624,2022-02-08T06:37:50+00:00,2048,1024,equirectangular
674729624,55,vimeo,cc-by-nc-sa,https://vimeo.com/674729624,2022-02-08T06:37:50+00:00,2048,1024,equirectangular
674729624,42,vimeo,cc-by-nc-sa,https://vimeo.com/674729624,2022-02-08T06:37:50+00:00,2048,1024,equirectangular
674729624,80,vimeo,cc-by-nc-sa,https://vimeo.com/674729624,2022-02-08T06:37:50+00:00,2048,1024,equirectangular
674729624,04,vimeo,cc-by-nc-sa,https://vimeo.com/674729624,2022-02-08T06:37:50+00:00,2048,1024,equirectangular
674729624,78,vimeo,cc-by-nc-sa,https://vimeo.com/674729624,2022-02-08T06:37:50+00:00,2048,1024,equirectangular
674729624,72,vimeo,cc-by-nc-sa,https://vimeo.com/674729624,2022-02-08T06:37:50+00:00,2048,1024,equirectangular
674729624,19,vimeo,cc-by-nc-sa,https://vimeo.com/674729624,2022-02-08T06:37:50+00:00,2048,1024,equirectangular
674729624,47,vimeo,cc-by-nc-sa,https://vimeo.com/674729624,2022-02-08T06:37:50+00:00,2048,1024,equirectangular
674729624,27,vimeo,cc-by-nc-sa,https://vimeo.com/674729624,2022-02-08T06:37:50+00:00,2048,1024,equirectangular
674729624,48,vimeo,cc-by-nc-sa,https://vimeo.com/674729624,2022-02-08T06:37:50+00:00,2048,1024,equirectangular
674729624,66,vimeo,cc-by-nc-sa,https://vimeo.com/674729624,2022-02-08T06:37:50+00:00,2048,1024,equirectangular
674729624,08,vimeo,cc-by-nc-sa,https://vimeo.com/674729624,2022-02-08T06:37:50+00:00,2048,1024,equirectangular
674729624,02,vimeo,cc-by-nc-sa,https://vimeo.com/674729624,2022-02-08T06:37:50+00:00,2048,1024,equirectangular
674729624,38,vimeo,cc-by-nc-sa,https://vimeo.com/674729624,2022-02-08T06:37:50+00:00,2048,1024,equirectangular
674729624,21,vimeo,cc-by-nc-sa,https://vimeo.com/674729624,2022-02-08T06:37:50+00:00,2048,1024,equirectangular
674729624,83,vimeo,cc-by-nc-sa,https://vimeo.com/674729624,2022-02-08T06:37:50+00:00,2048,1024,equirectangular
674729624,49,vimeo,cc-by-nc-sa,https://vimeo.com/674729624,2022-02-08T06:37:50+00:00,2048,1024,equirectangular
674729624,53,vimeo,cc-by-nc-sa,https://vimeo.com/674729624,2022-02-08T06:37:50+00:00,2048,1024,equirectangular
674729624,62,vimeo,cc-by-nc-sa,https://vimeo.com/674729624,2022-02-08T06:37:50+00:00,2048,1024,equirectangular
674729624,43,vimeo,cc-by-nc-sa,https://vimeo.com/674729624,2022-02-08T06:37:50+00:00,2048,1024,equirectangular
674729624,89,vimeo,cc-by-nc-sa,https://vimeo.com/674729624,2022-02-08T06:37:50+00:00,2048,1024,equirectangular
674729624,39,vimeo,cc-by-nc-sa,https://vimeo.com/674729624,2022-02-08T06:37:50+00:00,2048,1024,equirectangular
651948471,50,vimeo,cc-by-nc-sa,https://vimeo.com/651948471,2021-12-01T10:39:31+00:00,2048,1024,equirectangular
651948471,64,vimeo,cc-by-nc-sa,https://vimeo.com/651948471,2021-12-01T10:39:31+00:00,2048,1024,equirectangular
651948471,34,vimeo,cc-by-nc-sa,https://vimeo.com/651948471,2021-12-01T10:39:31+00:00,2048,1024,equirectangular
651948471,15,vimeo,cc-by-nc-sa,https://vimeo.com/651948471,2021-12-01T10:39:31+00:00,2048,1024,equirectangular
651948471,65,vimeo,cc-by-nc-sa,https://vimeo.com/651948471,2021-12-01T10:39:31+00:00,2048,1024,equirectangular
651948471,22,vimeo,cc-by-nc-sa,https://vimeo.com/651948471,2021-12-01T10:39:31+00:00,2048,1024,equirectangular
651948471,56,vimeo,cc-by-nc-sa,https://vimeo.com/651948471,2021-12-01T10:39:31+00:00,2048,1024,equirectangular
651948471,76,vimeo,cc-by-nc-sa,https://vimeo.com/651948471,2021-12-01T10:39:31+00:00,2048,1024,equirectangular
651948471,71,vimeo,cc-by-nc-sa,https://vimeo.com/651948471,2021-12-01T10:39:31+00:00,2048,1024,equirectangular
651948471,03,vimeo,cc-by-nc-sa,https://vimeo.com/651948471,2021-12-01T10:39:31+00:00,2048,1024,equirectangular
651948471,23,vimeo,cc-by-nc-sa,https://vimeo.com/651948471,2021-12-01T10:39:31+00:00,2048,1024,equirectangular
651948471,52,vimeo,cc-by-nc-sa,https://vimeo.com/651948471,2021-12-01T10:39:31+00:00,2048,1024,equirectangular
651948471,10,vimeo,cc-by-nc-sa,https://vimeo.com/651948471,2021-12-01T10:39:31+00:00,2048,1024,equirectangular
651948471,58,vimeo,cc-by-nc-sa,https://vimeo.com/651948471,2021-12-01T10:39:31+00:00,2048,1024,equirectangular
651948471,13,vimeo,cc-by-nc-sa,https://vimeo.com/651948471,2021-12-01T10:39:31+00:00,2048,1024,equirectangular
651948471,36,vimeo,cc-by-nc-sa,https://vimeo.com/651948471,2021-12-01T10:39:31+00:00,2048,1024,equirectangular
651948471,45,vimeo,cc-by-nc-sa,https://vimeo.com/651948471,2021-12-01T10:39:31+00:00,2048,1024,equirectangular
651948471,75,vimeo,cc-by-nc-sa,https://vimeo.com/651948471,2021-12-01T10:39:31+00:00,2048,1024,equirectangular
651948471,59,vimeo,cc-by-nc-sa,https://vimeo.com/651948471,2021-12-01T10:39:31+00:00,2048,1024,equirectangular
651948471,31,vimeo,cc-by-nc-sa,https://vimeo.com/651948471,2021-12-01T10:39:31+00:00,2048,1024,equirectangular
651948471,16,vimeo,cc-by-nc-sa,https://vimeo.com/651948471,2021-12-01T10:39:31+00:00,2048,1024,equirectangular
651948471,51,vimeo,cc-by-nc-sa,https://vimeo.com/651948471,2021-12-01T10:39:31+00:00,2048,1024,equirectangular
651948471,60,vimeo,cc-by-nc-sa,https://vimeo.com/651948471,2021-12-01T10:39:31+00:00,2048,1024,equirectangular
651948471,35,vimeo,cc-by-nc-sa,https://vimeo.com/651948471,2021-12-01T10:39:31+00:00,2048,1024,equirectangular
651948471,00,vimeo,cc-by-nc-sa,https://vimeo.com/651948471,2021-12-01T10:39:31+00:00,2048,1024,equirectangular
651948471,25,vimeo,cc-by-nc-sa,https://vimeo.com/651948471,2021-12-01T10:39:31+00:00,2048,1024,equirectangular
651948471,18,vimeo,cc-by-nc-sa,https://vimeo.com/651948471,2021-12-01T10:39:31+00:00,2048,1024,equirectangular
651948471,24,vimeo,cc-by-nc-sa,https://vimeo.com/651948471,2021-12-01T10:39:31+00:00,2048,1024,equirectangular
651948471,70,vimeo,cc-by-nc-sa,https://vimeo.com/651948471,2021-12-01T10:39:31+00:00,2048,1024,equirectangular
651948471,09,vimeo,cc-by-nc-sa,https://vimeo.com/651948471,2021-12-01T10:39:31+00:00,2048,1024,equirectangular
651948471,68,vimeo,cc-by-nc-sa,https://vimeo.com/651948471,2021-12-01T10:39:31+00:00,2048,1024,equirectangular
651948471,26,vimeo,cc-by-nc-sa,https://vimeo.com/651948471,2021-12-01T10:39:31+00:00,2048,1024,equirectangular
651948471,41,vimeo,cc-by-nc-sa,https://vimeo.com/651948471,2021-12-01T10:39:31+00:00,2048,1024,equirectangular
651948471,54,vimeo,cc-by-nc-sa,https://vimeo.com/651948471,2021-12-01T10:39:31+00:00,2048,1024,equirectangular
651948471,61,vimeo,cc-by-nc-sa,https://vimeo.com/651948471,2021-12-01T10:39:31+00:00,2048,1024,equirectangular
651948471,07,vimeo,cc-by-nc-sa,https://vimeo.com/651948471,2021-12-01T10:39:31+00:00,2048,1024,equirectangular
651948471,29,vimeo,cc-by-nc-sa,https://vimeo.com/651948471,2021-12-01T10:39:31+00:00,2048,1024,equirectangular
651948471,37,vimeo,cc-by-nc-sa,https://vimeo.com/651948471,2021-12-01T10:39:31+00:00,2048,1024,equirectangular
651948471,28,vimeo,cc-by-nc-sa,https://vimeo.com/651948471,2021-12-01T10:39:31+00:00,2048,1024,equirectangular
651948471,11,vimeo,cc-by-nc-sa,https://vimeo.com/651948471,2021-12-01T10:39:31+00:00,2048,1024,equirectangular
651948471,33,vimeo,cc-by-nc-sa,https://vimeo.com/651948471,2021-12-01T10:39:31+00:00,2048,1024,equirectangular
651948471,05,vimeo,cc-by-nc-sa,https://vimeo.com/651948471,2021-12-01T10:39:31+00:00,2048,1024,equirectangular
651948471,46,vimeo,cc-by-nc-sa,https://vimeo.com/651948471,2021-12-01T10:39:31+00:00,2048,1024,equirectangular
651948471,20,vimeo,cc-by-nc-sa,https://vimeo.com/651948471,2021-12-01T10:39:31+00:00,2048,1024,equirectangular
651948471,12,vimeo,cc-by-nc-sa,https://vimeo.com/651948471,2021-12-01T10:39:31+00:00,2048,1024,equirectangular
651948471,67,vimeo,cc-by-nc-sa,https://vimeo.com/651948471,2021-12-01T10:39:31+00:00,2048,1024,equirectangular
651948471,14,vimeo,cc-by-nc-sa,https://vimeo.com/651948471,2021-12-01T10:39:31+00:00,2048,1024,equirectangular
651948471,01,vimeo,cc-by-nc-sa,https://vimeo.com/651948471,2021-12-01T10:39:31+00:00,2048,1024,equirectangular
651948471,40,vimeo,cc-by-nc-sa,https://vimeo.com/651948471,2021-12-01T10:39:31+00:00,2048,1024,equirectangular
651948471,69,vimeo,cc-by-nc-sa,https://vimeo.com/651948471,2021-12-01T10:39:31+00:00,2048,1024,equirectangular
651948471,42,vimeo,cc-by-nc-sa,https://vimeo.com/651948471,2021-12-01T10:39:31+00:00,2048,1024,equirectangular
651948471,04,vimeo,cc-by-nc-sa,https://vimeo.com/651948471,2021-12-01T10:39:31+00:00,2048,1024,equirectangular
651948471,72,vimeo,cc-by-nc-sa,https://vimeo.com/651948471,2021-12-01T10:39:31+00:00,2048,1024,equirectangular
651948471,19,vimeo,cc-by-nc-sa,https://vimeo.com/651948471,2021-12-01T10:39:31+00:00,2048,1024,equirectangular
651948471,47,vimeo,cc-by-nc-sa,https://vimeo.com/651948471,2021-12-01T10:39:31+00:00,2048,1024,equirectangular
651948471,27,vimeo,cc-by-nc-sa,https://vimeo.com/651948471,2021-12-01T10:39:31+00:00,2048,1024,equirectangular
651948471,48,vimeo,cc-by-nc-sa,https://vimeo.com/651948471,2021-12-01T10:39:31+00:00,2048,1024,equirectangular
651948471,66,vimeo,cc-by-nc-sa,https://vimeo.com/651948471,2021-12-01T10:39:31+00:00,2048,1024,equirectangular
651948471,02,vimeo,cc-by-nc-sa,https://vimeo.com/651948471,2021-12-01T10:39:31+00:00,2048,1024,equirectangular
651948471,21,vimeo,cc-by-nc-sa,https://vimeo.com/651948471,2021-12-01T10:39:31+00:00,2048,1024,equirectangular
651948471,53,vimeo,cc-by-nc-sa,https://vimeo.com/651948471,2021-12-01T10:39:31+00:00,2048,1024,equirectangular
651948471,62,vimeo,cc-by-nc-sa,https://vimeo.com/651948471,2021-12-01T10:39:31+00:00,2048,1024,equirectangular
651948471,43,vimeo,cc-by-nc-sa,https://vimeo.com/651948471,2021-12-01T10:39:31+00:00,2048,1024,equirectangular
651948471,39,vimeo,cc-by-nc-sa,https://vimeo.com/651948471,2021-12-01T10:39:31+00:00,2048,1024,equirectangular
362715894,64,vimeo,cc-by-nc-sa,https://vimeo.com/362715894,2019-09-27T04:41:52+00:00,1920,1080,equirectangular
362715894,30,vimeo,cc-by-nc-sa,https://vimeo.com/362715894,2019-09-27T04:41:52+00:00,1920,1080,equirectangular
362715894,34,vimeo,cc-by-nc-sa,https://vimeo.com/362715894,2019-09-27T04:41:52+00:00,1920,1080,equirectangular
362715894,56,vimeo,cc-by-nc-sa,https://vimeo.com/362715894,2019-09-27T04:41:52+00:00,1920,1080,equirectangular
362715894,03,vimeo,cc-by-nc-sa,https://vimeo.com/362715894,2019-09-27T04:41:52+00:00,1920,1080,equirectangular
362715894,23,vimeo,cc-by-nc-sa,https://vimeo.com/362715894,2019-09-27T04:41:52+00:00,1920,1080,equirectangular
362715894,52,vimeo,cc-by-nc-sa,https://vimeo.com/362715894,2019-09-27T04:41:52+00:00,1920,1080,equirectangular
362715894,57,vimeo,cc-by-nc-sa,https://vimeo.com/362715894,2019-09-27T04:41:52+00:00,1920,1080,equirectangular
362715894,58,vimeo,cc-by-nc-sa,https://vimeo.com/362715894,2019-09-27T04:41:52+00:00,1920,1080,equirectangular
362715894,13,vimeo,cc-by-nc-sa,https://vimeo.com/362715894,2019-09-27T04:41:52+00:00,1920,1080,equirectangular
362715894,17,vimeo,cc-by-nc-sa,https://vimeo.com/362715894,2019-09-27T04:41:52+00:00,1920,1080,equirectangular
362715894,36,vimeo,cc-by-nc-sa,https://vimeo.com/362715894,2019-09-27T04:41:52+00:00,1920,1080,equirectangular
362715894,59,vimeo,cc-by-nc-sa,https://vimeo.com/362715894,2019-09-27T04:41:52+00:00,1920,1080,equirectangular
362715894,16,vimeo,cc-by-nc-sa,https://vimeo.com/362715894,2019-09-27T04:41:52+00:00,1920,1080,equirectangular
362715894,51,vimeo,cc-by-nc-sa,https://vimeo.com/362715894,2019-09-27T04:41:52+00:00,1920,1080,equirectangular
362715894,63,vimeo,cc-by-nc-sa,https://vimeo.com/362715894,2019-09-27T04:41:52+00:00,1920,1080,equirectangular
362715894,35,vimeo,cc-by-nc-sa,https://vimeo.com/362715894,2019-09-27T04:41:52+00:00,1920,1080,equirectangular
362715894,00,vimeo,cc-by-nc-sa,https://vimeo.com/362715894,2019-09-27T04:41:52+00:00,1920,1080,equirectangular
362715894,25,vimeo,cc-by-nc-sa,https://vimeo.com/362715894,2019-09-27T04:41:52+00:00,1920,1080,equirectangular
362715894,18,vimeo,cc-by-nc-sa,https://vimeo.com/362715894,2019-09-27T04:41:52+00:00,1920,1080,equirectangular
362715894,09,vimeo,cc-by-nc-sa,https://vimeo.com/362715894,2019-09-27T04:41:52+00:00,1920,1080,equirectangular
362715894,68,vimeo,cc-by-nc-sa,https://vimeo.com/362715894,2019-09-27T04:41:52+00:00,1920,1080,equirectangular
362715894,41,vimeo,cc-by-nc-sa,https://vimeo.com/362715894,2019-09-27T04:41:52+00:00,1920,1080,equirectangular
362715894,61,vimeo,cc-by-nc-sa,https://vimeo.com/362715894,2019-09-27T04:41:52+00:00,1920,1080,equirectangular
362715894,29,vimeo,cc-by-nc-sa,https://vimeo.com/362715894,2019-09-27T04:41:52+00:00,1920,1080,equirectangular
362715894,37,vimeo,cc-by-nc-sa,https://vimeo.com/362715894,2019-09-27T04:41:52+00:00,1920,1080,equirectangular
362715894,11,vimeo,cc-by-nc-sa,https://vimeo.com/362715894,2019-09-27T04:41:52+00:00,1920,1080,equirectangular
362715894,33,vimeo,cc-by-nc-sa,https://vimeo.com/362715894,2019-09-27T04:41:52+00:00,1920,1080,equirectangular
362715894,46,vimeo,cc-by-nc-sa,https://vimeo.com/362715894,2019-09-27T04:41:52+00:00,1920,1080,equirectangular
362715894,20,vimeo,cc-by-nc-sa,https://vimeo.com/362715894,2019-09-27T04:41:52+00:00,1920,1080,equirectangular
362715894,12,vimeo,cc-by-nc-sa,https://vimeo.com/362715894,2019-09-27T04:41:52+00:00,1920,1080,equirectangular
362715894,14,vimeo,cc-by-nc-sa,https://vimeo.com/362715894,2019-09-27T04:41:52+00:00,1920,1080,equirectangular
362715894,01,vimeo,cc-by-nc-sa,https://vimeo.com/362715894,2019-09-27T04:41:52+00:00,1920,1080,equirectangular
362715894,32,vimeo,cc-by-nc-sa,https://vimeo.com/362715894,2019-09-27T04:41:52+00:00,1920,1080,equirectangular
362715894,40,vimeo,cc-by-nc-sa,https://vimeo.com/362715894,2019-09-27T04:41:52+00:00,1920,1080,equirectangular
362715894,06,vimeo,cc-by-nc-sa,https://vimeo.com/362715894,2019-09-27T04:41:52+00:00,1920,1080,equirectangular
362715894,55,vimeo,cc-by-nc-sa,https://vimeo.com/362715894,2019-09-27T04:41:52+00:00,1920,1080,equirectangular
362715894,48,vimeo,cc-by-nc-sa,https://vimeo.com/362715894,2019-09-27T04:41:52+00:00,1920,1080,equirectangular
362715894,08,vimeo,cc-by-nc-sa,https://vimeo.com/362715894,2019-09-27T04:41:52+00:00,1920,1080,equirectangular
362715894,21,vimeo,cc-by-nc-sa,https://vimeo.com/362715894,2019-09-27T04:41:52+00:00,1920,1080,equirectangular
362715894,49,vimeo,cc-by-nc-sa,https://vimeo.com/362715894,2019-09-27T04:41:52+00:00,1920,1080,equirectangular
362715894,53,vimeo,cc-by-nc-sa,https://vimeo.com/362715894,2019-09-27T04:41:52+00:00,1920,1080,equirectangular
643277464,50,vimeo,cc-by-nc-sa,https://vimeo.com/643277464,2021-11-07T20:48:20+00:00,2048,1024,equirectangular
643277464,64,vimeo,cc-by-nc-sa,https://vimeo.com/643277464,2021-11-07T20:48:20+00:00,2048,1024,equirectangular
643277464,30,vimeo,cc-by-nc-sa,https://vimeo.com/643277464,2021-11-07T20:48:20+00:00,2048,1024,equirectangular
643277464,34,vimeo,cc-by-nc-sa,https://vimeo.com/643277464,2021-11-07T20:48:20+00:00,2048,1024,equirectangular
643277464,15,vimeo,cc-by-nc-sa,https://vimeo.com/643277464,2021-11-07T20:48:20+00:00,2048,1024,equirectangular
643277464,65,vimeo,cc-by-nc-sa,https://vimeo.com/643277464,2021-11-07T20:48:20+00:00,2048,1024,equirectangular
643277464,56,vimeo,cc-by-nc-sa,https://vimeo.com/643277464,2021-11-07T20:48:20+00:00,2048,1024,equirectangular
643277464,71,vimeo,cc-by-nc-sa,https://vimeo.com/643277464,2021-11-07T20:48:20+00:00,2048,1024,equirectangular
643277464,03,vimeo,cc-by-nc-sa,https://vimeo.com/643277464,2021-11-07T20:48:20+00:00,2048,1024,equirectangular
643277464,23,vimeo,cc-by-nc-sa,https://vimeo.com/643277464,2021-11-07T20:48:20+00:00,2048,1024,equirectangular
643277464,52,vimeo,cc-by-nc-sa,https://vimeo.com/643277464,2021-11-07T20:48:20+00:00,2048,1024,equirectangular
643277464,57,vimeo,cc-by-nc-sa,https://vimeo.com/643277464,2021-11-07T20:48:20+00:00,2048,1024,equirectangular
643277464,10,vimeo,cc-by-nc-sa,https://vimeo.com/643277464,2021-11-07T20:48:20+00:00,2048,1024,equirectangular
643277464,58,vimeo,cc-by-nc-sa,https://vimeo.com/643277464,2021-11-07T20:48:20+00:00,2048,1024,equirectangular
643277464,13,vimeo,cc-by-nc-sa,https://vimeo.com/643277464,2021-11-07T20:48:20+00:00,2048,1024,equirectangular
643277464,17,vimeo,cc-by-nc-sa,https://vimeo.com/643277464,2021-11-07T20:48:20+00:00,2048,1024,equirectangular
643277464,36,vimeo,cc-by-nc-sa,https://vimeo.com/643277464,2021-11-07T20:48:20+00:00,2048,1024,equirectangular
643277464,45,vimeo,cc-by-nc-sa,https://vimeo.com/643277464,2021-11-07T20:48:20+00:00,2048,1024,equirectangular
643277464,31,vimeo,cc-by-nc-sa,https://vimeo.com/643277464,2021-11-07T20:48:20+00:00,2048,1024,equirectangular
643277464,16,vimeo,cc-by-nc-sa,https://vimeo.com/643277464,2021-11-07T20:48:20+00:00,2048,1024,equirectangular
643277464,51,vimeo,cc-by-nc-sa,https://vimeo.com/643277464,2021-11-07T20:48:20+00:00,2048,1024,equirectangular
643277464,63,vimeo,cc-by-nc-sa,https://vimeo.com/643277464,2021-11-07T20:48:20+00:00,2048,1024,equirectangular
643277464,60,vimeo,cc-by-nc-sa,https://vimeo.com/643277464,2021-11-07T20:48:20+00:00,2048,1024,equirectangular
643277464,35,vimeo,cc-by-nc-sa,https://vimeo.com/643277464,2021-11-07T20:48:20+00:00,2048,1024,equirectangular
643277464,25,vimeo,cc-by-nc-sa,https://vimeo.com/643277464,2021-11-07T20:48:20+00:00,2048,1024,equirectangular
643277464,18,vimeo,cc-by-nc-sa,https://vimeo.com/643277464,2021-11-07T20:48:20+00:00,2048,1024,equirectangular
643277464,24,vimeo,cc-by-nc-sa,https://vimeo.com/643277464,2021-11-07T20:48:20+00:00,2048,1024,equirectangular
643277464,70,vimeo,cc-by-nc-sa,https://vimeo.com/643277464,2021-11-07T20:48:20+00:00,2048,1024,equirectangular
643277464,09,vimeo,cc-by-nc-sa,https://vimeo.com/643277464,2021-11-07T20:48:20+00:00,2048,1024,equirectangular
643277464,68,vimeo,cc-by-nc-sa,https://vimeo.com/643277464,2021-11-07T20:48:20+00:00,2048,1024,equirectangular
643277464,26,vimeo,cc-by-nc-sa,https://vimeo.com/643277464,2021-11-07T20:48:20+00:00,2048,1024,equirectangular
643277464,41,vimeo,cc-by-nc-sa,https://vimeo.com/643277464,2021-11-07T20:48:20+00:00,2048,1024,equirectangular
643277464,54,vimeo,cc-by-nc-sa,https://vimeo.com/643277464,2021-11-07T20:48:20+00:00,2048,1024,equirectangular
643277464,44,vimeo,cc-by-nc-sa,https://vimeo.com/643277464,2021-11-07T20:48:20+00:00,2048,1024,equirectangular
643277464,61,vimeo,cc-by-nc-sa,https://vimeo.com/643277464,2021-11-07T20:48:20+00:00,2048,1024,equirectangular
643277464,07,vimeo,cc-by-nc-sa,https://vimeo.com/643277464,2021-11-07T20:48:20+00:00,2048,1024,equirectangular
643277464,29,vimeo,cc-by-nc-sa,https://vimeo.com/643277464,2021-11-07T20:48:20+00:00,2048,1024,equirectangular
643277464,37,vimeo,cc-by-nc-sa,https://vimeo.com/643277464,2021-11-07T20:48:20+00:00,2048,1024,equirectangular
643277464,28,vimeo,cc-by-nc-sa,https://vimeo.com/643277464,2021-11-07T20:48:20+00:00,2048,1024,equirectangular
643277464,11,vimeo,cc-by-nc-sa,https://vimeo.com/643277464,2021-11-07T20:48:20+00:00,2048,1024,equirectangular
643277464,33,vimeo,cc-by-nc-sa,https://vimeo.com/643277464,2021-11-07T20:48:20+00:00,2048,1024,equirectangular
643277464,05,vimeo,cc-by-nc-sa,https://vimeo.com/643277464,2021-11-07T20:48:20+00:00,2048,1024,equirectangular
643277464,46,vimeo,cc-by-nc-sa,https://vimeo.com/643277464,2021-11-07T20:48:20+00:00,2048,1024,equirectangular
643277464,73,vimeo,cc-by-nc-sa,https://vimeo.com/643277464,2021-11-07T20:48:20+00:00,2048,1024,equirectangular
643277464,20,vimeo,cc-by-nc-sa,https://vimeo.com/643277464,2021-11-07T20:48:20+00:00,2048,1024,equirectangular
643277464,12,vimeo,cc-by-nc-sa,https://vimeo.com/643277464,2021-11-07T20:48:20+00:00,2048,1024,equirectangular
643277464,67,vimeo,cc-by-nc-sa,https://vimeo.com/643277464,2021-11-07T20:48:20+00:00,2048,1024,equirectangular
643277464,14,vimeo,cc-by-nc-sa,https://vimeo.com/643277464,2021-11-07T20:48:20+00:00,2048,1024,equirectangular
643277464,01,vimeo,cc-by-nc-sa,https://vimeo.com/643277464,2021-11-07T20:48:20+00:00,2048,1024,equirectangular
643277464,32,vimeo,cc-by-nc-sa,https://vimeo.com/643277464,2021-11-07T20:48:20+00:00,2048,1024,equirectangular
643277464,40,vimeo,cc-by-nc-sa,https://vimeo.com/643277464,2021-11-07T20:48:20+00:00,2048,1024,equirectangular
643277464,69,vimeo,cc-by-nc-sa,https://vimeo.com/643277464,2021-11-07T20:48:20+00:00,2048,1024,equirectangular
643277464,06,vimeo,cc-by-nc-sa,https://vimeo.com/643277464,2021-11-07T20:48:20+00:00,2048,1024,equirectangular
643277464,55,vimeo,cc-by-nc-sa,https://vimeo.com/643277464,2021-11-07T20:48:20+00:00,2048,1024,equirectangular
643277464,42,vimeo,cc-by-nc-sa,https://vimeo.com/643277464,2021-11-07T20:48:20+00:00,2048,1024,equirectangular
643277464,04,vimeo,cc-by-nc-sa,https://vimeo.com/643277464,2021-11-07T20:48:20+00:00,2048,1024,equirectangular
643277464,72,vimeo,cc-by-nc-sa,https://vimeo.com/643277464,2021-11-07T20:48:20+00:00,2048,1024,equirectangular
643277464,19,vimeo,cc-by-nc-sa,https://vimeo.com/643277464,2021-11-07T20:48:20+00:00,2048,1024,equirectangular
643277464,47,vimeo,cc-by-nc-sa,https://vimeo.com/643277464,2021-11-07T20:48:20+00:00,2048,1024,equirectangular
643277464,27,vimeo,cc-by-nc-sa,https://vimeo.com/643277464,2021-11-07T20:48:20+00:00,2048,1024,equirectangular
643277464,48,vimeo,cc-by-nc-sa,https://vimeo.com/643277464,2021-11-07T20:48:20+00:00,2048,1024,equirectangular
643277464,66,vimeo,cc-by-nc-sa,https://vimeo.com/643277464,2021-11-07T20:48:20+00:00,2048,1024,equirectangular
643277464,08,vimeo,cc-by-nc-sa,https://vimeo.com/643277464,2021-11-07T20:48:20+00:00,2048,1024,equirectangular
643277464,02,vimeo,cc-by-nc-sa,https://vimeo.com/643277464,2021-11-07T20:48:20+00:00,2048,1024,equirectangular
643277464,38,vimeo,cc-by-nc-sa,https://vimeo.com/643277464,2021-11-07T20:48:20+00:00,2048,1024,equirectangular
643277464,21,vimeo,cc-by-nc-sa,https://vimeo.com/643277464,2021-11-07T20:48:20+00:00,2048,1024,equirectangular
643277464,49,vimeo,cc-by-nc-sa,https://vimeo.com/643277464,2021-11-07T20:48:20+00:00,2048,1024,equirectangular
643277464,62,vimeo,cc-by-nc-sa,https://vimeo.com/643277464,2021-11-07T20:48:20+00:00,2048,1024,equirectangular
643277464,43,vimeo,cc-by-nc-sa,https://vimeo.com/643277464,2021-11-07T20:48:20+00:00,2048,1024,equirectangular
643277464,39,vimeo,cc-by-nc-sa,https://vimeo.com/643277464,2021-11-07T20:48:20+00:00,2048,1024,equirectangular
329804887,00,vimeo,cc-by-nc-nd,https://vimeo.com/329804887,2019-04-11T13:14:41+00:00,1920,1080,equirectangular
329804887,01,vimeo,cc-by-nc-nd,https://vimeo.com/329804887,2019-04-11T13:14:41+00:00,1920,1080,equirectangular
221391721,03,vimeo,cc-by-nd,https://vimeo.com/221391721,2017-06-13T08:25:20+00:00,2048,1024,equirectangular
221391721,10,vimeo,cc-by-nd,https://vimeo.com/221391721,2017-06-13T08:25:20+00:00,2048,1024,equirectangular
221391721,13,vimeo,cc-by-nd,https://vimeo.com/221391721,2017-06-13T08:25:20+00:00,2048,1024,equirectangular
221391721,00,vimeo,cc-by-nd,https://vimeo.com/221391721,2017-06-13T08:25:20+00:00,2048,1024,equirectangular
221391721,09,vimeo,cc-by-nd,https://vimeo.com/221391721,2017-06-13T08:25:20+00:00,2048,1024,equirectangular
221391721,07,vimeo,cc-by-nd,https://vimeo.com/221391721,2017-06-13T08:25:20+00:00,2048,1024,equirectangular
221391721,11,vimeo,cc-by-nd,https://vimeo.com/221391721,2017-06-13T08:25:20+00:00,2048,1024,equirectangular
221391721,05,vimeo,cc-by-nd,https://vimeo.com/221391721,2017-06-13T08:25:20+00:00,2048,1024,equirectangular
221391721,12,vimeo,cc-by-nd,https://vimeo.com/221391721,2017-06-13T08:25:20+00:00,2048,1024,equirectangular
221391721,01,vimeo,cc-by-nd,https://vimeo.com/221391721,2017-06-13T08:25:20+00:00,2048,1024,equirectangular
221391721,06,vimeo,cc-by-nd,https://vimeo.com/221391721,2017-06-13T08:25:20+00:00,2048,1024,equirectangular
221391721,04,vimeo,cc-by-nd,https://vimeo.com/221391721,2017-06-13T08:25:20+00:00,2048,1024,equirectangular
221391721,08,vimeo,cc-by-nd,https://vimeo.com/221391721,2017-06-13T08:25:20+00:00,2048,1024,equirectangular
221391721,02,vimeo,cc-by-nd,https://vimeo.com/221391721,2017-06-13T08:25:20+00:00,2048,1024,equirectangular
289223620,00,vimeo,cc-by-sa,https://vimeo.com/289223620,2018-09-11T06:20:17+00:00,2048,1024,equirectangular
452960512,01,vimeo,cc-by-sa,https://vimeo.com/452960512,2020-08-30T04:21:12+00:00,2048,1024,equirectangular
212646096,00,vimeo,cc-by-nd,https://vimeo.com/212646096,2017-04-10T20:08:12+00:00,1920,1080,equirectangular
548870046,00,vimeo,cc-by-nc,https://vimeo.com/548870046,2021-05-13T14:16:29+00:00,2048,1024,equirectangular
214303851,00,vimeo,cc-by-nc-sa,https://vimeo.com/214303851,2017-04-22T15:29:53+00:00,1920,960,equirectangular
207548042,00,vimeo,cc-by-nc-nd,https://vimeo.com/207548042,2017-03-08T23:53:19+00:00,1920,960,equirectangular
207548042,01,vimeo,cc-by-nc-nd,https://vimeo.com/207548042,2017-03-08T23:53:19+00:00,1920,960,equirectangular
767391986,00,vimeo,cc-by,https://vimeo.com/767391986,2022-11-04T17:47:08+00:00,2048,1024,equirectangular
235470710,03,vimeo,cc-by,https://vimeo.com/235470710,2017-09-26T04:06:13+00:00,2048,1024,equirectangular
235470710,00,vimeo,cc-by,https://vimeo.com/235470710,2017-09-26T04:06:13+00:00,2048,1024,equirectangular
235470710,05,vimeo,cc-by,https://vimeo.com/235470710,2017-09-26T04:06:13+00:00,2048,1024,equirectangular
235470710,01,vimeo,cc-by,https://vimeo.com/235470710,2017-09-26T04:06:13+00:00,2048,1024,equirectangular
235470710,06,vimeo,cc-by,https://vimeo.com/235470710,2017-09-26T04:06:13+00:00,2048,1024,equirectangular
235470710,04,vimeo,cc-by,https://vimeo.com/235470710,2017-09-26T04:06:13+00:00,2048,1024,equirectangular
235470710,02,vimeo,cc-by,https://vimeo.com/235470710,2017-09-26T04:06:13+00:00,2048,1024,equirectangular
320154924,00,vimeo,cc-by-nc-nd,https://vimeo.com/320154924,2019-02-27T08:54:14+00:00,2048,1024,equirectangular
213013668,00,vimeo,cc-by-sa,https://vimeo.com/213013668,2017-04-13T01:47:38+00:00,1366,684,equirectangular
548887095,00,vimeo,cc-by-nc,https://vimeo.com/548887095,2021-05-13T14:56:07+00:00,2048,1024,equirectangular
594378246,00,vimeo,cc-by-nc-nd,https://vimeo.com/594378246,2021-08-30T01:32:46+00:00,2048,1024,equirectangular
212328599,00,vimeo,cc-by-nc,https://vimeo.com/212328599,2017-04-07T22:09:09+00:00,1920,960,equirectangular
281134841,00,vimeo,cc-by-nc-nd,https://vimeo.com/281134841,2018-07-22T10:46:02+00:00,1920,1080,equirectangular
693644415,50,vimeo,cc-by-nc-sa,https://vimeo.com/693644415,2022-03-29T17:09:52+00:00,2048,1024,equirectangular
693644415,64,vimeo,cc-by-nc-sa,https://vimeo.com/693644415,2022-03-29T17:09:52+00:00,2048,1024,equirectangular
693644415,15,vimeo,cc-by-nc-sa,https://vimeo.com/693644415,2022-03-29T17:09:52+00:00,2048,1024,equirectangular
693644415,65,vimeo,cc-by-nc-sa,https://vimeo.com/693644415,2022-03-29T17:09:52+00:00,2048,1024,equirectangular
693644415,22,vimeo,cc-by-nc-sa,https://vimeo.com/693644415,2022-03-29T17:09:52+00:00,2048,1024,equirectangular
693644415,71,vimeo,cc-by-nc-sa,https://vimeo.com/693644415,2022-03-29T17:09:52+00:00,2048,1024,equirectangular
693644415,03,vimeo,cc-by-nc-sa,https://vimeo.com/693644415,2022-03-29T17:09:52+00:00,2048,1024,equirectangular
693644415,23,vimeo,cc-by-nc-sa,https://vimeo.com/693644415,2022-03-29T17:09:52+00:00,2048,1024,equirectangular
693644415,52,vimeo,cc-by-nc-sa,https://vimeo.com/693644415,2022-03-29T17:09:52+00:00,2048,1024,equirectangular
693644415,57,vimeo,cc-by-nc-sa,https://vimeo.com/693644415,2022-03-29T17:09:52+00:00,2048,1024,equirectangular
693644415,10,vimeo,cc-by-nc-sa,https://vimeo.com/693644415,2022-03-29T17:09:52+00:00,2048,1024,equirectangular
693644415,58,vimeo,cc-by-nc-sa,https://vimeo.com/693644415,2022-03-29T17:09:52+00:00,2048,1024,equirectangular
693644415,13,vimeo,cc-by-nc-sa,https://vimeo.com/693644415,2022-03-29T17:09:52+00:00,2048,1024,equirectangular
693644415,17,vimeo,cc-by-nc-sa,https://vimeo.com/693644415,2022-03-29T17:09:52+00:00,2048,1024,equirectangular
693644415,45,vimeo,cc-by-nc-sa,https://vimeo.com/693644415,2022-03-29T17:09:52+00:00,2048,1024,equirectangular
693644415,59,vimeo,cc-by-nc-sa,https://vimeo.com/693644415,2022-03-29T17:09:52+00:00,2048,1024,equirectangular
693644415,16,vimeo,cc-by-nc-sa,https://vimeo.com/693644415,2022-03-29T17:09:52+00:00,2048,1024,equirectangular
693644415,51,vimeo,cc-by-nc-sa,https://vimeo.com/693644415,2022-03-29T17:09:52+00:00,2048,1024,equirectangular
693644415,63,vimeo,cc-by-nc-sa,https://vimeo.com/693644415,2022-03-29T17:09:52+00:00,2048,1024,equirectangular
693644415,60,vimeo,cc-by-nc-sa,https://vimeo.com/693644415,2022-03-29T17:09:52+00:00,2048,1024,equirectangular
693644415,00,vimeo,cc-by-nc-sa,https://vimeo.com/693644415,2022-03-29T17:09:52+00:00,2048,1024,equirectangular
693644415,25,vimeo,cc-by-nc-sa,https://vimeo.com/693644415,2022-03-29T17:09:52+00:00,2048,1024,equirectangular
693644415,18,vimeo,cc-by-nc-sa,https://vimeo.com/693644415,2022-03-29T17:09:52+00:00,2048,1024,equirectangular
693644415,24,vimeo,cc-by-nc-sa,https://vimeo.com/693644415,2022-03-29T17:09:52+00:00,2048,1024,equirectangular
693644415,70,vimeo,cc-by-nc-sa,https://vimeo.com/693644415,2022-03-29T17:09:52+00:00,2048,1024,equirectangular
693644415,09,vimeo,cc-by-nc-sa,https://vimeo.com/693644415,2022-03-29T17:09:52+00:00,2048,1024,equirectangular
693644415,68,vimeo,cc-by-nc-sa,https://vimeo.com/693644415,2022-03-29T17:09:52+00:00,2048,1024,equirectangular
693644415,26,vimeo,cc-by-nc-sa,https://vimeo.com/693644415,2022-03-29T17:09:52+00:00,2048,1024,equirectangular
693644415,41,vimeo,cc-by-nc-sa,https://vimeo.com/693644415,2022-03-29T17:09:52+00:00,2048,1024,equirectangular
693644415,54,vimeo,cc-by-nc-sa,https://vimeo.com/693644415,2022-03-29T17:09:52+00:00,2048,1024,equirectangular
693644415,44,vimeo,cc-by-nc-sa,https://vimeo.com/693644415,2022-03-29T17:09:52+00:00,2048,1024,equirectangular
693644415,07,vimeo,cc-by-nc-sa,https://vimeo.com/693644415,2022-03-29T17:09:52+00:00,2048,1024,equirectangular
693644415,28,vimeo,cc-by-nc-sa,https://vimeo.com/693644415,2022-03-29T17:09:52+00:00,2048,1024,equirectangular
693644415,11,vimeo,cc-by-nc-sa,https://vimeo.com/693644415,2022-03-29T17:09:52+00:00,2048,1024,equirectangular
693644415,05,vimeo,cc-by-nc-sa,https://vimeo.com/693644415,2022-03-29T17:09:52+00:00,2048,1024,equirectangular
693644415,46,vimeo,cc-by-nc-sa,https://vimeo.com/693644415,2022-03-29T17:09:52+00:00,2048,1024,equirectangular
693644415,20,vimeo,cc-by-nc-sa,https://vimeo.com/693644415,2022-03-29T17:09:52+00:00,2048,1024,equirectangular
693644415,12,vimeo,cc-by-nc-sa,https://vimeo.com/693644415,2022-03-29T17:09:52+00:00,2048,1024,equirectangular
693644415,67,vimeo,cc-by-nc-sa,https://vimeo.com/693644415,2022-03-29T17:09:52+00:00,2048,1024,equirectangular
693644415,14,vimeo,cc-by-nc-sa,https://vimeo.com/693644415,2022-03-29T17:09:52+00:00,2048,1024,equirectangular
693644415,01,vimeo,cc-by-nc-sa,https://vimeo.com/693644415,2022-03-29T17:09:52+00:00,2048,1024,equirectangular
693644415,40,vimeo,cc-by-nc-sa,https://vimeo.com/693644415,2022-03-29T17:09:52+00:00,2048,1024,equirectangular
693644415,69,vimeo,cc-by-nc-sa,https://vimeo.com/693644415,2022-03-29T17:09:52+00:00,2048,1024,equirectangular
693644415,06,vimeo,cc-by-nc-sa,https://vimeo.com/693644415,2022-03-29T17:09:52+00:00,2048,1024,equirectangular
693644415,55,vimeo,cc-by-nc-sa,https://vimeo.com/693644415,2022-03-29T17:09:52+00:00,2048,1024,equirectangular
693644415,42,vimeo,cc-by-nc-sa,https://vimeo.com/693644415,2022-03-29T17:09:52+00:00,2048,1024,equirectangular
693644415,04,vimeo,cc-by-nc-sa,https://vimeo.com/693644415,2022-03-29T17:09:52+00:00,2048,1024,equirectangular
693644415,47,vimeo,cc-by-nc-sa,https://vimeo.com/693644415,2022-03-29T17:09:52+00:00,2048,1024,equirectangular
693644415,27,vimeo,cc-by-nc-sa,https://vimeo.com/693644415,2022-03-29T17:09:52+00:00,2048,1024,equirectangular
693644415,66,vimeo,cc-by-nc-sa,https://vimeo.com/693644415,2022-03-29T17:09:52+00:00,2048,1024,equirectangular
693644415,08,vimeo,cc-by-nc-sa,https://vimeo.com/693644415,2022-03-29T17:09:52+00:00,2048,1024,equirectangular
693644415,02,vimeo,cc-by-nc-sa,https://vimeo.com/693644415,2022-03-29T17:09:52+00:00,2048,1024,equirectangular
693644415,21,vimeo,cc-by-nc-sa,https://vimeo.com/693644415,2022-03-29T17:09:52+00:00,2048,1024,equirectangular
693644415,49,vimeo,cc-by-nc-sa,https://vimeo.com/693644415,2022-03-29T17:09:52+00:00,2048,1024,equirectangular
693644415,53,vimeo,cc-by-nc-sa,https://vimeo.com/693644415,2022-03-29T17:09:52+00:00,2048,1024,equirectangular
693644415,62,vimeo,cc-by-nc-sa,https://vimeo.com/693644415,2022-03-29T17:09:52+00:00,2048,1024,equirectangular
693644415,43,vimeo,cc-by-nc-sa,https://vimeo.com/693644415,2022-03-29T17:09:52+00:00,2048,1024,equirectangular
693644415,39,vimeo,cc-by-nc-sa,https://vimeo.com/693644415,2022-03-29T17:09:52+00:00,2048,1024,equirectangular
322667721,00,vimeo,cc-by-nc-nd,https://vimeo.com/322667721,2019-03-10T22:59:02+00:00,2048,1024,equirectangular
322667721,01,vimeo,cc-by-nc-nd,https://vimeo.com/322667721,2019-03-10T22:59:02+00:00,2048,1024,equirectangular
205306364,00,vimeo,cc-by-nc-nd,https://vimeo.com/205306364,2017-02-23T00:06:30+00:00,1920,960,equirectangular
746766148,00,vimeo,cc-by-nc,https://vimeo.com/746766148,2022-09-06T06:25:04+00:00,640,320,equirectangular
213184261,00,vimeo,cc-by-nc-sa,https://vimeo.com/213184261,2017-04-14T03:50:53+00:00,1920,540,equirectangular
209869399,01,vimeo,cc-by-nc-nd,https://vimeo.com/209869399,2017-03-24T07:55:18+00:00,1920,960,equirectangular
209869399,02,vimeo,cc-by-nc-nd,https://vimeo.com/209869399,2017-03-24T07:55:18+00:00,1920,960,equirectangular
223907974,00,vimeo,cc-by,https://vimeo.com/223907974,2017-07-01T19:16:18+00:00,1920,960,equirectangular
476087511,00,vimeo,cc-by-nc,https://vimeo.com/476087511,2020-11-06T00:12:49+00:00,2048,1024,equirectangular
288839841,00,vimeo,cc-by-nd,https://vimeo.com/288839841,2018-09-08T04:54:59+00:00,2048,1024,equirectangular
373730818,00,vimeo,cc-by-nc,https://vimeo.com/373730818,2019-11-17T14:42:08+00:00,2048,1024,equirectangular
292364056,00,vimeo,cc-by-nc-nd,https://vimeo.com/292364056,2018-09-28T17:01:37+00:00,1920,960,equirectangular
292364056,01,vimeo,cc-by-nc-nd,https://vimeo.com/292364056,2018-09-28T17:01:37+00:00,1920,960,equirectangular
208359802,00,vimeo,cc-by-nc-nd,https://vimeo.com/208359802,2017-03-14T18:27:59+00:00,1920,960,equirectangular
210034479,00,vimeo,cc-by-nc-nd,https://vimeo.com/210034479,2017-03-25T11:53:17+00:00,1920,960,equirectangular
320368496,00,vimeo,cc-by-nd,https://vimeo.com/320368496,2019-02-27T22:48:33+00:00,1920,1080,equirectangular
320368496,01,vimeo,cc-by-nd,https://vimeo.com/320368496,2019-02-27T22:48:33+00:00,1920,1080,equirectangular
211538492,00,vimeo,cc-by,https://vimeo.com/211538492,2017-04-04T18:44:42+00:00,1920,960,equirectangular
283104288,00,vimeo,cc-by,https://vimeo.com/283104288,2018-08-03T21:36:06+00:00,2048,1024,equirectangular
215145646,03,vimeo,cc-by,https://vimeo.com/215145646,2017-04-28T07:49:46+00:00,1920,960,equirectangular
215145646,00,vimeo,cc-by,https://vimeo.com/215145646,2017-04-28T07:49:46+00:00,1920,960,equirectangular
215145646,01,vimeo,cc-by,https://vimeo.com/215145646,2017-04-28T07:49:46+00:00,1920,960,equirectangular
215145646,04,vimeo,cc-by,https://vimeo.com/215145646,2017-04-28T07:49:46+00:00,1920,960,equirectangular
215145646,02,vimeo,cc-by,https://vimeo.com/215145646,2017-04-28T07:49:46+00:00,1920,960,equirectangular
219648500,15,vimeo,cc-by-nc-nd,https://vimeo.com/219648500,2017-05-31T08:23:56+00:00,1920,1080,equirectangular
219648500,03,vimeo,cc-by-nc-nd,https://vimeo.com/219648500,2017-05-31T08:23:56+00:00,1920,1080,equirectangular
219648500,10,vimeo,cc-by-nc-nd,https://vimeo.com/219648500,2017-05-31T08:23:56+00:00,1920,1080,equirectangular
219648500,13,vimeo,cc-by-nc-nd,https://vimeo.com/219648500,2017-05-31T08:23:56+00:00,1920,1080,equirectangular
219648500,17,vimeo,cc-by-nc-nd,https://vimeo.com/219648500,2017-05-31T08:23:56+00:00,1920,1080,equirectangular
219648500,16,vimeo,cc-by-nc-nd,https://vimeo.com/219648500,2017-05-31T08:23:56+00:00,1920,1080,equirectangular
219648500,18,vimeo,cc-by-nc-nd,https://vimeo.com/219648500,2017-05-31T08:23:56+00:00,1920,1080,equirectangular
219648500,09,vimeo,cc-by-nc-nd,https://vimeo.com/219648500,2017-05-31T08:23:56+00:00,1920,1080,equirectangular
219648500,07,vimeo,cc-by-nc-nd,https://vimeo.com/219648500,2017-05-31T08:23:56+00:00,1920,1080,equirectangular
219648500,11,vimeo,cc-by-nc-nd,https://vimeo.com/219648500,2017-05-31T08:23:56+00:00,1920,1080,equirectangular
219648500,05,vimeo,cc-by-nc-nd,https://vimeo.com/219648500,2017-05-31T08:23:56+00:00,1920,1080,equirectangular
219648500,20,vimeo,cc-by-nc-nd,https://vimeo.com/219648500,2017-05-31T08:23:56+00:00,1920,1080,equirectangular
219648500,12,vimeo,cc-by-nc-nd,https://vimeo.com/219648500,2017-05-31T08:23:56+00:00,1920,1080,equirectangular
219648500,14,vimeo,cc-by-nc-nd,https://vimeo.com/219648500,2017-05-31T08:23:56+00:00,1920,1080,equirectangular
219648500,01,vimeo,cc-by-nc-nd,https://vimeo.com/219648500,2017-05-31T08:23:56+00:00,1920,1080,equirectangular
219648500,06,vimeo,cc-by-nc-nd,https://vimeo.com/219648500,2017-05-31T08:23:56+00:00,1920,1080,equirectangular
219648500,04,vimeo,cc-by-nc-nd,https://vimeo.com/219648500,2017-05-31T08:23:56+00:00,1920,1080,equirectangular
219648500,19,vimeo,cc-by-nc-nd,https://vimeo.com/219648500,2017-05-31T08:23:56+00:00,1920,1080,equirectangular
219648500,08,vimeo,cc-by-nc-nd,https://vimeo.com/219648500,2017-05-31T08:23:56+00:00,1920,1080,equirectangular
219648500,02,vimeo,cc-by-nc-nd,https://vimeo.com/219648500,2017-05-31T08:23:56+00:00,1920,1080,equirectangular
265549455,03,vimeo,cc-by-nc-nd,https://vimeo.com/265549455,2018-04-19T11:26:12+00:00,2048,1024,equirectangular
265549455,00,vimeo,cc-by-nc-nd,https://vimeo.com/265549455,2018-04-19T11:26:12+00:00,2048,1024,equirectangular
265549455,01,vimeo,cc-by-nc-nd,https://vimeo.com/265549455,2018-04-19T11:26:12+00:00,2048,1024,equirectangular
265549455,02,vimeo,cc-by-nc-nd,https://vimeo.com/265549455,2018-04-19T11:26:12+00:00,2048,1024,equirectangular
211472583,03,vimeo,cc-by-nc-nd,https://vimeo.com/211472583,2017-04-04T11:47:31+00:00,1080,540,equirectangular
211472583,00,vimeo,cc-by-nc-nd,https://vimeo.com/211472583,2017-04-04T11:47:31+00:00,1080,540,equirectangular
211472583,05,vimeo,cc-by-nc-nd,https://vimeo.com/211472583,2017-04-04T11:47:31+00:00,1080,540,equirectangular
211472583,01,vimeo,cc-by-nc-nd,https://vimeo.com/211472583,2017-04-04T11:47:31+00:00,1080,540,equirectangular
211472583,06,vimeo,cc-by-nc-nd,https://vimeo.com/211472583,2017-04-04T11:47:31+00:00,1080,540,equirectangular
211472583,04,vimeo,cc-by-nc-nd,https://vimeo.com/211472583,2017-04-04T11:47:31+00:00,1080,540,equirectangular
211472583,02,vimeo,cc-by-nc-nd,https://vimeo.com/211472583,2017-04-04T11:47:31+00:00,1080,540,equirectangular
212280372,00,vimeo,cc-by-nc-nd,https://vimeo.com/212280372,2017-04-07T16:19:13+00:00,1920,1080,equirectangular
217842339,00,vimeo,cc-by-nc-nd,https://vimeo.com/217842339,2017-05-17T14:32:12+00:00,1920,1080,equirectangular
212276770,00,vimeo,cc-by-nc-nd,https://vimeo.com/212276770,2017-04-07T15:57:13+00:00,1920,1080,equirectangular
212273015,00,vimeo,cc-by-nc-nd,https://vimeo.com/212273015,2017-04-07T15:32:11+00:00,1920,1080,equirectangular
218599397,00,vimeo,cc-by-nc-nd,https://vimeo.com/218599397,2017-05-23T09:56:36+00:00,1920,1080,equirectangular
217139247,00,vimeo,cc-by-nc-nd,https://vimeo.com/217139247,2017-05-12T08:23:30+00:00,1920,1080,equirectangular
217140657,00,vimeo,cc-by-nc-nd,https://vimeo.com/217140657,2017-05-12T08:38:20+00:00,1920,1080,equirectangular
282472700,15,vimeo,cc-by-nc-nd,https://vimeo.com/282472700,2018-07-31T10:28:50+00:00,2048,1024,equirectangular
282472700,22,vimeo,cc-by-nc-nd,https://vimeo.com/282472700,2018-07-31T10:28:50+00:00,2048,1024,equirectangular
282472700,23,vimeo,cc-by-nc-nd,https://vimeo.com/282472700,2018-07-31T10:28:50+00:00,2048,1024,equirectangular
282472700,10,vimeo,cc-by-nc-nd,https://vimeo.com/282472700,2018-07-31T10:28:50+00:00,2048,1024,equirectangular
282472700,13,vimeo,cc-by-nc-nd,https://vimeo.com/282472700,2018-07-31T10:28:50+00:00,2048,1024,equirectangular
282472700,17,vimeo,cc-by-nc-nd,https://vimeo.com/282472700,2018-07-31T10:28:50+00:00,2048,1024,equirectangular
282472700,16,vimeo,cc-by-nc-nd,https://vimeo.com/282472700,2018-07-31T10:28:50+00:00,2048,1024,equirectangular
282472700,25,vimeo,cc-by-nc-nd,https://vimeo.com/282472700,2018-07-31T10:28:50+00:00,2048,1024,equirectangular
282472700,18,vimeo,cc-by-nc-nd,https://vimeo.com/282472700,2018-07-31T10:28:50+00:00,2048,1024,equirectangular
282472700,24,vimeo,cc-by-nc-nd,https://vimeo.com/282472700,2018-07-31T10:28:50+00:00,2048,1024,equirectangular
282472700,09,vimeo,cc-by-nc-nd,https://vimeo.com/282472700,2018-07-31T10:28:50+00:00,2048,1024,equirectangular
282472700,26,vimeo,cc-by-nc-nd,https://vimeo.com/282472700,2018-07-31T10:28:50+00:00,2048,1024,equirectangular
282472700,11,vimeo,cc-by-nc-nd,https://vimeo.com/282472700,2018-07-31T10:28:50+00:00,2048,1024,equirectangular
282472700,20,vimeo,cc-by-nc-nd,https://vimeo.com/282472700,2018-07-31T10:28:50+00:00,2048,1024,equirectangular
282472700,12,vimeo,cc-by-nc-nd,https://vimeo.com/282472700,2018-07-31T10:28:50+00:00,2048,1024,equirectangular
282472700,14,vimeo,cc-by-nc-nd,https://vimeo.com/282472700,2018-07-31T10:28:50+00:00,2048,1024,equirectangular
282472700,19,vimeo,cc-by-nc-nd,https://vimeo.com/282472700,2018-07-31T10:28:50+00:00,2048,1024,equirectangular
282472700,27,vimeo,cc-by-nc-nd,https://vimeo.com/282472700,2018-07-31T10:28:50+00:00,2048,1024,equirectangular
282472700,21,vimeo,cc-by-nc-nd,https://vimeo.com/282472700,2018-07-31T10:28:50+00:00,2048,1024,equirectangular
221177580,05,vimeo,cc-by,https://vimeo.com/221177580,2017-06-11T19:37:34+00:00,1430,1080,equirectangular
221177580,01,vimeo,cc-by,https://vimeo.com/221177580,2017-06-11T19:37:34+00:00,1430,1080,equirectangular
221177580,06,vimeo,cc-by,https://vimeo.com/221177580,2017-06-11T19:37:34+00:00,1430,1080,equirectangular
221177580,04,vimeo,cc-by,https://vimeo.com/221177580,2017-06-11T19:37:34+00:00,1430,1080,equirectangular
221177580,02,vimeo,cc-by,https://vimeo.com/221177580,2017-06-11T19:37:34+00:00,1430,1080,equirectangular
207999845,00,vimeo,cc-by-nc,https://vimeo.com/207999845,2017-03-12T11:16:18+00:00,1920,960,equirectangular
218926157,00,vimeo,cc-by-nc,https://vimeo.com/218926157,2017-05-25T10:20:55+00:00,2048,1024,equirectangular
242518241,00,vimeo,cc-by,https://vimeo.com/242518241,2017-11-13T04:55:50+00:00,1920,1080,equirectangular
210736479,00,vimeo,cc-by-sa,https://vimeo.com/210736479,2017-03-30T09:07:29+00:00,1920,960,equirectangular
210736479,01,vimeo,cc-by-sa,https://vimeo.com/210736479,2017-03-30T09:07:29+00:00,1920,960,equirectangular
210736479,02,vimeo,cc-by-sa,https://vimeo.com/210736479,2017-03-30T09:07:29+00:00,1920,960,equirectangular
273549228,00,vimeo,cc-by,https://vimeo.com/273549228,2018-06-05T17:22:08+00:00,1080,540,equirectangular
211393776,00,vimeo,cc-by,https://vimeo.com/211393776,2017-04-03T22:14:31+00:00,1920,960,equirectangular
207562654,00,vimeo,cc-by-nc-nd,https://vimeo.com/207562654,2017-03-09T02:14:10+00:00,1920,1080,equirectangular
211505552,00,vimeo,cc-by,https://vimeo.com/211505552,2017-04-04T15:21:28+00:00,1920,960,equirectangular
237260048,00,vimeo,cc-by,https://vimeo.com/237260048,2017-10-08T05:10:25+00:00,2048,1024,equirectangular
259405678,03,vimeo,cc-by,https://vimeo.com/259405678,2018-03-09T21:36:10+00:00,2048,1024,equirectangular
259405678,00,vimeo,cc-by,https://vimeo.com/259405678,2018-03-09T21:36:10+00:00,2048,1024,equirectangular
259405678,05,vimeo,cc-by,https://vimeo.com/259405678,2018-03-09T21:36:10+00:00,2048,1024,equirectangular
259405678,01,vimeo,cc-by,https://vimeo.com/259405678,2018-03-09T21:36:10+00:00,2048,1024,equirectangular
259405678,04,vimeo,cc-by,https://vimeo.com/259405678,2018-03-09T21:36:10+00:00,2048,1024,equirectangular
259405678,02,vimeo,cc-by,https://vimeo.com/259405678,2018-03-09T21:36:10+00:00,2048,1024,equirectangular
289468408,64,vimeo,cc-by,https://vimeo.com/289468408,2018-09-12T12:19:56+00:00,1920,1080,equirectangular
289468408,30,vimeo,cc-by,https://vimeo.com/289468408,2018-09-12T12:19:56+00:00,1920,1080,equirectangular
289468408,77,vimeo,cc-by,https://vimeo.com/289468408,2018-09-12T12:19:56+00:00,1920,1080,equirectangular
289468408,86,vimeo,cc-by,https://vimeo.com/289468408,2018-09-12T12:19:56+00:00,1920,1080,equirectangular
289468408,34,vimeo,cc-by,https://vimeo.com/289468408,2018-09-12T12:19:56+00:00,1920,1080,equirectangular
289468408,15,vimeo,cc-by,https://vimeo.com/289468408,2018-09-12T12:19:56+00:00,1920,1080,equirectangular
289468408,85,vimeo,cc-by,https://vimeo.com/289468408,2018-09-12T12:19:56+00:00,1920,1080,equirectangular
289468408,65,vimeo,cc-by,https://vimeo.com/289468408,2018-09-12T12:19:56+00:00,1920,1080,equirectangular
289468408,99,vimeo,cc-by,https://vimeo.com/289468408,2018-09-12T12:19:56+00:00,1920,1080,equirectangular
289468408,22,vimeo,cc-by,https://vimeo.com/289468408,2018-09-12T12:19:56+00:00,1920,1080,equirectangular
289468408,56,vimeo,cc-by,https://vimeo.com/289468408,2018-09-12T12:19:56+00:00,1920,1080,equirectangular
289468408,76,vimeo,cc-by,https://vimeo.com/289468408,2018-09-12T12:19:56+00:00,1920,1080,equirectangular
289468408,71,vimeo,cc-by,https://vimeo.com/289468408,2018-09-12T12:19:56+00:00,1920,1080,equirectangular
289468408,03,vimeo,cc-by,https://vimeo.com/289468408,2018-09-12T12:19:56+00:00,1920,1080,equirectangular
289468408,23,vimeo,cc-by,https://vimeo.com/289468408,2018-09-12T12:19:56+00:00,1920,1080,equirectangular
289468408,52,vimeo,cc-by,https://vimeo.com/289468408,2018-09-12T12:19:56+00:00,1920,1080,equirectangular
289468408,57,vimeo,cc-by,https://vimeo.com/289468408,2018-09-12T12:19:56+00:00,1920,1080,equirectangular
289468408,10,vimeo,cc-by,https://vimeo.com/289468408,2018-09-12T12:19:56+00:00,1920,1080,equirectangular
289468408,90,vimeo,cc-by,https://vimeo.com/289468408,2018-09-12T12:19:56+00:00,1920,1080,equirectangular
289468408,92,vimeo,cc-by,https://vimeo.com/289468408,2018-09-12T12:19:56+00:00,1920,1080,equirectangular
289468408,13,vimeo,cc-by,https://vimeo.com/289468408,2018-09-12T12:19:56+00:00,1920,1080,equirectangular
289468408,17,vimeo,cc-by,https://vimeo.com/289468408,2018-09-12T12:19:56+00:00,1920,1080,equirectangular
289468408,36,vimeo,cc-by,https://vimeo.com/289468408,2018-09-12T12:19:56+00:00,1920,1080,equirectangular
289468408,45,vimeo,cc-by,https://vimeo.com/289468408,2018-09-12T12:19:56+00:00,1920,1080,equirectangular
289468408,75,vimeo,cc-by,https://vimeo.com/289468408,2018-09-12T12:19:56+00:00,1920,1080,equirectangular
289468408,59,vimeo,cc-by,https://vimeo.com/289468408,2018-09-12T12:19:56+00:00,1920,1080,equirectangular
289468408,31,vimeo,cc-by,https://vimeo.com/289468408,2018-09-12T12:19:56+00:00,1920,1080,equirectangular
289468408,100,vimeo,cc-by,https://vimeo.com/289468408,2018-09-12T12:19:56+00:00,1920,1080,equirectangular
289468408,16,vimeo,cc-by,https://vimeo.com/289468408,2018-09-12T12:19:56+00:00,1920,1080,equirectangular
289468408,63,vimeo,cc-by,https://vimeo.com/289468408,2018-09-12T12:19:56+00:00,1920,1080,equirectangular
289468408,60,vimeo,cc-by,https://vimeo.com/289468408,2018-09-12T12:19:56+00:00,1920,1080,equirectangular
289468408,35,vimeo,cc-by,https://vimeo.com/289468408,2018-09-12T12:19:56+00:00,1920,1080,equirectangular
289468408,00,vimeo,cc-by,https://vimeo.com/289468408,2018-09-12T12:19:56+00:00,1920,1080,equirectangular
289468408,25,vimeo,cc-by,https://vimeo.com/289468408,2018-09-12T12:19:56+00:00,1920,1080,equirectangular
289468408,18,vimeo,cc-by,https://vimeo.com/289468408,2018-09-12T12:19:56+00:00,1920,1080,equirectangular
289468408,24,vimeo,cc-by,https://vimeo.com/289468408,2018-09-12T12:19:56+00:00,1920,1080,equirectangular
289468408,70,vimeo,cc-by,https://vimeo.com/289468408,2018-09-12T12:19:56+00:00,1920,1080,equirectangular
289468408,09,vimeo,cc-by,https://vimeo.com/289468408,2018-09-12T12:19:56+00:00,1920,1080,equirectangular
289468408,87,vimeo,cc-by,https://vimeo.com/289468408,2018-09-12T12:19:56+00:00,1920,1080,equirectangular
289468408,68,vimeo,cc-by,https://vimeo.com/289468408,2018-09-12T12:19:56+00:00,1920,1080,equirectangular
289468408,26,vimeo,cc-by,https://vimeo.com/289468408,2018-09-12T12:19:56+00:00,1920,1080,equirectangular
289468408,41,vimeo,cc-by,https://vimeo.com/289468408,2018-09-12T12:19:56+00:00,1920,1080,equirectangular
289468408,54,vimeo,cc-by,https://vimeo.com/289468408,2018-09-12T12:19:56+00:00,1920,1080,equirectangular
289468408,44,vimeo,cc-by,https://vimeo.com/289468408,2018-09-12T12:19:56+00:00,1920,1080,equirectangular
289468408,07,vimeo,cc-by,https://vimeo.com/289468408,2018-09-12T12:19:56+00:00,1920,1080,equirectangular
289468408,37,vimeo,cc-by,https://vimeo.com/289468408,2018-09-12T12:19:56+00:00,1920,1080,equirectangular
289468408,79,vimeo,cc-by,https://vimeo.com/289468408,2018-09-12T12:19:56+00:00,1920,1080,equirectangular
289468408,28,vimeo,cc-by,https://vimeo.com/289468408,2018-09-12T12:19:56+00:00,1920,1080,equirectangular
289468408,102,vimeo,cc-by,https://vimeo.com/289468408,2018-09-12T12:19:56+00:00,1920,1080,equirectangular
289468408,81,vimeo,cc-by,https://vimeo.com/289468408,2018-09-12T12:19:56+00:00,1920,1080,equirectangular
289468408,82,vimeo,cc-by,https://vimeo.com/289468408,2018-09-12T12:19:56+00:00,1920,1080,equirectangular
289468408,11,vimeo,cc-by,https://vimeo.com/289468408,2018-09-12T12:19:56+00:00,1920,1080,equirectangular
289468408,33,vimeo,cc-by,https://vimeo.com/289468408,2018-09-12T12:19:56+00:00,1920,1080,equirectangular
289468408,05,vimeo,cc-by,https://vimeo.com/289468408,2018-09-12T12:19:56+00:00,1920,1080,equirectangular
289468408,73,vimeo,cc-by,https://vimeo.com/289468408,2018-09-12T12:19:56+00:00,1920,1080,equirectangular
289468408,20,vimeo,cc-by,https://vimeo.com/289468408,2018-09-12T12:19:56+00:00,1920,1080,equirectangular
289468408,12,vimeo,cc-by,https://vimeo.com/289468408,2018-09-12T12:19:56+00:00,1920,1080,equirectangular
289468408,67,vimeo,cc-by,https://vimeo.com/289468408,2018-09-12T12:19:56+00:00,1920,1080,equirectangular
289468408,14,vimeo,cc-by,https://vimeo.com/289468408,2018-09-12T12:19:56+00:00,1920,1080,equirectangular
289468408,01,vimeo,cc-by,https://vimeo.com/289468408,2018-09-12T12:19:56+00:00,1920,1080,equirectangular
289468408,32,vimeo,cc-by,https://vimeo.com/289468408,2018-09-12T12:19:56+00:00,1920,1080,equirectangular
289468408,40,vimeo,cc-by,https://vimeo.com/289468408,2018-09-12T12:19:56+00:00,1920,1080,equirectangular
289468408,69,vimeo,cc-by,https://vimeo.com/289468408,2018-09-12T12:19:56+00:00,1920,1080,equirectangular
289468408,06,vimeo,cc-by,https://vimeo.com/289468408,2018-09-12T12:19:56+00:00,1920,1080,equirectangular
289468408,55,vimeo,cc-by,https://vimeo.com/289468408,2018-09-12T12:19:56+00:00,1920,1080,equirectangular
289468408,42,vimeo,cc-by,https://vimeo.com/289468408,2018-09-12T12:19:56+00:00,1920,1080,equirectangular
289468408,80,vimeo,cc-by,https://vimeo.com/289468408,2018-09-12T12:19:56+00:00,1920,1080,equirectangular
289468408,04,vimeo,cc-by,https://vimeo.com/289468408,2018-09-12T12:19:56+00:00,1920,1080,equirectangular
289468408,78,vimeo,cc-by,https://vimeo.com/289468408,2018-09-12T12:19:56+00:00,1920,1080,equirectangular
289468408,72,vimeo,cc-by,https://vimeo.com/289468408,2018-09-12T12:19:56+00:00,1920,1080,equirectangular
289468408,19,vimeo,cc-by,https://vimeo.com/289468408,2018-09-12T12:19:56+00:00,1920,1080,equirectangular
289468408,47,vimeo,cc-by,https://vimeo.com/289468408,2018-09-12T12:19:56+00:00,1920,1080,equirectangular
289468408,27,vimeo,cc-by,https://vimeo.com/289468408,2018-09-12T12:19:56+00:00,1920,1080,equirectangular
289468408,48,vimeo,cc-by,https://vimeo.com/289468408,2018-09-12T12:19:56+00:00,1920,1080,equirectangular
289468408,66,vimeo,cc-by,https://vimeo.com/289468408,2018-09-12T12:19:56+00:00,1920,1080,equirectangular
289468408,97,vimeo,cc-by,https://vimeo.com/289468408,2018-09-12T12:19:56+00:00,1920,1080,equirectangular
289468408,08,vimeo,cc-by,https://vimeo.com/289468408,2018-09-12T12:19:56+00:00,1920,1080,equirectangular
289468408,02,vimeo,cc-by,https://vimeo.com/289468408,2018-09-12T12:19:56+00:00,1920,1080,equirectangular
289468408,38,vimeo,cc-by,https://vimeo.com/289468408,2018-09-12T12:19:56+00:00,1920,1080,equirectangular
289468408,21,vimeo,cc-by,https://vimeo.com/289468408,2018-09-12T12:19:56+00:00,1920,1080,equirectangular
289468408,83,vimeo,cc-by,https://vimeo.com/289468408,2018-09-12T12:19:56+00:00,1920,1080,equirectangular
289468408,49,vimeo,cc-by,https://vimeo.com/289468408,2018-09-12T12:19:56+00:00,1920,1080,equirectangular
289468408,101,vimeo,cc-by,https://vimeo.com/289468408,2018-09-12T12:19:56+00:00,1920,1080,equirectangular
289468408,43,vimeo,cc-by,https://vimeo.com/289468408,2018-09-12T12:19:56+00:00,1920,1080,equirectangular
289468408,89,vimeo,cc-by,https://vimeo.com/289468408,2018-09-12T12:19:56+00:00,1920,1080,equirectangular
289468408,39,vimeo,cc-by,https://vimeo.com/289468408,2018-09-12T12:19:56+00:00,1920,1080,equirectangular
359839468,00,vimeo,cc-by-nc-nd,https://vimeo.com/359839468,2019-09-13T17:45:28+00:00,1080,540,equirectangular
210012086,03,vimeo,cc-by-nc-nd,https://vimeo.com/210012086,2017-03-25T05:07:14+00:00,1920,960,equirectangular
210012086,00,vimeo,cc-by-nc-nd,https://vimeo.com/210012086,2017-03-25T05:07:14+00:00,1920,960,equirectangular
210012086,04,vimeo,cc-by-nc-nd,https://vimeo.com/210012086,2017-03-25T05:07:14+00:00,1920,960,equirectangular
210012086,02,vimeo,cc-by-nc-nd,https://vimeo.com/210012086,2017-03-25T05:07:14+00:00,1920,960,equirectangular
235922165,00,vimeo,cc-by-nc-nd,https://vimeo.com/235922165,2017-09-28T14:36:59+00:00,1920,1080,equirectangular
242175531,15,vimeo,cc-by-sa,https://vimeo.com/242175531,2017-11-10T03:46:14+00:00,2048,1024,equirectangular
242175531,22,vimeo,cc-by-sa,https://vimeo.com/242175531,2017-11-10T03:46:14+00:00,2048,1024,equirectangular
242175531,03,vimeo,cc-by-sa,https://vimeo.com/242175531,2017-11-10T03:46:14+00:00,2048,1024,equirectangular
242175531,10,vimeo,cc-by-sa,https://vimeo.com/242175531,2017-11-10T03:46:14+00:00,2048,1024,equirectangular
242175531,13,vimeo,cc-by-sa,https://vimeo.com/242175531,2017-11-10T03:46:14+00:00,2048,1024,equirectangular
242175531,17,vimeo,cc-by-sa,https://vimeo.com/242175531,2017-11-10T03:46:14+00:00,2048,1024,equirectangular
242175531,16,vimeo,cc-by-sa,https://vimeo.com/242175531,2017-11-10T03:46:14+00:00,2048,1024,equirectangular
242175531,00,vimeo,cc-by-sa,https://vimeo.com/242175531,2017-11-10T03:46:14+00:00,2048,1024,equirectangular
242175531,18,vimeo,cc-by-sa,https://vimeo.com/242175531,2017-11-10T03:46:14+00:00,2048,1024,equirectangular
242175531,09,vimeo,cc-by-sa,https://vimeo.com/242175531,2017-11-10T03:46:14+00:00,2048,1024,equirectangular
242175531,07,vimeo,cc-by-sa,https://vimeo.com/242175531,2017-11-10T03:46:14+00:00,2048,1024,equirectangular
242175531,11,vimeo,cc-by-sa,https://vimeo.com/242175531,2017-11-10T03:46:14+00:00,2048,1024,equirectangular
242175531,05,vimeo,cc-by-sa,https://vimeo.com/242175531,2017-11-10T03:46:14+00:00,2048,1024,equirectangular
242175531,20,vimeo,cc-by-sa,https://vimeo.com/242175531,2017-11-10T03:46:14+00:00,2048,1024,equirectangular
242175531,12,vimeo,cc-by-sa,https://vimeo.com/242175531,2017-11-10T03:46:14+00:00,2048,1024,equirectangular
242175531,14,vimeo,cc-by-sa,https://vimeo.com/242175531,2017-11-10T03:46:14+00:00,2048,1024,equirectangular
242175531,01,vimeo,cc-by-sa,https://vimeo.com/242175531,2017-11-10T03:46:14+00:00,2048,1024,equirectangular
242175531,06,vimeo,cc-by-sa,https://vimeo.com/242175531,2017-11-10T03:46:14+00:00,2048,1024,equirectangular
242175531,04,vimeo,cc-by-sa,https://vimeo.com/242175531,2017-11-10T03:46:14+00:00,2048,1024,equirectangular
242175531,19,vimeo,cc-by-sa,https://vimeo.com/242175531,2017-11-10T03:46:14+00:00,2048,1024,equirectangular
242175531,08,vimeo,cc-by-sa,https://vimeo.com/242175531,2017-11-10T03:46:14+00:00,2048,1024,equirectangular
242175531,02,vimeo,cc-by-sa,https://vimeo.com/242175531,2017-11-10T03:46:14+00:00,2048,1024,equirectangular
242175531,21,vimeo,cc-by-sa,https://vimeo.com/242175531,2017-11-10T03:46:14+00:00,2048,1024,equirectangular
209302878,00,vimeo,cc-by,https://vimeo.com/209302878,2017-03-20T23:48:00+00:00,1920,960,equirectangular
209302878,02,vimeo,cc-by,https://vimeo.com/209302878,2017-03-20T23:48:00+00:00,1920,960,equirectangular
410210211,00,vimeo,cc-by-nc-sa,https://vimeo.com/410210211,2020-04-21T14:44:28+00:00,2048,1024,equirectangular
230792956,03,vimeo,cc-by-nc,https://vimeo.com/230792956,2017-08-23T16:07:12+00:00,2048,1024,equirectangular
230792956,00,vimeo,cc-by-nc,https://vimeo.com/230792956,2017-08-23T16:07:12+00:00,2048,1024,equirectangular
230792956,01,vimeo,cc-by-nc,https://vimeo.com/230792956,2017-08-23T16:07:12+00:00,2048,1024,equirectangular
230792956,04,vimeo,cc-by-nc,https://vimeo.com/230792956,2017-08-23T16:07:12+00:00,2048,1024,equirectangular
230792956,02,vimeo,cc-by-nc,https://vimeo.com/230792956,2017-08-23T16:07:12+00:00,2048,1024,equirectangular
257503584,03,vimeo,cc-by-nc-nd,https://vimeo.com/257503584,2018-02-26T14:38:23+00:00,2048,1024,equirectangular
257503584,00,vimeo,cc-by-nc-nd,https://vimeo.com/257503584,2018-02-26T14:38:23+00:00,2048,1024,equirectangular
257503584,01,vimeo,cc-by-nc-nd,https://vimeo.com/257503584,2018-02-26T14:38:23+00:00,2048,1024,equirectangular
257503584,02,vimeo,cc-by-nc-nd,https://vimeo.com/257503584,2018-02-26T14:38:23+00:00,2048,1024,equirectangular
257777956,15,vimeo,cc-by-nc,https://vimeo.com/257777956,2018-02-27T20:33:44+00:00,2048,1024,equirectangular
257777956,22,vimeo,cc-by-nc,https://vimeo.com/257777956,2018-02-27T20:33:44+00:00,2048,1024,equirectangular
257777956,03,vimeo,cc-by-nc,https://vimeo.com/257777956,2018-02-27T20:33:44+00:00,2048,1024,equirectangular
257777956,23,vimeo,cc-by-nc,https://vimeo.com/257777956,2018-02-27T20:33:44+00:00,2048,1024,equirectangular
257777956,10,vimeo,cc-by-nc,https://vimeo.com/257777956,2018-02-27T20:33:44+00:00,2048,1024,equirectangular
257777956,13,vimeo,cc-by-nc,https://vimeo.com/257777956,2018-02-27T20:33:44+00:00,2048,1024,equirectangular
257777956,17,vimeo,cc-by-nc,https://vimeo.com/257777956,2018-02-27T20:33:44+00:00,2048,1024,equirectangular
257777956,16,vimeo,cc-by-nc,https://vimeo.com/257777956,2018-02-27T20:33:44+00:00,2048,1024,equirectangular
257777956,00,vimeo,cc-by-nc,https://vimeo.com/257777956,2018-02-27T20:33:44+00:00,2048,1024,equirectangular
257777956,25,vimeo,cc-by-nc,https://vimeo.com/257777956,2018-02-27T20:33:44+00:00,2048,1024,equirectangular
257777956,18,vimeo,cc-by-nc,https://vimeo.com/257777956,2018-02-27T20:33:44+00:00,2048,1024,equirectangular
257777956,24,vimeo,cc-by-nc,https://vimeo.com/257777956,2018-02-27T20:33:44+00:00,2048,1024,equirectangular
257777956,09,vimeo,cc-by-nc,https://vimeo.com/257777956,2018-02-27T20:33:44+00:00,2048,1024,equirectangular
257777956,07,vimeo,cc-by-nc,https://vimeo.com/257777956,2018-02-27T20:33:44+00:00,2048,1024,equirectangular
257777956,11,vimeo,cc-by-nc,https://vimeo.com/257777956,2018-02-27T20:33:44+00:00,2048,1024,equirectangular
257777956,05,vimeo,cc-by-nc,https://vimeo.com/257777956,2018-02-27T20:33:44+00:00,2048,1024,equirectangular
257777956,20,vimeo,cc-by-nc,https://vimeo.com/257777956,2018-02-27T20:33:44+00:00,2048,1024,equirectangular
257777956,12,vimeo,cc-by-nc,https://vimeo.com/257777956,2018-02-27T20:33:44+00:00,2048,1024,equirectangular
257777956,14,vimeo,cc-by-nc,https://vimeo.com/257777956,2018-02-27T20:33:44+00:00,2048,1024,equirectangular
257777956,01,vimeo,cc-by-nc,https://vimeo.com/257777956,2018-02-27T20:33:44+00:00,2048,1024,equirectangular
257777956,06,vimeo,cc-by-nc,https://vimeo.com/257777956,2018-02-27T20:33:44+00:00,2048,1024,equirectangular
257777956,04,vimeo,cc-by-nc,https://vimeo.com/257777956,2018-02-27T20:33:44+00:00,2048,1024,equirectangular
257777956,19,vimeo,cc-by-nc,https://vimeo.com/257777956,2018-02-27T20:33:44+00:00,2048,1024,equirectangular
257777956,08,vimeo,cc-by-nc,https://vimeo.com/257777956,2018-02-27T20:33:44+00:00,2048,1024,equirectangular
257777956,02,vimeo,cc-by-nc,https://vimeo.com/257777956,2018-02-27T20:33:44+00:00,2048,1024,equirectangular
257777956,21,vimeo,cc-by-nc,https://vimeo.com/257777956,2018-02-27T20:33:44+00:00,2048,1024,equirectangular
286672316,15,vimeo,cc-by,https://vimeo.com/286672316,2018-08-25T14:01:31+00:00,2048,1024,equirectangular
286672316,22,vimeo,cc-by,https://vimeo.com/286672316,2018-08-25T14:01:31+00:00,2048,1024,equirectangular
286672316,13,vimeo,cc-by,https://vimeo.com/286672316,2018-08-25T14:01:31+00:00,2048,1024,equirectangular
286672316,17,vimeo,cc-by,https://vimeo.com/286672316,2018-08-25T14:01:31+00:00,2048,1024,equirectangular
286672316,16,vimeo,cc-by,https://vimeo.com/286672316,2018-08-25T14:01:31+00:00,2048,1024,equirectangular
286672316,18,vimeo,cc-by,https://vimeo.com/286672316,2018-08-25T14:01:31+00:00,2048,1024,equirectangular
286672316,09,vimeo,cc-by,https://vimeo.com/286672316,2018-08-25T14:01:31+00:00,2048,1024,equirectangular
286672316,11,vimeo,cc-by,https://vimeo.com/286672316,2018-08-25T14:01:31+00:00,2048,1024,equirectangular
286672316,05,vimeo,cc-by,https://vimeo.com/286672316,2018-08-25T14:01:31+00:00,2048,1024,equirectangular
286672316,20,vimeo,cc-by,https://vimeo.com/286672316,2018-08-25T14:01:31+00:00,2048,1024,equirectangular
286672316,12,vimeo,cc-by,https://vimeo.com/286672316,2018-08-25T14:01:31+00:00,2048,1024,equirectangular
286672316,14,vimeo,cc-by,https://vimeo.com/286672316,2018-08-25T14:01:31+00:00,2048,1024,equirectangular
286672316,04,vimeo,cc-by,https://vimeo.com/286672316,2018-08-25T14:01:31+00:00,2048,1024,equirectangular
286672316,19,vimeo,cc-by,https://vimeo.com/286672316,2018-08-25T14:01:31+00:00,2048,1024,equirectangular
286672316,21,vimeo,cc-by,https://vimeo.com/286672316,2018-08-25T14:01:31+00:00,2048,1024,equirectangular
210885457,03,vimeo,cc-by,https://vimeo.com/210885457,2017-03-31T04:28:33+00:00,1920,960,equirectangular
210885457,00,vimeo,cc-by,https://vimeo.com/210885457,2017-03-31T04:28:33+00:00,1920,960,equirectangular
210885457,01,vimeo,cc-by,https://vimeo.com/210885457,2017-03-31T04:28:33+00:00,1920,960,equirectangular
210885457,02,vimeo,cc-by,https://vimeo.com/210885457,2017-03-31T04:28:33+00:00,1920,960,equirectangular
377706001,00,vimeo,cc-by-nc,https://vimeo.com/377706001,2019-12-06T04:06:57+00:00,2048,1024,equirectangular
287185379,15,vimeo,cc-by-sa,https://vimeo.com/287185379,2018-08-29T03:36:49+00:00,2048,1024,equirectangular
287185379,03,vimeo,cc-by-sa,https://vimeo.com/287185379,2018-08-29T03:36:49+00:00,2048,1024,equirectangular
287185379,10,vimeo,cc-by-sa,https://vimeo.com/287185379,2018-08-29T03:36:49+00:00,2048,1024,equirectangular
287185379,13,vimeo,cc-by-sa,https://vimeo.com/287185379,2018-08-29T03:36:49+00:00,2048,1024,equirectangular
287185379,09,vimeo,cc-by-sa,https://vimeo.com/287185379,2018-08-29T03:36:49+00:00,2048,1024,equirectangular
287185379,07,vimeo,cc-by-sa,https://vimeo.com/287185379,2018-08-29T03:36:49+00:00,2048,1024,equirectangular
287185379,05,vimeo,cc-by-sa,https://vimeo.com/287185379,2018-08-29T03:36:49+00:00,2048,1024,equirectangular
287185379,12,vimeo,cc-by-sa,https://vimeo.com/287185379,2018-08-29T03:36:49+00:00,2048,1024,equirectangular
287185379,14,vimeo,cc-by-sa,https://vimeo.com/287185379,2018-08-29T03:36:49+00:00,2048,1024,equirectangular
287185379,01,vimeo,cc-by-sa,https://vimeo.com/287185379,2018-08-29T03:36:49+00:00,2048,1024,equirectangular
287185379,06,vimeo,cc-by-sa,https://vimeo.com/287185379,2018-08-29T03:36:49+00:00,2048,1024,equirectangular
287185379,04,vimeo,cc-by-sa,https://vimeo.com/287185379,2018-08-29T03:36:49+00:00,2048,1024,equirectangular
287185379,08,vimeo,cc-by-sa,https://vimeo.com/287185379,2018-08-29T03:36:49+00:00,2048,1024,equirectangular
265224724,00,vimeo,cc-by,https://vimeo.com/265224724,2018-04-17T16:35:38+00:00,2048,1024,equirectangular
325490608,00,vimeo,cc-by-nc-nd,https://vimeo.com/325490608,2019-03-20T17:59:28+00:00,1920,1080,equirectangular
349456462,00,vimeo,cc-by-nc-nd,https://vimeo.com/349456462,2019-07-22T14:07:26+00:00,2048,1024,equirectangular
421489977,03,vimeo,cc-by-nc-nd,https://vimeo.com/421489977,2020-05-22T11:07:27+00:00,2048,1024,equirectangular
421489977,00,vimeo,cc-by-nc-nd,https://vimeo.com/421489977,2020-05-22T11:07:27+00:00,2048,1024,equirectangular
421489977,07,vimeo,cc-by-nc-nd,https://vimeo.com/421489977,2020-05-22T11:07:27+00:00,2048,1024,equirectangular
421489977,05,vimeo,cc-by-nc-nd,https://vimeo.com/421489977,2020-05-22T11:07:27+00:00,2048,1024,equirectangular
421489977,01,vimeo,cc-by-nc-nd,https://vimeo.com/421489977,2020-05-22T11:07:27+00:00,2048,1024,equirectangular
421489977,06,vimeo,cc-by-nc-nd,https://vimeo.com/421489977,2020-05-22T11:07:27+00:00,2048,1024,equirectangular
421489977,04,vimeo,cc-by-nc-nd,https://vimeo.com/421489977,2020-05-22T11:07:27+00:00,2048,1024,equirectangular
421489977,02,vimeo,cc-by-nc-nd,https://vimeo.com/421489977,2020-05-22T11:07:27+00:00,2048,1024,equirectangular
212333530,00,vimeo,cc-by-nc,https://vimeo.com/212333530,2017-04-07T23:01:40+00:00,1920,960,equirectangular
234365797,03,vimeo,cc-by,https://vimeo.com/234365797,2017-09-18T17:58:01+00:00,2048,1024,equirectangular
234365797,00,vimeo,cc-by,https://vimeo.com/234365797,2017-09-18T17:58:01+00:00,2048,1024,equirectangular
234365797,07,vimeo,cc-by,https://vimeo.com/234365797,2017-09-18T17:58:01+00:00,2048,1024,equirectangular
234365797,05,vimeo,cc-by,https://vimeo.com/234365797,2017-09-18T17:58:01+00:00,2048,1024,equirectangular
234365797,01,vimeo,cc-by,https://vimeo.com/234365797,2017-09-18T17:58:01+00:00,2048,1024,equirectangular
234365797,06,vimeo,cc-by,https://vimeo.com/234365797,2017-09-18T17:58:01+00:00,2048,1024,equirectangular
234365797,04,vimeo,cc-by,https://vimeo.com/234365797,2017-09-18T17:58:01+00:00,2048,1024,equirectangular
234365797,02,vimeo,cc-by,https://vimeo.com/234365797,2017-09-18T17:58:01+00:00,2048,1024,equirectangular
213429007,00,vimeo,cc-by-sa,https://vimeo.com/213429007,2017-04-16T16:57:11+00:00,1920,540,equirectangular
286020204,00,vimeo,cc-by-nc-nd,https://vimeo.com/286020204,2018-08-21T15:04:48+00:00,1920,1080,equirectangular
234366142,00,vimeo,cc-by,https://vimeo.com/234366142,2017-09-18T17:59:38+00:00,2048,1024,equirectangular
281091690,00,vimeo,cc-by-nc-nd,https://vimeo.com/281091690,2018-07-21T20:01:15+00:00,2048,1024,equirectangular
281091690,01,vimeo,cc-by-nc-nd,https://vimeo.com/281091690,2018-07-21T20:01:15+00:00,2048,1024,equirectangular
281091690,02,vimeo,cc-by-nc-nd,https://vimeo.com/281091690,2018-07-21T20:01:15+00:00,2048,1024,equirectangular
284887756,00,vimeo,cc-by-nc-nd,https://vimeo.com/284887756,2018-08-14T08:23:32+00:00,2048,1024,equirectangular
347609123,00,vimeo,cc-by-nc,https://vimeo.com/347609123,2019-07-11T20:31:55+00:00,2048,1024,equirectangular
212298264,00,vimeo,cc-by-nc,https://vimeo.com/212298264,2017-04-07T18:20:37+00:00,1920,960,equirectangular
212328320,00,vimeo,cc-by-nc,https://vimeo.com/212328320,2017-04-07T22:06:16+00:00,1920,960,equirectangular
212335542,00,vimeo,cc-by-nc,https://vimeo.com/212335542,2017-04-07T23:25:54+00:00,1920,960,equirectangular
265918301,00,vimeo,cc-by-nc-nd,https://vimeo.com/265918301,2018-04-21T20:57:35+00:00,1920,1080,equirectangular
247976560,03,vimeo,cc-by-nc-nd,https://vimeo.com/247976560,2017-12-19T13:56:43+00:00,2048,1024,equirectangular
247976560,00,vimeo,cc-by-nc-nd,https://vimeo.com/247976560,2017-12-19T13:56:43+00:00,2048,1024,equirectangular
247976560,01,vimeo,cc-by-nc-nd,https://vimeo.com/247976560,2017-12-19T13:56:43+00:00,2048,1024,equirectangular
247976560,02,vimeo,cc-by-nc-nd,https://vimeo.com/247976560,2017-12-19T13:56:43+00:00,2048,1024,equirectangular
383835133,00,vimeo,cc-by-sa,https://vimeo.com/383835133,2020-01-09T20:12:07+00:00,1920,1080,equirectangular
328377731,00,vimeo,cc-by-sa,https://vimeo.com/328377731,2019-04-04T09:26:31+00:00,1920,1080,equirectangular
340422644,00,vimeo,cc-by-sa,https://vimeo.com/340422644,2019-06-05T12:26:43+00:00,1920,1080,equirectangular
719813117,00,vimeo,cc-by,https://vimeo.com/719813117,2022-06-13T11:06:05+00:00,1280,720,equirectangular
230120570,00,vimeo,cc-by-sa,https://vimeo.com/230120570,2017-08-18T08:15:32+00:00,1920,1080,equirectangular
254212273,00,vimeo,cc-by-nc-nd,https://vimeo.com/254212273,2018-02-04T19:29:42+00:00,2048,1024,equirectangular
254212273,01,vimeo,cc-by-nc-nd,https://vimeo.com/254212273,2018-02-04T19:29:42+00:00,2048,1024,equirectangular
254212273,02,vimeo,cc-by-nc-nd,https://vimeo.com/254212273,2018-02-04T19:29:42+00:00,2048,1024,equirectangular
436050662,03,vimeo,cc-by-nc-nd,https://vimeo.com/436050662,2020-07-07T11:01:53+00:00,2048,1024,equirectangular
436050662,10,vimeo,cc-by-nc-nd,https://vimeo.com/436050662,2020-07-07T11:01:53+00:00,2048,1024,equirectangular
436050662,13,vimeo,cc-by-nc-nd,https://vimeo.com/436050662,2020-07-07T11:01:53+00:00,2048,1024,equirectangular
436050662,00,vimeo,cc-by-nc-nd,https://vimeo.com/436050662,2020-07-07T11:01:53+00:00,2048,1024,equirectangular
436050662,09,vimeo,cc-by-nc-nd,https://vimeo.com/436050662,2020-07-07T11:01:53+00:00,2048,1024,equirectangular
436050662,07,vimeo,cc-by-nc-nd,https://vimeo.com/436050662,2020-07-07T11:01:53+00:00,2048,1024,equirectangular
436050662,11,vimeo,cc-by-nc-nd,https://vimeo.com/436050662,2020-07-07T11:01:53+00:00,2048,1024,equirectangular
436050662,05,vimeo,cc-by-nc-nd,https://vimeo.com/436050662,2020-07-07T11:01:53+00:00,2048,1024,equirectangular
436050662,12,vimeo,cc-by-nc-nd,https://vimeo.com/436050662,2020-07-07T11:01:53+00:00,2048,1024,equirectangular
436050662,01,vimeo,cc-by-nc-nd,https://vimeo.com/436050662,2020-07-07T11:01:53+00:00,2048,1024,equirectangular
436050662,06,vimeo,cc-by-nc-nd,https://vimeo.com/436050662,2020-07-07T11:01:53+00:00,2048,1024,equirectangular
436050662,04,vimeo,cc-by-nc-nd,https://vimeo.com/436050662,2020-07-07T11:01:53+00:00,2048,1024,equirectangular
436050662,08,vimeo,cc-by-nc-nd,https://vimeo.com/436050662,2020-07-07T11:01:53+00:00,2048,1024,equirectangular
436050662,02,vimeo,cc-by-nc-nd,https://vimeo.com/436050662,2020-07-07T11:01:53+00:00,2048,1024,equirectangular
357165244,03,vimeo,cc-by-nc,https://vimeo.com/357165244,2019-09-01T09:34:40+00:00,1920,960,equirectangular
208549126,10,vimeo,cc-by-nc-nd,https://vimeo.com/208549126,2017-03-15T19:52:50+00:00,1920,960,equirectangular
208549126,00,vimeo,cc-by-nc-nd,https://vimeo.com/208549126,2017-03-15T19:52:50+00:00,1920,960,equirectangular
208549126,09,vimeo,cc-by-nc-nd,https://vimeo.com/208549126,2017-03-15T19:52:50+00:00,1920,960,equirectangular
208549126,07,vimeo,cc-by-nc-nd,https://vimeo.com/208549126,2017-03-15T19:52:50+00:00,1920,960,equirectangular
208549126,11,vimeo,cc-by-nc-nd,https://vimeo.com/208549126,2017-03-15T19:52:50+00:00,1920,960,equirectangular
208549126,05,vimeo,cc-by-nc-nd,https://vimeo.com/208549126,2017-03-15T19:52:50+00:00,1920,960,equirectangular
208549126,01,vimeo,cc-by-nc-nd,https://vimeo.com/208549126,2017-03-15T19:52:50+00:00,1920,960,equirectangular
208549126,08,vimeo,cc-by-nc-nd,https://vimeo.com/208549126,2017-03-15T19:52:50+00:00,1920,960,equirectangular
354247390,03,vimeo,cc-by,https://vimeo.com/354247390,2019-08-16T16:42:09+00:00,2000,1000,equirectangular
354247390,10,vimeo,cc-by,https://vimeo.com/354247390,2019-08-16T16:42:09+00:00,2000,1000,equirectangular
354247390,00,vimeo,cc-by,https://vimeo.com/354247390,2019-08-16T16:42:09+00:00,2000,1000,equirectangular
354247390,09,vimeo,cc-by,https://vimeo.com/354247390,2019-08-16T16:42:09+00:00,2000,1000,equirectangular
354247390,07,vimeo,cc-by,https://vimeo.com/354247390,2019-08-16T16:42:09+00:00,2000,1000,equirectangular
354247390,11,vimeo,cc-by,https://vimeo.com/354247390,2019-08-16T16:42:09+00:00,2000,1000,equirectangular
354247390,05,vimeo,cc-by,https://vimeo.com/354247390,2019-08-16T16:42:09+00:00,2000,1000,equirectangular
354247390,01,vimeo,cc-by,https://vimeo.com/354247390,2019-08-16T16:42:09+00:00,2000,1000,equirectangular
354247390,06,vimeo,cc-by,https://vimeo.com/354247390,2019-08-16T16:42:09+00:00,2000,1000,equirectangular
354247390,04,vimeo,cc-by,https://vimeo.com/354247390,2019-08-16T16:42:09+00:00,2000,1000,equirectangular
354247390,08,vimeo,cc-by,https://vimeo.com/354247390,2019-08-16T16:42:09+00:00,2000,1000,equirectangular
354247390,02,vimeo,cc-by,https://vimeo.com/354247390,2019-08-16T16:42:09+00:00,2000,1000,equirectangular
262048411,00,vimeo,cc-by-nc,https://vimeo.com/262048411,2018-03-27T15:40:04+00:00,2048,1024,equirectangular
262048435,00,vimeo,cc-by-nc,https://vimeo.com/262048435,2018-03-27T15:40:13+00:00,2048,1024,equirectangular
228615194,00,vimeo,cc-by,https://vimeo.com/228615194,2017-08-07T04:09:25+00:00,2048,1024,equirectangular
220165326,00,vimeo,cc-by-nc-sa,https://vimeo.com/220165326,2017-06-04T01:58:11+00:00,1920,540,equirectangular
219232446,00,vimeo,cc-by,https://vimeo.com/219232446,2017-05-27T21:19:52+00:00,2048,1024,equirectangular
235306546,00,vimeo,cc-by,https://vimeo.com/235306546,2017-09-25T08:09:04+00:00,1920,1080,equirectangular
306027974,00,vimeo,cc-by-nc-nd,https://vimeo.com/306027974,2018-12-12T18:33:09+00:00,2048,1024,equirectangular
261651317,00,vimeo,cc-by-nc-sa,https://vimeo.com/261651317,2018-03-24T21:16:07+00:00,1920,540,equirectangular
372322938,03,vimeo,cc-by-nc-nd,https://vimeo.com/372322938,2019-11-11T08:57:15+00:00,1280,720,equirectangular
372322938,10,vimeo,cc-by-nc-nd,https://vimeo.com/372322938,2019-11-11T08:57:15+00:00,1280,720,equirectangular
372322938,09,vimeo,cc-by-nc-nd,https://vimeo.com/372322938,2019-11-11T08:57:15+00:00,1280,720,equirectangular
372322938,07,vimeo,cc-by-nc-nd,https://vimeo.com/372322938,2019-11-11T08:57:15+00:00,1280,720,equirectangular
372322938,11,vimeo,cc-by-nc-nd,https://vimeo.com/372322938,2019-11-11T08:57:15+00:00,1280,720,equirectangular
372322938,05,vimeo,cc-by-nc-nd,https://vimeo.com/372322938,2019-11-11T08:57:15+00:00,1280,720,equirectangular
372322938,12,vimeo,cc-by-nc-nd,https://vimeo.com/372322938,2019-11-11T08:57:15+00:00,1280,720,equirectangular
372322938,06,vimeo,cc-by-nc-nd,https://vimeo.com/372322938,2019-11-11T08:57:15+00:00,1280,720,equirectangular
372322938,04,vimeo,cc-by-nc-nd,https://vimeo.com/372322938,2019-11-11T08:57:15+00:00,1280,720,equirectangular
372322938,08,vimeo,cc-by-nc-nd,https://vimeo.com/372322938,2019-11-11T08:57:15+00:00,1280,720,equirectangular
210548909,03,vimeo,cc-by-sa,https://vimeo.com/210548909,2017-03-29T05:05:18+00:00,2048,1024,equirectangular
210548909,00,vimeo,cc-by-sa,https://vimeo.com/210548909,2017-03-29T05:05:18+00:00,2048,1024,equirectangular
210548909,07,vimeo,cc-by-sa,https://vimeo.com/210548909,2017-03-29T05:05:18+00:00,2048,1024,equirectangular
210548909,05,vimeo,cc-by-sa,https://vimeo.com/210548909,2017-03-29T05:05:18+00:00,2048,1024,equirectangular
210548909,01,vimeo,cc-by-sa,https://vimeo.com/210548909,2017-03-29T05:05:18+00:00,2048,1024,equirectangular
210548909,06,vimeo,cc-by-sa,https://vimeo.com/210548909,2017-03-29T05:05:18+00:00,2048,1024,equirectangular
210548909,04,vimeo,cc-by-sa,https://vimeo.com/210548909,2017-03-29T05:05:18+00:00,2048,1024,equirectangular
210548909,02,vimeo,cc-by-sa,https://vimeo.com/210548909,2017-03-29T05:05:18+00:00,2048,1024,equirectangular
209070374,00,vimeo,cc-cc0,https://vimeo.com/209070374,2017-03-19T13:00:07+00:00,2048,1024,equirectangular
242523855,03,vimeo,cc-by-sa,https://vimeo.com/242523855,2017-11-13T06:18:50+00:00,2048,1024,equirectangular
242523855,00,vimeo,cc-by-sa,https://vimeo.com/242523855,2017-11-13T06:18:50+00:00,2048,1024,equirectangular
242523855,05,vimeo,cc-by-sa,https://vimeo.com/242523855,2017-11-13T06:18:50+00:00,2048,1024,equirectangular
242523855,01,vimeo,cc-by-sa,https://vimeo.com/242523855,2017-11-13T06:18:50+00:00,2048,1024,equirectangular
242523855,04,vimeo,cc-by-sa,https://vimeo.com/242523855,2017-11-13T06:18:50+00:00,2048,1024,equirectangular
242523855,02,vimeo,cc-by-sa,https://vimeo.com/242523855,2017-11-13T06:18:50+00:00,2048,1024,equirectangular
318728950,03,vimeo,cc-by-nd,https://vimeo.com/318728950,2019-02-21T11:10:42+00:00,2048,1024,equirectangular
318728950,00,vimeo,cc-by-nd,https://vimeo.com/318728950,2019-02-21T11:10:42+00:00,2048,1024,equirectangular
318728950,09,vimeo,cc-by-nd,https://vimeo.com/318728950,2019-02-21T11:10:42+00:00,2048,1024,equirectangular
318728950,07,vimeo,cc-by-nd,https://vimeo.com/318728950,2019-02-21T11:10:42+00:00,2048,1024,equirectangular
318728950,05,vimeo,cc-by-nd,https://vimeo.com/318728950,2019-02-21T11:10:42+00:00,2048,1024,equirectangular
318728950,01,vimeo,cc-by-nd,https://vimeo.com/318728950,2019-02-21T11:10:42+00:00,2048,1024,equirectangular
318728950,06,vimeo,cc-by-nd,https://vimeo.com/318728950,2019-02-21T11:10:42+00:00,2048,1024,equirectangular
318728950,04,vimeo,cc-by-nd,https://vimeo.com/318728950,2019-02-21T11:10:42+00:00,2048,1024,equirectangular
318728950,08,vimeo,cc-by-nd,https://vimeo.com/318728950,2019-02-21T11:10:42+00:00,2048,1024,equirectangular
318728950,02,vimeo,cc-by-nd,https://vimeo.com/318728950,2019-02-21T11:10:42+00:00,2048,1024,equirectangular
427195791,03,vimeo,cc-by,https://vimeo.com/427195791,2020-06-08T23:22:00+00:00,1920,960,equirectangular
427195791,00,vimeo,cc-by,https://vimeo.com/427195791,2020-06-08T23:22:00+00:00,1920,960,equirectangular
427195791,01,vimeo,cc-by,https://vimeo.com/427195791,2020-06-08T23:22:00+00:00,1920,960,equirectangular
427195791,04,vimeo,cc-by,https://vimeo.com/427195791,2020-06-08T23:22:00+00:00,1920,960,equirectangular
427195791,02,vimeo,cc-by,https://vimeo.com/427195791,2020-06-08T23:22:00+00:00,1920,960,equirectangular
220305523,03,vimeo,cc-by-nc-nd,https://vimeo.com/220305523,2017-06-05T13:25:22+00:00,1366,684,equirectangular
220305523,00,vimeo,cc-by-nc-nd,https://vimeo.com/220305523,2017-06-05T13:25:22+00:00,1366,684,equirectangular
220305523,09,vimeo,cc-by-nc-nd,https://vimeo.com/220305523,2017-06-05T13:25:22+00:00,1366,684,equirectangular
220305523,07,vimeo,cc-by-nc-nd,https://vimeo.com/220305523,2017-06-05T13:25:22+00:00,1366,684,equirectangular
220305523,05,vimeo,cc-by-nc-nd,https://vimeo.com/220305523,2017-06-05T13:25:22+00:00,1366,684,equirectangular
220305523,01,vimeo,cc-by-nc-nd,https://vimeo.com/220305523,2017-06-05T13:25:22+00:00,1366,684,equirectangular
220305523,06,vimeo,cc-by-nc-nd,https://vimeo.com/220305523,2017-06-05T13:25:22+00:00,1366,684,equirectangular
220305523,04,vimeo,cc-by-nc-nd,https://vimeo.com/220305523,2017-06-05T13:25:22+00:00,1366,684,equirectangular
220305523,08,vimeo,cc-by-nc-nd,https://vimeo.com/220305523,2017-06-05T13:25:22+00:00,1366,684,equirectangular
220305523,02,vimeo,cc-by-nc-nd,https://vimeo.com/220305523,2017-06-05T13:25:22+00:00,1366,684,equirectangular
357331677,00,vimeo,cc-by-nd,https://vimeo.com/357331677,2019-09-02T11:35:18+00:00,2048,1024,equirectangular
357331677,01,vimeo,cc-by-nd,https://vimeo.com/357331677,2019-09-02T11:35:18+00:00,2048,1024,equirectangular
357331677,02,vimeo,cc-by-nd,https://vimeo.com/357331677,2019-09-02T11:35:18+00:00,2048,1024,equirectangular
351156007,03,vimeo,cc-by-nd,https://vimeo.com/351156007,2019-07-31T11:00:38+00:00,2048,1024,equirectangular
351156007,00,vimeo,cc-by-nd,https://vimeo.com/351156007,2019-07-31T11:00:38+00:00,2048,1024,equirectangular
351156007,07,vimeo,cc-by-nd,https://vimeo.com/351156007,2019-07-31T11:00:38+00:00,2048,1024,equirectangular
351156007,05,vimeo,cc-by-nd,https://vimeo.com/351156007,2019-07-31T11:00:38+00:00,2048,1024,equirectangular
351156007,01,vimeo,cc-by-nd,https://vimeo.com/351156007,2019-07-31T11:00:38+00:00,2048,1024,equirectangular
351156007,06,vimeo,cc-by-nd,https://vimeo.com/351156007,2019-07-31T11:00:38+00:00,2048,1024,equirectangular
351156007,04,vimeo,cc-by-nd,https://vimeo.com/351156007,2019-07-31T11:00:38+00:00,2048,1024,equirectangular
351156007,02,vimeo,cc-by-nd,https://vimeo.com/351156007,2019-07-31T11:00:38+00:00,2048,1024,equirectangular
284293907,00,vimeo,cc-by-nd,https://vimeo.com/284293907,2018-08-10T04:52:49+00:00,2048,1024,equirectangular
208364455,00,vimeo,cc-by,https://vimeo.com/208364455,2017-03-14T18:55:37+00:00,1920,960,equirectangular
209350531,03,vimeo,cc-by,https://vimeo.com/209350531,2017-03-21T09:07:43+00:00,1920,960,equirectangular
209350531,07,vimeo,cc-by,https://vimeo.com/209350531,2017-03-21T09:07:43+00:00,1920,960,equirectangular
209350531,05,vimeo,cc-by,https://vimeo.com/209350531,2017-03-21T09:07:43+00:00,1920,960,equirectangular
209350531,01,vimeo,cc-by,https://vimeo.com/209350531,2017-03-21T09:07:43+00:00,1920,960,equirectangular
209350531,06,vimeo,cc-by,https://vimeo.com/209350531,2017-03-21T09:07:43+00:00,1920,960,equirectangular
209350531,04,vimeo,cc-by,https://vimeo.com/209350531,2017-03-21T09:07:43+00:00,1920,960,equirectangular
209350531,08,vimeo,cc-by,https://vimeo.com/209350531,2017-03-21T09:07:43+00:00,1920,960,equirectangular
209350531,02,vimeo,cc-by,https://vimeo.com/209350531,2017-03-21T09:07:43+00:00,1920,960,equirectangular
731800915,03,vimeo,cc-by,https://vimeo.com/731800915,2022-07-20T16:32:23+00:00,2048,1024,equirectangular
731800915,00,vimeo,cc-by,https://vimeo.com/731800915,2022-07-20T16:32:23+00:00,2048,1024,equirectangular
731800915,07,vimeo,cc-by,https://vimeo.com/731800915,2022-07-20T16:32:23+00:00,2048,1024,equirectangular
731800915,05,vimeo,cc-by,https://vimeo.com/731800915,2022-07-20T16:32:23+00:00,2048,1024,equirectangular
731800915,01,vimeo,cc-by,https://vimeo.com/731800915,2022-07-20T16:32:23+00:00,2048,1024,equirectangular
731800915,06,vimeo,cc-by,https://vimeo.com/731800915,2022-07-20T16:32:23+00:00,2048,1024,equirectangular
731800915,04,vimeo,cc-by,https://vimeo.com/731800915,2022-07-20T16:32:23+00:00,2048,1024,equirectangular
731800915,08,vimeo,cc-by,https://vimeo.com/731800915,2022-07-20T16:32:23+00:00,2048,1024,equirectangular
731800915,02,vimeo,cc-by,https://vimeo.com/731800915,2022-07-20T16:32:23+00:00,2048,1024,equirectangular
731808888,03,vimeo,cc-by,https://vimeo.com/731808888,2022-07-20T16:55:50+00:00,2048,1024,equirectangular
731808888,00,vimeo,cc-by,https://vimeo.com/731808888,2022-07-20T16:55:50+00:00,2048,1024,equirectangular
731808888,09,vimeo,cc-by,https://vimeo.com/731808888,2022-07-20T16:55:50+00:00,2048,1024,equirectangular
731808888,07,vimeo,cc-by,https://vimeo.com/731808888,2022-07-20T16:55:50+00:00,2048,1024,equirectangular
731808888,05,vimeo,cc-by,https://vimeo.com/731808888,2022-07-20T16:55:50+00:00,2048,1024,equirectangular
731808888,01,vimeo,cc-by,https://vimeo.com/731808888,2022-07-20T16:55:50+00:00,2048,1024,equirectangular
731808888,06,vimeo,cc-by,https://vimeo.com/731808888,2022-07-20T16:55:50+00:00,2048,1024,equirectangular
731808888,04,vimeo,cc-by,https://vimeo.com/731808888,2022-07-20T16:55:50+00:00,2048,1024,equirectangular
731808888,08,vimeo,cc-by,https://vimeo.com/731808888,2022-07-20T16:55:50+00:00,2048,1024,equirectangular
731808888,02,vimeo,cc-by,https://vimeo.com/731808888,2022-07-20T16:55:50+00:00,2048,1024,equirectangular
731819011,03,vimeo,cc-by,https://vimeo.com/731819011,2022-07-20T17:27:27+00:00,2048,1024,equirectangular
731819011,00,vimeo,cc-by,https://vimeo.com/731819011,2022-07-20T17:27:27+00:00,2048,1024,equirectangular
731819011,05,vimeo,cc-by,https://vimeo.com/731819011,2022-07-20T17:27:27+00:00,2048,1024,equirectangular
731819011,01,vimeo,cc-by,https://vimeo.com/731819011,2022-07-20T17:27:27+00:00,2048,1024,equirectangular
731819011,06,vimeo,cc-by,https://vimeo.com/731819011,2022-07-20T17:27:27+00:00,2048,1024,equirectangular
731819011,04,vimeo,cc-by,https://vimeo.com/731819011,2022-07-20T17:27:27+00:00,2048,1024,equirectangular
731819011,02,vimeo,cc-by,https://vimeo.com/731819011,2022-07-20T17:27:27+00:00,2048,1024,equirectangular
288092717,00,vimeo,cc-by-nc,https://vimeo.com/288092717,2018-09-04T02:10:57+00:00,1920,1080,equirectangular
222434857,00,vimeo,cc-by,https://vimeo.com/222434857,2017-06-20T22:53:01+00:00,1920,1080,equirectangular
676430024,00,vimeo,cc-by,https://vimeo.com/676430024,2022-02-11T20:56:06+00:00,2048,1024,equirectangular
381418036,01,vimeo,cc-by-nc-nd,https://vimeo.com/381418036,2019-12-25T12:40:19+00:00,2048,1024,equirectangular
207827065,01,vimeo,cc-by-nc-nd,https://vimeo.com/207827065,2017-03-10T17:26:42+00:00,1920,960,equirectangular
381416323,02,vimeo,cc-by-nc-nd,https://vimeo.com/381416323,2019-12-25T12:13:00+00:00,2048,1024,equirectangular
250091430,03,vimeo,cc-by-nc-nd,https://vimeo.com/250091430,2018-01-08T10:31:18+00:00,2048,1024,equirectangular
250091430,00,vimeo,cc-by-nc-nd,https://vimeo.com/250091430,2018-01-08T10:31:18+00:00,2048,1024,equirectangular
250091430,01,vimeo,cc-by-nc-nd,https://vimeo.com/250091430,2018-01-08T10:31:18+00:00,2048,1024,equirectangular
250091430,04,vimeo,cc-by-nc-nd,https://vimeo.com/250091430,2018-01-08T10:31:18+00:00,2048,1024,equirectangular
250091430,02,vimeo,cc-by-nc-nd,https://vimeo.com/250091430,2018-01-08T10:31:18+00:00,2048,1024,equirectangular
723402877,00,vimeo,cc-by,https://vimeo.com/723402877,2022-06-23T15:18:10+00:00,2048,1024,equirectangular
758016378,00,vimeo,cc-by,https://vimeo.com/758016378,2022-10-07T15:28:21+00:00,2048,1024,equirectangular
231891226,00,vimeo,cc-by,https://vimeo.com/231891226,2017-08-31T15:56:13+00:00,1920,960,equirectangular
256594881,03,vimeo,cc-by-nd,https://vimeo.com/256594881,2018-02-20T14:54:16+00:00,2048,1024,equirectangular
256594881,00,vimeo,cc-by-nd,https://vimeo.com/256594881,2018-02-20T14:54:16+00:00,2048,1024,equirectangular
256594881,07,vimeo,cc-by-nd,https://vimeo.com/256594881,2018-02-20T14:54:16+00:00,2048,1024,equirectangular
256594881,05,vimeo,cc-by-nd,https://vimeo.com/256594881,2018-02-20T14:54:16+00:00,2048,1024,equirectangular
256594881,01,vimeo,cc-by-nd,https://vimeo.com/256594881,2018-02-20T14:54:16+00:00,2048,1024,equirectangular
256594881,06,vimeo,cc-by-nd,https://vimeo.com/256594881,2018-02-20T14:54:16+00:00,2048,1024,equirectangular
256594881,04,vimeo,cc-by-nd,https://vimeo.com/256594881,2018-02-20T14:54:16+00:00,2048,1024,equirectangular
256594881,02,vimeo,cc-by-nd,https://vimeo.com/256594881,2018-02-20T14:54:16+00:00,2048,1024,equirectangular
249687915,03,vimeo,cc-by-nd,https://vimeo.com/249687915,2018-01-04T17:12:39+00:00,1920,1080,equirectangular
249687915,00,vimeo,cc-by-nd,https://vimeo.com/249687915,2018-01-04T17:12:39+00:00,1920,1080,equirectangular
249687915,05,vimeo,cc-by-nd,https://vimeo.com/249687915,2018-01-04T17:12:39+00:00,1920,1080,equirectangular
249687915,01,vimeo,cc-by-nd,https://vimeo.com/249687915,2018-01-04T17:12:39+00:00,1920,1080,equirectangular
249687915,06,vimeo,cc-by-nd,https://vimeo.com/249687915,2018-01-04T17:12:39+00:00,1920,1080,equirectangular
249687915,04,vimeo,cc-by-nd,https://vimeo.com/249687915,2018-01-04T17:12:39+00:00,1920,1080,equirectangular
249687915,02,vimeo,cc-by-nd,https://vimeo.com/249687915,2018-01-04T17:12:39+00:00,1920,1080,equirectangular
207854347,00,vimeo,cc-by-nc-nd,https://vimeo.com/207854347,2017-03-10T20:29:49+00:00,1920,960,equirectangular
267411993,00,vimeo,cc-by-nd,https://vimeo.com/267411993,2018-05-01T14:26:10+00:00,1920,960,equirectangular
298690317,00,vimeo,cc-by-nc-nd,https://vimeo.com/298690317,2018-11-03T00:27:21+00:00,2048,1024,equirectangular
212062549,00,vimeo,cc-by-nc-nd,https://vimeo.com/212062549,2017-04-06T12:36:21+00:00,1920,1080,equirectangular
372320195,00,vimeo,cc-by-nd,https://vimeo.com/372320195,2019-11-11T08:35:54+00:00,2048,1024,equirectangular
277948810,00,vimeo,cc-by-nc,https://vimeo.com/277948810,2018-07-02T08:51:13+00:00,2048,1024,equirectangular
384470013,00,vimeo,cc-by-nc,https://vimeo.com/384470013,2020-01-13T08:55:49+00:00,2048,1024,equirectangular
213076150,01,vimeo,cc-by-sa,https://vimeo.com/213076150,2017-04-13T13:16:27+00:00,1920,960,equirectangular
252752320,00,vimeo,cc-by-nd,https://vimeo.com/252752320,2018-01-25T18:22:41+00:00,2048,1024,equirectangular
252752320,01,vimeo,cc-by-nd,https://vimeo.com/252752320,2018-01-25T18:22:41+00:00,2048,1024,equirectangular
252752320,02,vimeo,cc-by-nd,https://vimeo.com/252752320,2018-01-25T18:22:41+00:00,2048,1024,equirectangular
384475697,00,vimeo,cc-by-nc,https://vimeo.com/384475697,2020-01-13T09:36:50+00:00,2048,1024,equirectangular
384472412,00,vimeo,cc-by-nc,https://vimeo.com/384472412,2020-01-13T09:13:37+00:00,2048,1024,equirectangular
253110537,03,vimeo,cc-by-nd,https://vimeo.com/253110537,2018-01-28T11:12:01+00:00,2048,1024,equirectangular
253110537,10,vimeo,cc-by-nd,https://vimeo.com/253110537,2018-01-28T11:12:01+00:00,2048,1024,equirectangular
253110537,13,vimeo,cc-by-nd,https://vimeo.com/253110537,2018-01-28T11:12:01+00:00,2048,1024,equirectangular
253110537,00,vimeo,cc-by-nd,https://vimeo.com/253110537,2018-01-28T11:12:01+00:00,2048,1024,equirectangular
253110537,09,vimeo,cc-by-nd,https://vimeo.com/253110537,2018-01-28T11:12:01+00:00,2048,1024,equirectangular
253110537,07,vimeo,cc-by-nd,https://vimeo.com/253110537,2018-01-28T11:12:01+00:00,2048,1024,equirectangular
253110537,11,vimeo,cc-by-nd,https://vimeo.com/253110537,2018-01-28T11:12:01+00:00,2048,1024,equirectangular
253110537,05,vimeo,cc-by-nd,https://vimeo.com/253110537,2018-01-28T11:12:01+00:00,2048,1024,equirectangular
253110537,12,vimeo,cc-by-nd,https://vimeo.com/253110537,2018-01-28T11:12:01+00:00,2048,1024,equirectangular
253110537,01,vimeo,cc-by-nd,https://vimeo.com/253110537,2018-01-28T11:12:01+00:00,2048,1024,equirectangular
253110537,06,vimeo,cc-by-nd,https://vimeo.com/253110537,2018-01-28T11:12:01+00:00,2048,1024,equirectangular
253110537,04,vimeo,cc-by-nd,https://vimeo.com/253110537,2018-01-28T11:12:01+00:00,2048,1024,equirectangular
253110537,08,vimeo,cc-by-nd,https://vimeo.com/253110537,2018-01-28T11:12:01+00:00,2048,1024,equirectangular
253110537,02,vimeo,cc-by-nd,https://vimeo.com/253110537,2018-01-28T11:12:01+00:00,2048,1024,equirectangular
208923641,00,vimeo,cc-by-nc,https://vimeo.com/208923641,2017-03-18T00:51:59+00:00,1280,720,equirectangular
263175285,00,vimeo,cc-by,https://vimeo.com/263175285,2018-04-04T15:21:42+00:00,1920,960,equirectangular
395425629,00,vimeo,cc-by-nc,https://vimeo.com/395425629,2020-03-04T11:33:44+00:00,2048,1024,equirectangular
207772308,00,vimeo,cc-by-nc,https://vimeo.com/207772308,2017-03-10T10:32:50+00:00,1920,960,equirectangular
455428309,00,vimeo,cc-by-nc-nd,https://vimeo.com/455428309,2020-09-07T09:34:40+00:00,2048,1024,equirectangular
377764765,15,vimeo,cc-by-nd,https://vimeo.com/377764765,2019-12-06T11:47:21+00:00,2048,1024,equirectangular
377764765,03,vimeo,cc-by-nd,https://vimeo.com/377764765,2019-12-06T11:47:21+00:00,2048,1024,equirectangular
377764765,10,vimeo,cc-by-nd,https://vimeo.com/377764765,2019-12-06T11:47:21+00:00,2048,1024,equirectangular
377764765,13,vimeo,cc-by-nd,https://vimeo.com/377764765,2019-12-06T11:47:21+00:00,2048,1024,equirectangular
377764765,00,vimeo,cc-by-nd,https://vimeo.com/377764765,2019-12-06T11:47:21+00:00,2048,1024,equirectangular
377764765,09,vimeo,cc-by-nd,https://vimeo.com/377764765,2019-12-06T11:47:21+00:00,2048,1024,equirectangular
377764765,07,vimeo,cc-by-nd,https://vimeo.com/377764765,2019-12-06T11:47:21+00:00,2048,1024,equirectangular
377764765,11,vimeo,cc-by-nd,https://vimeo.com/377764765,2019-12-06T11:47:21+00:00,2048,1024,equirectangular
377764765,05,vimeo,cc-by-nd,https://vimeo.com/377764765,2019-12-06T11:47:21+00:00,2048,1024,equirectangular
377764765,12,vimeo,cc-by-nd,https://vimeo.com/377764765,2019-12-06T11:47:21+00:00,2048,1024,equirectangular
377764765,14,vimeo,cc-by-nd,https://vimeo.com/377764765,2019-12-06T11:47:21+00:00,2048,1024,equirectangular
377764765,01,vimeo,cc-by-nd,https://vimeo.com/377764765,2019-12-06T11:47:21+00:00,2048,1024,equirectangular
377764765,06,vimeo,cc-by-nd,https://vimeo.com/377764765,2019-12-06T11:47:21+00:00,2048,1024,equirectangular
377764765,04,vimeo,cc-by-nd,https://vimeo.com/377764765,2019-12-06T11:47:21+00:00,2048,1024,equirectangular
377764765,08,vimeo,cc-by-nd,https://vimeo.com/377764765,2019-12-06T11:47:21+00:00,2048,1024,equirectangular
377764765,02,vimeo,cc-by-nd,https://vimeo.com/377764765,2019-12-06T11:47:21+00:00,2048,1024,equirectangular
238257059,00,vimeo,cc-by-nc,https://vimeo.com/238257059,2017-10-15T09:12:25+00:00,1920,1080,equirectangular
380596482,03,vimeo,cc-by-nc-nd,https://vimeo.com/380596482,2019-12-19T22:12:18+00:00,2048,1024,equirectangular
380596482,10,vimeo,cc-by-nc-nd,https://vimeo.com/380596482,2019-12-19T22:12:18+00:00,2048,1024,equirectangular
380596482,00,vimeo,cc-by-nc-nd,https://vimeo.com/380596482,2019-12-19T22:12:18+00:00,2048,1024,equirectangular
380596482,09,vimeo,cc-by-nc-nd,https://vimeo.com/380596482,2019-12-19T22:12:18+00:00,2048,1024,equirectangular
380596482,07,vimeo,cc-by-nc-nd,https://vimeo.com/380596482,2019-12-19T22:12:18+00:00,2048,1024,equirectangular
380596482,05,vimeo,cc-by-nc-nd,https://vimeo.com/380596482,2019-12-19T22:12:18+00:00,2048,1024,equirectangular
380596482,01,vimeo,cc-by-nc-nd,https://vimeo.com/380596482,2019-12-19T22:12:18+00:00,2048,1024,equirectangular
380596482,06,vimeo,cc-by-nc-nd,https://vimeo.com/380596482,2019-12-19T22:12:18+00:00,2048,1024,equirectangular
380596482,04,vimeo,cc-by-nc-nd,https://vimeo.com/380596482,2019-12-19T22:12:18+00:00,2048,1024,equirectangular
380596482,08,vimeo,cc-by-nc-nd,https://vimeo.com/380596482,2019-12-19T22:12:18+00:00,2048,1024,equirectangular
380596482,02,vimeo,cc-by-nc-nd,https://vimeo.com/380596482,2019-12-19T22:12:18+00:00,2048,1024,equirectangular
230476857,15,vimeo,cc-by-nc,https://vimeo.com/230476857,2017-08-21T16:51:02+00:00,2048,1024,equirectangular
230476857,03,vimeo,cc-by-nc,https://vimeo.com/230476857,2017-08-21T16:51:02+00:00,2048,1024,equirectangular
230476857,10,vimeo,cc-by-nc,https://vimeo.com/230476857,2017-08-21T16:51:02+00:00,2048,1024,equirectangular
230476857,13,vimeo,cc-by-nc,https://vimeo.com/230476857,2017-08-21T16:51:02+00:00,2048,1024,equirectangular
230476857,17,vimeo,cc-by-nc,https://vimeo.com/230476857,2017-08-21T16:51:02+00:00,2048,1024,equirectangular
230476857,16,vimeo,cc-by-nc,https://vimeo.com/230476857,2017-08-21T16:51:02+00:00,2048,1024,equirectangular
230476857,18,vimeo,cc-by-nc,https://vimeo.com/230476857,2017-08-21T16:51:02+00:00,2048,1024,equirectangular
230476857,09,vimeo,cc-by-nc,https://vimeo.com/230476857,2017-08-21T16:51:02+00:00,2048,1024,equirectangular
230476857,07,vimeo,cc-by-nc,https://vimeo.com/230476857,2017-08-21T16:51:02+00:00,2048,1024,equirectangular
230476857,11,vimeo,cc-by-nc,https://vimeo.com/230476857,2017-08-21T16:51:02+00:00,2048,1024,equirectangular
230476857,05,vimeo,cc-by-nc,https://vimeo.com/230476857,2017-08-21T16:51:02+00:00,2048,1024,equirectangular
230476857,20,vimeo,cc-by-nc,https://vimeo.com/230476857,2017-08-21T16:51:02+00:00,2048,1024,equirectangular
230476857,12,vimeo,cc-by-nc,https://vimeo.com/230476857,2017-08-21T16:51:02+00:00,2048,1024,equirectangular
230476857,14,vimeo,cc-by-nc,https://vimeo.com/230476857,2017-08-21T16:51:02+00:00,2048,1024,equirectangular
230476857,01,vimeo,cc-by-nc,https://vimeo.com/230476857,2017-08-21T16:51:02+00:00,2048,1024,equirectangular
230476857,06,vimeo,cc-by-nc,https://vimeo.com/230476857,2017-08-21T16:51:02+00:00,2048,1024,equirectangular
230476857,19,vimeo,cc-by-nc,https://vimeo.com/230476857,2017-08-21T16:51:02+00:00,2048,1024,equirectangular
230476857,08,vimeo,cc-by-nc,https://vimeo.com/230476857,2017-08-21T16:51:02+00:00,2048,1024,equirectangular
230476857,02,vimeo,cc-by-nc,https://vimeo.com/230476857,2017-08-21T16:51:02+00:00,2048,1024,equirectangular
502131600,03,vimeo,cc-by-sa,https://vimeo.com/502131600,2021-01-19T11:17:41+00:00,2048,1024,equirectangular
502131600,00,vimeo,cc-by-sa,https://vimeo.com/502131600,2021-01-19T11:17:41+00:00,2048,1024,equirectangular
502131600,01,vimeo,cc-by-sa,https://vimeo.com/502131600,2021-01-19T11:17:41+00:00,2048,1024,equirectangular
502131600,02,vimeo,cc-by-sa,https://vimeo.com/502131600,2021-01-19T11:17:41+00:00,2048,1024,equirectangular
211649979,03,vimeo,cc-by,https://vimeo.com/211649979,2017-04-05T10:29:41+00:00,1920,960,equirectangular
211649979,00,vimeo,cc-by,https://vimeo.com/211649979,2017-04-05T10:29:41+00:00,1920,960,equirectangular
211649979,05,vimeo,cc-by,https://vimeo.com/211649979,2017-04-05T10:29:41+00:00,1920,960,equirectangular
211649979,04,vimeo,cc-by,https://vimeo.com/211649979,2017-04-05T10:29:41+00:00,1920,960,equirectangular
211649979,02,vimeo,cc-by,https://vimeo.com/211649979,2017-04-05T10:29:41+00:00,1920,960,equirectangular
217996901,00,vimeo,cc-by,https://vimeo.com/217996901,2017-05-18T13:18:05+00:00,1920,960,equirectangular
353059227,00,vimeo,cc-by-sa,https://vimeo.com/353059227,2019-08-10T03:31:47+00:00,2048,1024,equirectangular
247509871,00,vimeo,cc-by,https://vimeo.com/247509871,2017-12-15T16:39:22+00:00,2048,1024,equirectangular
384477368,00,vimeo,cc-by-nc,https://vimeo.com/384477368,2020-01-13T09:46:47+00:00,2048,1024,equirectangular
257960712,01,vimeo,cc-by-nc,https://vimeo.com/257960712,2018-02-28T20:01:05+00:00,2048,1024,equirectangular
381412934,03,vimeo,cc-by-nc-nd,https://vimeo.com/381412934,2019-12-25T11:13:41+00:00,2048,1024,equirectangular
381412934,01,vimeo,cc-by-nc-nd,https://vimeo.com/381412934,2019-12-25T11:13:41+00:00,2048,1024,equirectangular
381412934,04,vimeo,cc-by-nc-nd,https://vimeo.com/381412934,2019-12-25T11:13:41+00:00,2048,1024,equirectangular
381412934,02,vimeo,cc-by-nc-nd,https://vimeo.com/381412934,2019-12-25T11:13:41+00:00,2048,1024,equirectangular
384566576,03,vimeo,cc-by-nc-nd,https://vimeo.com/384566576,2020-01-13T17:30:40+00:00,2048,1024,equirectangular
384566576,00,vimeo,cc-by-nc-nd,https://vimeo.com/384566576,2020-01-13T17:30:40+00:00,2048,1024,equirectangular
384566576,01,vimeo,cc-by-nc-nd,https://vimeo.com/384566576,2020-01-13T17:30:40+00:00,2048,1024,equirectangular
384566576,04,vimeo,cc-by-nc-nd,https://vimeo.com/384566576,2020-01-13T17:30:40+00:00,2048,1024,equirectangular
384566576,02,vimeo,cc-by-nc-nd,https://vimeo.com/384566576,2020-01-13T17:30:40+00:00,2048,1024,equirectangular
351457103,00,vimeo,cc-by-nc,https://vimeo.com/351457103,2019-08-01T18:33:38+00:00,2048,1024,equirectangular
243039069,15,vimeo,cc-by-nc-nd,https://vimeo.com/243039069,2017-11-16T01:36:17+00:00,2048,1024,equirectangular
243039069,22,vimeo,cc-by-nc-nd,https://vimeo.com/243039069,2017-11-16T01:36:17+00:00,2048,1024,equirectangular
243039069,03,vimeo,cc-by-nc-nd,https://vimeo.com/243039069,2017-11-16T01:36:17+00:00,2048,1024,equirectangular
243039069,10,vimeo,cc-by-nc-nd,https://vimeo.com/243039069,2017-11-16T01:36:17+00:00,2048,1024,equirectangular
243039069,13,vimeo,cc-by-nc-nd,https://vimeo.com/243039069,2017-11-16T01:36:17+00:00,2048,1024,equirectangular
243039069,17,vimeo,cc-by-nc-nd,https://vimeo.com/243039069,2017-11-16T01:36:17+00:00,2048,1024,equirectangular
243039069,16,vimeo,cc-by-nc-nd,https://vimeo.com/243039069,2017-11-16T01:36:17+00:00,2048,1024,equirectangular
243039069,25,vimeo,cc-by-nc-nd,https://vimeo.com/243039069,2017-11-16T01:36:17+00:00,2048,1024,equirectangular
243039069,18,vimeo,cc-by-nc-nd,https://vimeo.com/243039069,2017-11-16T01:36:17+00:00,2048,1024,equirectangular
243039069,24,vimeo,cc-by-nc-nd,https://vimeo.com/243039069,2017-11-16T01:36:17+00:00,2048,1024,equirectangular
243039069,09,vimeo,cc-by-nc-nd,https://vimeo.com/243039069,2017-11-16T01:36:17+00:00,2048,1024,equirectangular
243039069,07,vimeo,cc-by-nc-nd,https://vimeo.com/243039069,2017-11-16T01:36:17+00:00,2048,1024,equirectangular
243039069,11,vimeo,cc-by-nc-nd,https://vimeo.com/243039069,2017-11-16T01:36:17+00:00,2048,1024,equirectangular
243039069,05,vimeo,cc-by-nc-nd,https://vimeo.com/243039069,2017-11-16T01:36:17+00:00,2048,1024,equirectangular
243039069,20,vimeo,cc-by-nc-nd,https://vimeo.com/243039069,2017-11-16T01:36:17+00:00,2048,1024,equirectangular
243039069,12,vimeo,cc-by-nc-nd,https://vimeo.com/243039069,2017-11-16T01:36:17+00:00,2048,1024,equirectangular
243039069,14,vimeo,cc-by-nc-nd,https://vimeo.com/243039069,2017-11-16T01:36:17+00:00,2048,1024,equirectangular
243039069,01,vimeo,cc-by-nc-nd,https://vimeo.com/243039069,2017-11-16T01:36:17+00:00,2048,1024,equirectangular
243039069,04,vimeo,cc-by-nc-nd,https://vimeo.com/243039069,2017-11-16T01:36:17+00:00,2048,1024,equirectangular
243039069,19,vimeo,cc-by-nc-nd,https://vimeo.com/243039069,2017-11-16T01:36:17+00:00,2048,1024,equirectangular
243039069,08,vimeo,cc-by-nc-nd,https://vimeo.com/243039069,2017-11-16T01:36:17+00:00,2048,1024,equirectangular
243039069,02,vimeo,cc-by-nc-nd,https://vimeo.com/243039069,2017-11-16T01:36:17+00:00,2048,1024,equirectangular
243039069,21,vimeo,cc-by-nc-nd,https://vimeo.com/243039069,2017-11-16T01:36:17+00:00,2048,1024,equirectangular
368668458,01,vimeo,cc-by-nc-nd,https://vimeo.com/368668458,2019-10-24T23:31:24+00:00,2048,1024,equirectangular
368668458,04,vimeo,cc-by-nc-nd,https://vimeo.com/368668458,2019-10-24T23:31:24+00:00,2048,1024,equirectangular
368668458,02,vimeo,cc-by-nc-nd,https://vimeo.com/368668458,2019-10-24T23:31:24+00:00,2048,1024,equirectangular
399760868,00,vimeo,cc-by-sa,https://vimeo.com/399760868,2020-03-23T01:31:37+00:00,2048,1024,equirectangular
547306651,03,vimeo,cc-by-nc-nd,https://vimeo.com/547306651,2021-05-10T02:02:12+00:00,2048,1024,equirectangular
547306651,00,vimeo,cc-by-nc-nd,https://vimeo.com/547306651,2021-05-10T02:02:12+00:00,2048,1024,equirectangular
547306651,05,vimeo,cc-by-nc-nd,https://vimeo.com/547306651,2021-05-10T02:02:12+00:00,2048,1024,equirectangular
547306651,01,vimeo,cc-by-nc-nd,https://vimeo.com/547306651,2021-05-10T02:02:12+00:00,2048,1024,equirectangular
547306651,06,vimeo,cc-by-nc-nd,https://vimeo.com/547306651,2021-05-10T02:02:12+00:00,2048,1024,equirectangular
547306651,02,vimeo,cc-by-nc-nd,https://vimeo.com/547306651,2021-05-10T02:02:12+00:00,2048,1024,equirectangular
264940653,00,vimeo,cc-by,https://vimeo.com/264940653,2018-04-16T08:27:05+00:00,1280,640,equirectangular
479886667,00,vimeo,cc-by,https://vimeo.com/479886667,2020-11-16T15:14:43+00:00,2048,1024,equirectangular
381794361,00,vimeo,cc-by-nc-nd,https://vimeo.com/381794361,2019-12-28T17:15:23+00:00,2048,1024,equirectangular
253308435,00,vimeo,cc-by-nc-nd,https://vimeo.com/253308435,2018-01-29T19:38:08+00:00,2048,1024,equirectangular
230205728,00,vimeo,cc-by,https://vimeo.com/230205728,2017-08-18T20:14:14+00:00,2048,1024,equirectangular
384704919,00,vimeo,cc-by-nc,https://vimeo.com/384704919,2020-01-14T07:47:41+00:00,2048,1024,equirectangular
215646176,10,vimeo,cc-cc0,https://vimeo.com/215646176,2017-05-02T11:21:51+00:00,1920,960,equirectangular
215646176,09,vimeo,cc-cc0,https://vimeo.com/215646176,2017-05-02T11:21:51+00:00,1920,960,equirectangular
268250089,03,vimeo,cc-by-nc,https://vimeo.com/268250089,2018-05-06T11:03:46+00:00,2048,1024,equirectangular
268250089,10,vimeo,cc-by-nc,https://vimeo.com/268250089,2018-05-06T11:03:46+00:00,2048,1024,equirectangular
268250089,13,vimeo,cc-by-nc,https://vimeo.com/268250089,2018-05-06T11:03:46+00:00,2048,1024,equirectangular
268250089,09,vimeo,cc-by-nc,https://vimeo.com/268250089,2018-05-06T11:03:46+00:00,2048,1024,equirectangular
268250089,07,vimeo,cc-by-nc,https://vimeo.com/268250089,2018-05-06T11:03:46+00:00,2048,1024,equirectangular
268250089,11,vimeo,cc-by-nc,https://vimeo.com/268250089,2018-05-06T11:03:46+00:00,2048,1024,equirectangular
268250089,05,vimeo,cc-by-nc,https://vimeo.com/268250089,2018-05-06T11:03:46+00:00,2048,1024,equirectangular
268250089,12,vimeo,cc-by-nc,https://vimeo.com/268250089,2018-05-06T11:03:46+00:00,2048,1024,equirectangular
268250089,01,vimeo,cc-by-nc,https://vimeo.com/268250089,2018-05-06T11:03:46+00:00,2048,1024,equirectangular
268250089,06,vimeo,cc-by-nc,https://vimeo.com/268250089,2018-05-06T11:03:46+00:00,2048,1024,equirectangular
268250089,04,vimeo,cc-by-nc,https://vimeo.com/268250089,2018-05-06T11:03:46+00:00,2048,1024,equirectangular
268250089,08,vimeo,cc-by-nc,https://vimeo.com/268250089,2018-05-06T11:03:46+00:00,2048,1024,equirectangular
268250089,02,vimeo,cc-by-nc,https://vimeo.com/268250089,2018-05-06T11:03:46+00:00,2048,1024,equirectangular
243644619,00,vimeo,cc-by,https://vimeo.com/243644619,2017-11-20T13:00:07+00:00,2048,1024,equirectangular
384703168,00,vimeo,cc-by-nc,https://vimeo.com/384703168,2020-01-14T07:34:47+00:00,2048,1024,equirectangular
321894291,00,vimeo,cc-by-nc-nd,https://vimeo.com/321894291,2019-03-07T02:38:51+00:00,2048,1024,equirectangular
321894291,01,vimeo,cc-by-nc-nd,https://vimeo.com/321894291,2019-03-07T02:38:51+00:00,2048,1024,equirectangular
321894291,02,vimeo,cc-by-nc-nd,https://vimeo.com/321894291,2019-03-07T02:38:51+00:00,2048,1024,equirectangular
263346456,00,vimeo,cc-by-nc-nd,https://vimeo.com/263346456,2018-04-05T14:23:43+00:00,2048,1024,equirectangular
215171950,00,vimeo,cc-by-nc,https://vimeo.com/215171950,2017-04-28T11:00:31+00:00,1920,960,equirectangular
215171950,01,vimeo,cc-by-nc,https://vimeo.com/215171950,2017-04-28T11:00:31+00:00,1920,960,equirectangular
207794970,00,vimeo,cc-by-nd,https://vimeo.com/207794970,2017-03-10T14:01:05+00:00,1920,960,equirectangular
231214759,00,vimeo,cc-by-nc-nd,https://vimeo.com/231214759,2017-08-26T19:01:00+00:00,1920,1080,equirectangular
381418790,03,vimeo,cc-by-nc-nd,https://vimeo.com/381418790,2019-12-25T12:51:30+00:00,2048,1024,equirectangular
381418790,01,vimeo,cc-by-nc-nd,https://vimeo.com/381418790,2019-12-25T12:51:30+00:00,2048,1024,equirectangular
381418790,02,vimeo,cc-by-nc-nd,https://vimeo.com/381418790,2019-12-25T12:51:30+00:00,2048,1024,equirectangular
238925361,00,vimeo,cc-by-nd,https://vimeo.com/238925361,2017-10-19T12:00:40+00:00,2048,1024,equirectangular
275490290,00,vimeo,cc-by,https://vimeo.com/275490290,2018-06-17T14:10:01+00:00,2048,1024,equirectangular
269754114,00,vimeo,cc-by-nc-sa,https://vimeo.com/269754114,2018-05-14T23:48:31+00:00,1920,1080,equirectangular
286253216,15,vimeo,cc-cc0,https://vimeo.com/286253216,2018-08-22T21:31:43+00:00,2048,1024,equirectangular
286253216,03,vimeo,cc-cc0,https://vimeo.com/286253216,2018-08-22T21:31:43+00:00,2048,1024,equirectangular
286253216,10,vimeo,cc-cc0,https://vimeo.com/286253216,2018-08-22T21:31:43+00:00,2048,1024,equirectangular
286253216,13,vimeo,cc-cc0,https://vimeo.com/286253216,2018-08-22T21:31:43+00:00,2048,1024,equirectangular
286253216,17,vimeo,cc-cc0,https://vimeo.com/286253216,2018-08-22T21:31:43+00:00,2048,1024,equirectangular
286253216,16,vimeo,cc-cc0,https://vimeo.com/286253216,2018-08-22T21:31:43+00:00,2048,1024,equirectangular
286253216,00,vimeo,cc-cc0,https://vimeo.com/286253216,2018-08-22T21:31:43+00:00,2048,1024,equirectangular
286253216,18,vimeo,cc-cc0,https://vimeo.com/286253216,2018-08-22T21:31:43+00:00,2048,1024,equirectangular
286253216,09,vimeo,cc-cc0,https://vimeo.com/286253216,2018-08-22T21:31:43+00:00,2048,1024,equirectangular
286253216,07,vimeo,cc-cc0,https://vimeo.com/286253216,2018-08-22T21:31:43+00:00,2048,1024,equirectangular
286253216,11,vimeo,cc-cc0,https://vimeo.com/286253216,2018-08-22T21:31:43+00:00,2048,1024,equirectangular
286253216,05,vimeo,cc-cc0,https://vimeo.com/286253216,2018-08-22T21:31:43+00:00,2048,1024,equirectangular
286253216,20,vimeo,cc-cc0,https://vimeo.com/286253216,2018-08-22T21:31:43+00:00,2048,1024,equirectangular
286253216,12,vimeo,cc-cc0,https://vimeo.com/286253216,2018-08-22T21:31:43+00:00,2048,1024,equirectangular
286253216,14,vimeo,cc-cc0,https://vimeo.com/286253216,2018-08-22T21:31:43+00:00,2048,1024,equirectangular
286253216,01,vimeo,cc-cc0,https://vimeo.com/286253216,2018-08-22T21:31:43+00:00,2048,1024,equirectangular
286253216,06,vimeo,cc-cc0,https://vimeo.com/286253216,2018-08-22T21:31:43+00:00,2048,1024,equirectangular
286253216,04,vimeo,cc-cc0,https://vimeo.com/286253216,2018-08-22T21:31:43+00:00,2048,1024,equirectangular
286253216,19,vimeo,cc-cc0,https://vimeo.com/286253216,2018-08-22T21:31:43+00:00,2048,1024,equirectangular
286253216,08,vimeo,cc-cc0,https://vimeo.com/286253216,2018-08-22T21:31:43+00:00,2048,1024,equirectangular
286253216,02,vimeo,cc-cc0,https://vimeo.com/286253216,2018-08-22T21:31:43+00:00,2048,1024,equirectangular
288524162,00,vimeo,cc-by-nc-nd,https://vimeo.com/288524162,2018-09-06T11:33:20+00:00,1920,1080,equirectangular
288524162,01,vimeo,cc-by-nc-nd,https://vimeo.com/288524162,2018-09-06T11:33:20+00:00,1920,1080,equirectangular
413056981,00,vimeo,cc-by-nc-nd,https://vimeo.com/413056981,2020-04-29T09:48:44+00:00,2048,1024,equirectangular
226756913,04,vimeo,cc-by-nc-nd,https://vimeo.com/226756913,2017-07-24T15:19:24+00:00,2048,1024,equirectangular
297182808,03,vimeo,cc-by,https://vimeo.com/297182808,2018-10-25T20:49:46+00:00,1920,960,equirectangular
297182808,00,vimeo,cc-by,https://vimeo.com/297182808,2018-10-25T20:49:46+00:00,1920,960,equirectangular
297182808,07,vimeo,cc-by,https://vimeo.com/297182808,2018-10-25T20:49:46+00:00,1920,960,equirectangular
297182808,05,vimeo,cc-by,https://vimeo.com/297182808,2018-10-25T20:49:46+00:00,1920,960,equirectangular
297182808,01,vimeo,cc-by,https://vimeo.com/297182808,2018-10-25T20:49:46+00:00,1920,960,equirectangular
297182808,06,vimeo,cc-by,https://vimeo.com/297182808,2018-10-25T20:49:46+00:00,1920,960,equirectangular
297182808,04,vimeo,cc-by,https://vimeo.com/297182808,2018-10-25T20:49:46+00:00,1920,960,equirectangular
297182808,02,vimeo,cc-by,https://vimeo.com/297182808,2018-10-25T20:49:46+00:00,1920,960,equirectangular
384714798,00,vimeo,cc-by-nc,https://vimeo.com/384714798,2020-01-14T09:01:53+00:00,2048,1024,equirectangular
214039270,03,vimeo,cc-by-nc-nd,https://vimeo.com/214039270,2017-04-20T16:10:06+00:00,1920,960,equirectangular
214039270,00,vimeo,cc-by-nc-nd,https://vimeo.com/214039270,2017-04-20T16:10:06+00:00,1920,960,equirectangular
214039270,01,vimeo,cc-by-nc-nd,https://vimeo.com/214039270,2017-04-20T16:10:06+00:00,1920,960,equirectangular
214039270,02,vimeo,cc-by-nc-nd,https://vimeo.com/214039270,2017-04-20T16:10:06+00:00,1920,960,equirectangular
442421411,03,vimeo,cc-by,https://vimeo.com/442421411,2020-07-28T16:33:41+00:00,2048,1024,equirectangular
442421411,00,vimeo,cc-by,https://vimeo.com/442421411,2020-07-28T16:33:41+00:00,2048,1024,equirectangular
442421411,05,vimeo,cc-by,https://vimeo.com/442421411,2020-07-28T16:33:41+00:00,2048,1024,equirectangular
442421411,01,vimeo,cc-by,https://vimeo.com/442421411,2020-07-28T16:33:41+00:00,2048,1024,equirectangular
442421411,06,vimeo,cc-by,https://vimeo.com/442421411,2020-07-28T16:33:41+00:00,2048,1024,equirectangular
442421411,04,vimeo,cc-by,https://vimeo.com/442421411,2020-07-28T16:33:41+00:00,2048,1024,equirectangular
442421411,02,vimeo,cc-by,https://vimeo.com/442421411,2020-07-28T16:33:41+00:00,2048,1024,equirectangular
272831136,00,vimeo,cc-by-nc,https://vimeo.com/272831136,2018-05-31T19:32:35+00:00,2000,1000,equirectangular
238432753,00,vimeo,cc-by-nc-nd,https://vimeo.com/238432753,2017-10-16T16:27:56+00:00,2048,1024,equirectangular
209522681,03,vimeo,cc-by-sa,https://vimeo.com/209522681,2017-03-22T07:47:11+00:00,1920,1080,equirectangular
209522681,00,vimeo,cc-by-sa,https://vimeo.com/209522681,2017-03-22T07:47:11+00:00,1920,1080,equirectangular
209522681,07,vimeo,cc-by-sa,https://vimeo.com/209522681,2017-03-22T07:47:11+00:00,1920,1080,equirectangular
209522681,05,vimeo,cc-by-sa,https://vimeo.com/209522681,2017-03-22T07:47:11+00:00,1920,1080,equirectangular
209522681,01,vimeo,cc-by-sa,https://vimeo.com/209522681,2017-03-22T07:47:11+00:00,1920,1080,equirectangular
209522681,06,vimeo,cc-by-sa,https://vimeo.com/209522681,2017-03-22T07:47:11+00:00,1920,1080,equirectangular
209522681,04,vimeo,cc-by-sa,https://vimeo.com/209522681,2017-03-22T07:47:11+00:00,1920,1080,equirectangular
209522681,02,vimeo,cc-by-sa,https://vimeo.com/209522681,2017-03-22T07:47:11+00:00,1920,1080,equirectangular
207462218,03,vimeo,cc-by-nc,https://vimeo.com/207462218,2017-03-08T14:22:34+00:00,1920,960,equirectangular
207462218,05,vimeo,cc-by-nc,https://vimeo.com/207462218,2017-03-08T14:22:34+00:00,1920,960,equirectangular
207462218,01,vimeo,cc-by-nc,https://vimeo.com/207462218,2017-03-08T14:22:34+00:00,1920,960,equirectangular
207462218,04,vimeo,cc-by-nc,https://vimeo.com/207462218,2017-03-08T14:22:34+00:00,1920,960,equirectangular
207462218,02,vimeo,cc-by-nc,https://vimeo.com/207462218,2017-03-08T14:22:34+00:00,1920,960,equirectangular
242512165,00,vimeo,cc-by,https://vimeo.com/242512165,2017-11-13T03:30:05+00:00,1920,960,equirectangular
250131421,00,vimeo,cc-by-nc-nd,https://vimeo.com/250131421,2018-01-08T15:57:03+00:00,2048,1024,equirectangular
250131421,01,vimeo,cc-by-nc-nd,https://vimeo.com/250131421,2018-01-08T15:57:03+00:00,2048,1024,equirectangular
238380622,00,vimeo,cc-by-nc,https://vimeo.com/238380622,2017-10-16T10:53:55+00:00,2048,1024,equirectangular
214462083,15,vimeo,cc-by,https://vimeo.com/214462083,2017-04-24T08:20:31+00:00,1920,960,equirectangular
214462083,03,vimeo,cc-by,https://vimeo.com/214462083,2017-04-24T08:20:31+00:00,1920,960,equirectangular
214462083,10,vimeo,cc-by,https://vimeo.com/214462083,2017-04-24T08:20:31+00:00,1920,960,equirectangular
214462083,13,vimeo,cc-by,https://vimeo.com/214462083,2017-04-24T08:20:31+00:00,1920,960,equirectangular
214462083,17,vimeo,cc-by,https://vimeo.com/214462083,2017-04-24T08:20:31+00:00,1920,960,equirectangular
214462083,16,vimeo,cc-by,https://vimeo.com/214462083,2017-04-24T08:20:31+00:00,1920,960,equirectangular
214462083,00,vimeo,cc-by,https://vimeo.com/214462083,2017-04-24T08:20:31+00:00,1920,960,equirectangular
214462083,18,vimeo,cc-by,https://vimeo.com/214462083,2017-04-24T08:20:31+00:00,1920,960,equirectangular
214462083,09,vimeo,cc-by,https://vimeo.com/214462083,2017-04-24T08:20:31+00:00,1920,960,equirectangular
214462083,07,vimeo,cc-by,https://vimeo.com/214462083,2017-04-24T08:20:31+00:00,1920,960,equirectangular
214462083,11,vimeo,cc-by,https://vimeo.com/214462083,2017-04-24T08:20:31+00:00,1920,960,equirectangular
214462083,05,vimeo,cc-by,https://vimeo.com/214462083,2017-04-24T08:20:31+00:00,1920,960,equirectangular
214462083,12,vimeo,cc-by,https://vimeo.com/214462083,2017-04-24T08:20:31+00:00,1920,960,equirectangular
214462083,14,vimeo,cc-by,https://vimeo.com/214462083,2017-04-24T08:20:31+00:00,1920,960,equirectangular
214462083,01,vimeo,cc-by,https://vimeo.com/214462083,2017-04-24T08:20:31+00:00,1920,960,equirectangular
214462083,06,vimeo,cc-by,https://vimeo.com/214462083,2017-04-24T08:20:31+00:00,1920,960,equirectangular
214462083,04,vimeo,cc-by,https://vimeo.com/214462083,2017-04-24T08:20:31+00:00,1920,960,equirectangular
214462083,08,vimeo,cc-by,https://vimeo.com/214462083,2017-04-24T08:20:31+00:00,1920,960,equirectangular
214462083,02,vimeo,cc-by,https://vimeo.com/214462083,2017-04-24T08:20:31+00:00,1920,960,equirectangular
388912027,00,vimeo,cc-by-nc-sa,https://vimeo.com/388912027,2020-02-03T03:27:34+00:00,2048,1024,equirectangular
388927388,00,vimeo,cc-by-nc-sa,https://vimeo.com/388927388,2020-02-03T05:43:53+00:00,2048,1024,equirectangular
254868808,01,vimeo,cc-by-nc-nd,https://vimeo.com/254868808,2018-02-08T15:22:43+00:00,1920,1080,equirectangular
254868808,04,vimeo,cc-by-nc-nd,https://vimeo.com/254868808,2018-02-08T15:22:43+00:00,1920,1080,equirectangular
361093966,00,vimeo,cc-by-nc-nd,https://vimeo.com/361093966,2019-09-19T16:26:37+00:00,2048,1024,equirectangular
210192030,03,vimeo,cc-by,https://vimeo.com/210192030,2017-03-27T02:28:50+00:00,1920,960,equirectangular
210192030,10,vimeo,cc-by,https://vimeo.com/210192030,2017-03-27T02:28:50+00:00,1920,960,equirectangular
210192030,00,vimeo,cc-by,https://vimeo.com/210192030,2017-03-27T02:28:50+00:00,1920,960,equirectangular
210192030,09,vimeo,cc-by,https://vimeo.com/210192030,2017-03-27T02:28:50+00:00,1920,960,equirectangular
210192030,07,vimeo,cc-by,https://vimeo.com/210192030,2017-03-27T02:28:50+00:00,1920,960,equirectangular
210192030,05,vimeo,cc-by,https://vimeo.com/210192030,2017-03-27T02:28:50+00:00,1920,960,equirectangular
210192030,01,vimeo,cc-by,https://vimeo.com/210192030,2017-03-27T02:28:50+00:00,1920,960,equirectangular
210192030,06,vimeo,cc-by,https://vimeo.com/210192030,2017-03-27T02:28:50+00:00,1920,960,equirectangular
210192030,04,vimeo,cc-by,https://vimeo.com/210192030,2017-03-27T02:28:50+00:00,1920,960,equirectangular
210192030,08,vimeo,cc-by,https://vimeo.com/210192030,2017-03-27T02:28:50+00:00,1920,960,equirectangular
210192030,02,vimeo,cc-by,https://vimeo.com/210192030,2017-03-27T02:28:50+00:00,1920,960,equirectangular
386193141,00,vimeo,cc-by-nc-nd,https://vimeo.com/386193141,2020-01-21T10:24:27+00:00,2048,1024,equirectangular
223040177,00,vimeo,cc-by-sa,https://vimeo.com/223040177,2017-06-25T17:58:17+00:00,1920,1080,equirectangular
329922137,01,vimeo,cc-by-nc-nd,https://vimeo.com/329922137,2019-04-11T23:19:26+00:00,1920,1080,equirectangular
319201488,03,vimeo,cc-by,https://vimeo.com/319201488,2019-02-23T17:31:54+00:00,2048,1024,equirectangular
319201488,00,vimeo,cc-by,https://vimeo.com/319201488,2019-02-23T17:31:54+00:00,2048,1024,equirectangular
319201488,01,vimeo,cc-by,https://vimeo.com/319201488,2019-02-23T17:31:54+00:00,2048,1024,equirectangular
319201488,02,vimeo,cc-by,https://vimeo.com/319201488,2019-02-23T17:31:54+00:00,2048,1024,equirectangular
249628519,03,vimeo,cc-by-nd,https://vimeo.com/249628519,2018-01-04T07:35:13+00:00,1920,1080,equirectangular
249628519,00,vimeo,cc-by-nd,https://vimeo.com/249628519,2018-01-04T07:35:13+00:00,1920,1080,equirectangular
249628519,01,vimeo,cc-by-nd,https://vimeo.com/249628519,2018-01-04T07:35:13+00:00,1920,1080,equirectangular
249628519,04,vimeo,cc-by-nd,https://vimeo.com/249628519,2018-01-04T07:35:13+00:00,1920,1080,equirectangular
249628519,02,vimeo,cc-by-nd,https://vimeo.com/249628519,2018-01-04T07:35:13+00:00,1920,1080,equirectangular
651499716,03,vimeo,cc-by,https://vimeo.com/651499716,2021-11-30T10:50:38+00:00,2048,1024,equirectangular
651499716,07,vimeo,cc-by,https://vimeo.com/651499716,2021-11-30T10:50:38+00:00,2048,1024,equirectangular
651499716,05,vimeo,cc-by,https://vimeo.com/651499716,2021-11-30T10:50:38+00:00,2048,1024,equirectangular
651499716,01,vimeo,cc-by,https://vimeo.com/651499716,2021-11-30T10:50:38+00:00,2048,1024,equirectangular
651499716,06,vimeo,cc-by,https://vimeo.com/651499716,2021-11-30T10:50:38+00:00,2048,1024,equirectangular
651499716,04,vimeo,cc-by,https://vimeo.com/651499716,2021-11-30T10:50:38+00:00,2048,1024,equirectangular
651499716,02,vimeo,cc-by,https://vimeo.com/651499716,2021-11-30T10:50:38+00:00,2048,1024,equirectangular
251530479,00,vimeo,cc-by-nc-nd,https://vimeo.com/251530479,2018-01-17T18:51:57+00:00,1920,960,equirectangular
388206479,00,vimeo,cc-by-nc-nd,https://vimeo.com/388206479,2020-01-30T11:41:21+00:00,2048,1024,equirectangular
683330763,06,vimeo,cc-by,https://vimeo.com/683330763,2022-03-01T14:44:39+00:00,2048,1024,equirectangular
683330763,08,vimeo,cc-by,https://vimeo.com/683330763,2022-03-01T14:44:39+00:00,2048,1024,equirectangular
683330763,02,vimeo,cc-by,https://vimeo.com/683330763,2022-03-01T14:44:39+00:00,2048,1024,equirectangular
210759702,00,vimeo,cc-by-nc,https://vimeo.com/210759702,2017-03-30T12:23:38+00:00,1920,960,equirectangular
385128095,00,vimeo,cc-by-nc-nd,https://vimeo.com/385128095,2020-01-15T22:43:42+00:00,2048,1024,equirectangular
385128095,01,vimeo,cc-by-nc-nd,https://vimeo.com/385128095,2020-01-15T22:43:42+00:00,2048,1024,equirectangular
294318574,00,vimeo,cc-by-nc-sa,https://vimeo.com/294318574,2018-10-10T08:55:50+00:00,2048,1024,equirectangular
208366140,00,vimeo,cc-by,https://vimeo.com/208366140,2017-03-14T19:05:07+00:00,1920,960,equirectangular
554339264,00,vimeo,cc-by-nc-sa,https://vimeo.com/554339264,2021-05-24T15:58:55+00:00,2048,1024,equirectangular
475763050,03,vimeo,cc-by,https://vimeo.com/475763050,2020-11-05T07:56:15+00:00,2048,1024,equirectangular
475763050,07,vimeo,cc-by,https://vimeo.com/475763050,2020-11-05T07:56:15+00:00,2048,1024,equirectangular
475763050,05,vimeo,cc-by,https://vimeo.com/475763050,2020-11-05T07:56:15+00:00,2048,1024,equirectangular
475763050,06,vimeo,cc-by,https://vimeo.com/475763050,2020-11-05T07:56:15+00:00,2048,1024,equirectangular
475763050,04,vimeo,cc-by,https://vimeo.com/475763050,2020-11-05T07:56:15+00:00,2048,1024,equirectangular
475763050,08,vimeo,cc-by,https://vimeo.com/475763050,2020-11-05T07:56:15+00:00,2048,1024,equirectangular
475763050,02,vimeo,cc-by,https://vimeo.com/475763050,2020-11-05T07:56:15+00:00,2048,1024,equirectangular
207770104,00,vimeo,cc-by-nc,https://vimeo.com/207770104,2017-03-10T10:10:53+00:00,1920,960,equirectangular
229773098,00,vimeo,cc-by-nc,https://vimeo.com/229773098,2017-08-15T22:00:53+00:00,2048,1024,equirectangular
229773098,01,vimeo,cc-by-nc,https://vimeo.com/229773098,2017-08-15T22:00:53+00:00,2048,1024,equirectangular
229773098,02,vimeo,cc-by-nc,https://vimeo.com/229773098,2017-08-15T22:00:53+00:00,2048,1024,equirectangular
363285693,31,vimeo,cc-by-nc,https://vimeo.com/363285693,2019-09-30T12:05:48+00:00,2048,1024,equirectangular
408724542,03,vimeo,cc-by,https://vimeo.com/408724542,2020-04-17T04:32:32+00:00,2048,1024,equirectangular
408724542,00,vimeo,cc-by,https://vimeo.com/408724542,2020-04-17T04:32:32+00:00,2048,1024,equirectangular
408724542,07,vimeo,cc-by,https://vimeo.com/408724542,2020-04-17T04:32:32+00:00,2048,1024,equirectangular
408724542,05,vimeo,cc-by,https://vimeo.com/408724542,2020-04-17T04:32:32+00:00,2048,1024,equirectangular
408724542,01,vimeo,cc-by,https://vimeo.com/408724542,2020-04-17T04:32:32+00:00,2048,1024,equirectangular
408724542,06,vimeo,cc-by,https://vimeo.com/408724542,2020-04-17T04:32:32+00:00,2048,1024,equirectangular
408724542,04,vimeo,cc-by,https://vimeo.com/408724542,2020-04-17T04:32:32+00:00,2048,1024,equirectangular
408724542,02,vimeo,cc-by,https://vimeo.com/408724542,2020-04-17T04:32:32+00:00,2048,1024,equirectangular
218994761,03,vimeo,cc-by-sa,https://vimeo.com/218994761,2017-05-25T19:18:52+00:00,1920,960,equirectangular
218994761,10,vimeo,cc-by-sa,https://vimeo.com/218994761,2017-05-25T19:18:52+00:00,1920,960,equirectangular
218994761,17,vimeo,cc-by-sa,https://vimeo.com/218994761,2017-05-25T19:18:52+00:00,1920,960,equirectangular
218994761,16,vimeo,cc-by-sa,https://vimeo.com/218994761,2017-05-25T19:18:52+00:00,1920,960,equirectangular
218994761,18,vimeo,cc-by-sa,https://vimeo.com/218994761,2017-05-25T19:18:52+00:00,1920,960,equirectangular
218994761,09,vimeo,cc-by-sa,https://vimeo.com/218994761,2017-05-25T19:18:52+00:00,1920,960,equirectangular
218994761,07,vimeo,cc-by-sa,https://vimeo.com/218994761,2017-05-25T19:18:52+00:00,1920,960,equirectangular
218994761,05,vimeo,cc-by-sa,https://vimeo.com/218994761,2017-05-25T19:18:52+00:00,1920,960,equirectangular
218994761,20,vimeo,cc-by-sa,https://vimeo.com/218994761,2017-05-25T19:18:52+00:00,1920,960,equirectangular
218994761,06,vimeo,cc-by-sa,https://vimeo.com/218994761,2017-05-25T19:18:52+00:00,1920,960,equirectangular
218994761,04,vimeo,cc-by-sa,https://vimeo.com/218994761,2017-05-25T19:18:52+00:00,1920,960,equirectangular
218994761,08,vimeo,cc-by-sa,https://vimeo.com/218994761,2017-05-25T19:18:52+00:00,1920,960,equirectangular
366190092,03,vimeo,cc-by-nd,https://vimeo.com/366190092,2019-10-14T07:57:44+00:00,2048,1024,equirectangular
366190092,00,vimeo,cc-by-nd,https://vimeo.com/366190092,2019-10-14T07:57:44+00:00,2048,1024,equirectangular
366190092,01,vimeo,cc-by-nd,https://vimeo.com/366190092,2019-10-14T07:57:44+00:00,2048,1024,equirectangular
366190092,04,vimeo,cc-by-nd,https://vimeo.com/366190092,2019-10-14T07:57:44+00:00,2048,1024,equirectangular
366190092,02,vimeo,cc-by-nd,https://vimeo.com/366190092,2019-10-14T07:57:44+00:00,2048,1024,equirectangular
247931348,03,vimeo,cc-by-nc,https://vimeo.com/247931348,2017-12-19T07:30:24+00:00,1920,1080,equirectangular
247931348,05,vimeo,cc-by-nc,https://vimeo.com/247931348,2017-12-19T07:30:24+00:00,1920,1080,equirectangular
247931348,01,vimeo,cc-by-nc,https://vimeo.com/247931348,2017-12-19T07:30:24+00:00,1920,1080,equirectangular
247931348,06,vimeo,cc-by-nc,https://vimeo.com/247931348,2017-12-19T07:30:24+00:00,1920,1080,equirectangular
247931348,04,vimeo,cc-by-nc,https://vimeo.com/247931348,2017-12-19T07:30:24+00:00,1920,1080,equirectangular
247931348,02,vimeo,cc-by-nc,https://vimeo.com/247931348,2017-12-19T07:30:24+00:00,1920,1080,equirectangular
389204400,00,vimeo,cc-by-nc-nd,https://vimeo.com/389204400,2020-02-04T10:04:57+00:00,2048,1024,equirectangular
554353720,04,vimeo,cc-by-nc-nd,https://vimeo.com/554353720,2021-05-24T16:33:53+00:00,2048,1024,equirectangular
219995633,00,vimeo,cc-by-sa,https://vimeo.com/219995633,2017-06-02T11:58:35+00:00,1280,640,equirectangular
249681916,03,vimeo,cc-by-nd,https://vimeo.com/249681916,2018-01-04T16:30:07+00:00,1920,1080,equirectangular
249681916,01,vimeo,cc-by-nd,https://vimeo.com/249681916,2018-01-04T16:30:07+00:00,1920,1080,equirectangular
249681916,04,vimeo,cc-by-nd,https://vimeo.com/249681916,2018-01-04T16:30:07+00:00,1920,1080,equirectangular
249681916,02,vimeo,cc-by-nd,https://vimeo.com/249681916,2018-01-04T16:30:07+00:00,1920,1080,equirectangular
257809318,05,vimeo,cc-by-nc,https://vimeo.com/257809318,2018-02-28T00:13:47+00:00,2048,1024,equirectangular
257809318,08,vimeo,cc-by-nc,https://vimeo.com/257809318,2018-02-28T00:13:47+00:00,2048,1024,equirectangular
259342758,01,vimeo,cc-by,https://vimeo.com/259342758,2018-03-09T14:56:15+00:00,1080,544,equirectangular
259210066,00,vimeo,cc-by-sa,https://vimeo.com/259210066,2018-03-08T18:40:35+00:00,1920,1080,equirectangular
259210066,01,vimeo,cc-by-sa,https://vimeo.com/259210066,2018-03-08T18:40:35+00:00,1920,1080,equirectangular
350300428,00,vimeo,cc-by-nd,https://vimeo.com/350300428,2019-07-26T11:45:04+00:00,2048,1024,equirectangular
243156320,13,vimeo,cc-by-nc-nd,https://vimeo.com/243156320,2017-11-16T17:24:57+00:00,2048,1024,equirectangular
243156320,25,vimeo,cc-by-nc-nd,https://vimeo.com/243156320,2017-11-16T17:24:57+00:00,2048,1024,equirectangular
243156320,12,vimeo,cc-by-nc-nd,https://vimeo.com/243156320,2017-11-16T17:24:57+00:00,2048,1024,equirectangular
243156320,14,vimeo,cc-by-nc-nd,https://vimeo.com/243156320,2017-11-16T17:24:57+00:00,2048,1024,equirectangular
243156320,06,vimeo,cc-by-nc-nd,https://vimeo.com/243156320,2017-11-16T17:24:57+00:00,2048,1024,equirectangular
228113896,03,vimeo,cc-by-nc-nd,https://vimeo.com/228113896,2017-08-02T19:18:08+00:00,1920,960,equirectangular
228113896,00,vimeo,cc-by-nc-nd,https://vimeo.com/228113896,2017-08-02T19:18:08+00:00,1920,960,equirectangular
228113896,05,vimeo,cc-by-nc-nd,https://vimeo.com/228113896,2017-08-02T19:18:08+00:00,1920,960,equirectangular
228113896,01,vimeo,cc-by-nc-nd,https://vimeo.com/228113896,2017-08-02T19:18:08+00:00,1920,960,equirectangular
228113896,04,vimeo,cc-by-nc-nd,https://vimeo.com/228113896,2017-08-02T19:18:08+00:00,1920,960,equirectangular
228113896,02,vimeo,cc-by-nc-nd,https://vimeo.com/228113896,2017-08-02T19:18:08+00:00,1920,960,equirectangular
227049832,00,vimeo,cc-cc0,https://vimeo.com/227049832,2017-07-26T10:53:35+00:00,2048,1024,equirectangular
313761814,03,vimeo,cc-by-nc,https://vimeo.com/313761814,2019-01-28T10:01:25+00:00,2048,1024,equirectangular
313761814,00,vimeo,cc-by-nc,https://vimeo.com/313761814,2019-01-28T10:01:25+00:00,2048,1024,equirectangular
313761814,05,vimeo,cc-by-nc,https://vimeo.com/313761814,2019-01-28T10:01:25+00:00,2048,1024,equirectangular
313761814,01,vimeo,cc-by-nc,https://vimeo.com/313761814,2019-01-28T10:01:25+00:00,2048,1024,equirectangular
313761814,06,vimeo,cc-by-nc,https://vimeo.com/313761814,2019-01-28T10:01:25+00:00,2048,1024,equirectangular
313761814,04,vimeo,cc-by-nc,https://vimeo.com/313761814,2019-01-28T10:01:25+00:00,2048,1024,equirectangular
313761814,02,vimeo,cc-by-nc,https://vimeo.com/313761814,2019-01-28T10:01:25+00:00,2048,1024,equirectangular
288741767,00,vimeo,cc-by,https://vimeo.com/288741767,2018-09-07T14:38:29+00:00,2048,1024,equirectangular
215976129,15,vimeo,cc-by-nc-sa,https://vimeo.com/215976129,2017-05-04T09:41:56+00:00,1920,960,equirectangular
215976129,03,vimeo,cc-by-nc-sa,https://vimeo.com/215976129,2017-05-04T09:41:56+00:00,1920,960,equirectangular
215976129,10,vimeo,cc-by-nc-sa,https://vimeo.com/215976129,2017-05-04T09:41:56+00:00,1920,960,equirectangular
215976129,13,vimeo,cc-by-nc-sa,https://vimeo.com/215976129,2017-05-04T09:41:56+00:00,1920,960,equirectangular
215976129,09,vimeo,cc-by-nc-sa,https://vimeo.com/215976129,2017-05-04T09:41:56+00:00,1920,960,equirectangular
215976129,07,vimeo,cc-by-nc-sa,https://vimeo.com/215976129,2017-05-04T09:41:56+00:00,1920,960,equirectangular
215976129,11,vimeo,cc-by-nc-sa,https://vimeo.com/215976129,2017-05-04T09:41:56+00:00,1920,960,equirectangular
215976129,12,vimeo,cc-by-nc-sa,https://vimeo.com/215976129,2017-05-04T09:41:56+00:00,1920,960,equirectangular
215976129,14,vimeo,cc-by-nc-sa,https://vimeo.com/215976129,2017-05-04T09:41:56+00:00,1920,960,equirectangular
215976129,06,vimeo,cc-by-nc-sa,https://vimeo.com/215976129,2017-05-04T09:41:56+00:00,1920,960,equirectangular
215976129,04,vimeo,cc-by-nc-sa,https://vimeo.com/215976129,2017-05-04T09:41:56+00:00,1920,960,equirectangular
215976129,08,vimeo,cc-by-nc-sa,https://vimeo.com/215976129,2017-05-04T09:41:56+00:00,1920,960,equirectangular
215976129,02,vimeo,cc-by-nc-sa,https://vimeo.com/215976129,2017-05-04T09:41:56+00:00,1920,960,equirectangular
353337515,00,vimeo,cc-by-nc-nd,https://vimeo.com/353337515,2019-08-12T10:55:29+00:00,2048,1024,equirectangular
375608352,00,vimeo,cc-by-nd,https://vimeo.com/375608352,2019-11-26T08:54:59+00:00,2048,1024,equirectangular
375608352,01,vimeo,cc-by-nd,https://vimeo.com/375608352,2019-11-26T08:54:59+00:00,2048,1024,equirectangular
326242567,00,vimeo,cc-by-nd,https://vimeo.com/326242567,2019-03-25T02:24:11+00:00,1920,1080,equirectangular
219218962,03,vimeo,cc-by,https://vimeo.com/219218962,2017-05-27T17:15:17+00:00,2048,1024,equirectangular
219218962,10,vimeo,cc-by,https://vimeo.com/219218962,2017-05-27T17:15:17+00:00,2048,1024,equirectangular
219218962,09,vimeo,cc-by,https://vimeo.com/219218962,2017-05-27T17:15:17+00:00,2048,1024,equirectangular
219218962,07,vimeo,cc-by,https://vimeo.com/219218962,2017-05-27T17:15:17+00:00,2048,1024,equirectangular
219218962,11,vimeo,cc-by,https://vimeo.com/219218962,2017-05-27T17:15:17+00:00,2048,1024,equirectangular
219218962,05,vimeo,cc-by,https://vimeo.com/219218962,2017-05-27T17:15:17+00:00,2048,1024,equirectangular
219218962,12,vimeo,cc-by,https://vimeo.com/219218962,2017-05-27T17:15:17+00:00,2048,1024,equirectangular
219218962,01,vimeo,cc-by,https://vimeo.com/219218962,2017-05-27T17:15:17+00:00,2048,1024,equirectangular
219218962,06,vimeo,cc-by,https://vimeo.com/219218962,2017-05-27T17:15:17+00:00,2048,1024,equirectangular
219218962,04,vimeo,cc-by,https://vimeo.com/219218962,2017-05-27T17:15:17+00:00,2048,1024,equirectangular
219218962,08,vimeo,cc-by,https://vimeo.com/219218962,2017-05-27T17:15:17+00:00,2048,1024,equirectangular
219218962,02,vimeo,cc-by,https://vimeo.com/219218962,2017-05-27T17:15:17+00:00,2048,1024,equirectangular
395423537,00,vimeo,cc-by-nc,https://vimeo.com/395423537,2020-03-04T11:21:43+00:00,2048,1024,equirectangular
242724485,00,vimeo,cc-by-nd,https://vimeo.com/242724485,2017-11-14T10:44:48+00:00,2048,1024,equirectangular
384482829,00,vimeo,cc-by-nc,https://vimeo.com/384482829,2020-01-13T10:22:45+00:00,2048,1024,equirectangular
210964413,15,vimeo,cc-by-nd,https://vimeo.com/210964413,2017-03-31T15:52:38+00:00,1920,1080,equirectangular
210964413,03,vimeo,cc-by-nd,https://vimeo.com/210964413,2017-03-31T15:52:38+00:00,1920,1080,equirectangular
210964413,10,vimeo,cc-by-nd,https://vimeo.com/210964413,2017-03-31T15:52:38+00:00,1920,1080,equirectangular
210964413,13,vimeo,cc-by-nd,https://vimeo.com/210964413,2017-03-31T15:52:38+00:00,1920,1080,equirectangular
210964413,17,vimeo,cc-by-nd,https://vimeo.com/210964413,2017-03-31T15:52:38+00:00,1920,1080,equirectangular
210964413,16,vimeo,cc-by-nd,https://vimeo.com/210964413,2017-03-31T15:52:38+00:00,1920,1080,equirectangular
210964413,00,vimeo,cc-by-nd,https://vimeo.com/210964413,2017-03-31T15:52:38+00:00,1920,1080,equirectangular
210964413,09,vimeo,cc-by-nd,https://vimeo.com/210964413,2017-03-31T15:52:38+00:00,1920,1080,equirectangular
210964413,07,vimeo,cc-by-nd,https://vimeo.com/210964413,2017-03-31T15:52:38+00:00,1920,1080,equirectangular
210964413,11,vimeo,cc-by-nd,https://vimeo.com/210964413,2017-03-31T15:52:38+00:00,1920,1080,equirectangular
210964413,05,vimeo,cc-by-nd,https://vimeo.com/210964413,2017-03-31T15:52:38+00:00,1920,1080,equirectangular
210964413,12,vimeo,cc-by-nd,https://vimeo.com/210964413,2017-03-31T15:52:38+00:00,1920,1080,equirectangular
210964413,14,vimeo,cc-by-nd,https://vimeo.com/210964413,2017-03-31T15:52:38+00:00,1920,1080,equirectangular
210964413,01,vimeo,cc-by-nd,https://vimeo.com/210964413,2017-03-31T15:52:38+00:00,1920,1080,equirectangular
210964413,06,vimeo,cc-by-nd,https://vimeo.com/210964413,2017-03-31T15:52:38+00:00,1920,1080,equirectangular
210964413,04,vimeo,cc-by-nd,https://vimeo.com/210964413,2017-03-31T15:52:38+00:00,1920,1080,equirectangular
210964413,08,vimeo,cc-by-nd,https://vimeo.com/210964413,2017-03-31T15:52:38+00:00,1920,1080,equirectangular
210964413,02,vimeo,cc-by-nd,https://vimeo.com/210964413,2017-03-31T15:52:38+00:00,1920,1080,equirectangular
384474251,00,vimeo,cc-by-nc,https://vimeo.com/384474251,2020-01-13T09:27:01+00:00,2048,1024,equirectangular
389846835,00,vimeo,cc-by,https://vimeo.com/389846835,2020-02-06T22:32:51+00:00,2048,1024,equirectangular
265561555,15,vimeo,cc-by-nc-nd,https://vimeo.com/265561555,2018-04-19T12:53:55+00:00,2048,1024,equirectangular
265561555,16,vimeo,cc-by-nc-nd,https://vimeo.com/265561555,2018-04-19T12:53:55+00:00,2048,1024,equirectangular
265561555,12,vimeo,cc-by-nc-nd,https://vimeo.com/265561555,2018-04-19T12:53:55+00:00,2048,1024,equirectangular
265561555,14,vimeo,cc-by-nc-nd,https://vimeo.com/265561555,2018-04-19T12:53:55+00:00,2048,1024,equirectangular
277814338,03,vimeo,cc-by-nc,https://vimeo.com/277814338,2018-06-30T21:52:38+00:00,2048,1024,equirectangular
277814338,00,vimeo,cc-by-nc,https://vimeo.com/277814338,2018-06-30T21:52:38+00:00,2048,1024,equirectangular
277814338,05,vimeo,cc-by-nc,https://vimeo.com/277814338,2018-06-30T21:52:38+00:00,2048,1024,equirectangular
277814338,01,vimeo,cc-by-nc,https://vimeo.com/277814338,2018-06-30T21:52:38+00:00,2048,1024,equirectangular
277814338,04,vimeo,cc-by-nc,https://vimeo.com/277814338,2018-06-30T21:52:38+00:00,2048,1024,equirectangular
277814338,02,vimeo,cc-by-nc,https://vimeo.com/277814338,2018-06-30T21:52:38+00:00,2048,1024,equirectangular
249679230,03,vimeo,cc-by-nd,https://vimeo.com/249679230,2018-01-04T16:10:50+00:00,1920,1080,equirectangular
249679230,00,vimeo,cc-by-nd,https://vimeo.com/249679230,2018-01-04T16:10:50+00:00,1920,1080,equirectangular
249679230,07,vimeo,cc-by-nd,https://vimeo.com/249679230,2018-01-04T16:10:50+00:00,1920,1080,equirectangular
249679230,05,vimeo,cc-by-nd,https://vimeo.com/249679230,2018-01-04T16:10:50+00:00,1920,1080,equirectangular
249679230,01,vimeo,cc-by-nd,https://vimeo.com/249679230,2018-01-04T16:10:50+00:00,1920,1080,equirectangular
249679230,06,vimeo,cc-by-nd,https://vimeo.com/249679230,2018-01-04T16:10:50+00:00,1920,1080,equirectangular
249679230,04,vimeo,cc-by-nd,https://vimeo.com/249679230,2018-01-04T16:10:50+00:00,1920,1080,equirectangular
249679230,08,vimeo,cc-by-nd,https://vimeo.com/249679230,2018-01-04T16:10:50+00:00,1920,1080,equirectangular
249679230,02,vimeo,cc-by-nd,https://vimeo.com/249679230,2018-01-04T16:10:50+00:00,1920,1080,equirectangular
207678117,03,vimeo,cc-by-nc-nd,https://vimeo.com/207678117,2017-03-09T18:54:22+00:00,1920,960,equirectangular
207678117,00,vimeo,cc-by-nc-nd,https://vimeo.com/207678117,2017-03-09T18:54:22+00:00,1920,960,equirectangular
207678117,01,vimeo,cc-by-nc-nd,https://vimeo.com/207678117,2017-03-09T18:54:22+00:00,1920,960,equirectangular
207678117,04,vimeo,cc-by-nc-nd,https://vimeo.com/207678117,2017-03-09T18:54:22+00:00,1920,960,equirectangular
207678117,02,vimeo,cc-by-nc-nd,https://vimeo.com/207678117,2017-03-09T18:54:22+00:00,1920,960,equirectangular
413059483,00,vimeo,cc-by-nc-nd,https://vimeo.com/413059483,2020-04-29T09:58:52+00:00,2048,1024,equirectangular
413059483,01,vimeo,cc-by-nc-nd,https://vimeo.com/413059483,2020-04-29T09:58:52+00:00,2048,1024,equirectangular
405642233,00,vimeo,cc-by,https://vimeo.com/405642233,2020-04-08T23:46:06+00:00,2048,1024,equirectangular
375609981,03,vimeo,cc-by-nd,https://vimeo.com/375609981,2019-11-26T09:05:48+00:00,2048,1024,equirectangular
375609981,00,vimeo,cc-by-nd,https://vimeo.com/375609981,2019-11-26T09:05:48+00:00,2048,1024,equirectangular
375609981,07,vimeo,cc-by-nd,https://vimeo.com/375609981,2019-11-26T09:05:48+00:00,2048,1024,equirectangular
375609981,05,vimeo,cc-by-nd,https://vimeo.com/375609981,2019-11-26T09:05:48+00:00,2048,1024,equirectangular
375609981,01,vimeo,cc-by-nd,https://vimeo.com/375609981,2019-11-26T09:05:48+00:00,2048,1024,equirectangular
375609981,06,vimeo,cc-by-nd,https://vimeo.com/375609981,2019-11-26T09:05:48+00:00,2048,1024,equirectangular
375609981,04,vimeo,cc-by-nd,https://vimeo.com/375609981,2019-11-26T09:05:48+00:00,2048,1024,equirectangular
375609981,02,vimeo,cc-by-nd,https://vimeo.com/375609981,2019-11-26T09:05:48+00:00,2048,1024,equirectangular
388529296,00,vimeo,cc-by-nc-nd,https://vimeo.com/388529296,2020-01-31T16:31:02+00:00,2048,1024,equirectangular
324133247,00,vimeo,cc-by-nc-nd,https://vimeo.com/324133247,2019-03-15T08:26:12+00:00,2048,1024,equirectangular
324133247,01,vimeo,cc-by-nc-nd,https://vimeo.com/324133247,2019-03-15T08:26:12+00:00,2048,1024,equirectangular
326323875,00,vimeo,cc-by-nd,https://vimeo.com/326323875,2019-03-25T13:07:07+00:00,1920,1080,equirectangular
213981241,03,vimeo,cc-by-sa,https://vimeo.com/213981241,2017-04-20T08:45:09+00:00,1920,960,equirectangular
213981241,00,vimeo,cc-by-sa,https://vimeo.com/213981241,2017-04-20T08:45:09+00:00,1920,960,equirectangular
213981241,05,vimeo,cc-by-sa,https://vimeo.com/213981241,2017-04-20T08:45:09+00:00,1920,960,equirectangular
213981241,01,vimeo,cc-by-sa,https://vimeo.com/213981241,2017-04-20T08:45:09+00:00,1920,960,equirectangular
213981241,04,vimeo,cc-by-sa,https://vimeo.com/213981241,2017-04-20T08:45:09+00:00,1920,960,equirectangular
213981241,02,vimeo,cc-by-sa,https://vimeo.com/213981241,2017-04-20T08:45:09+00:00,1920,960,equirectangular
505236623,00,vimeo,cc-by-nc-nd,https://vimeo.com/505236623,2021-01-27T14:19:03+00:00,2048,1024,equirectangular
388672469,00,vimeo,cc-by-nc-nd,https://vimeo.com/388672469,2020-02-01T11:26:36+00:00,2048,1024,equirectangular
209406564,00,vimeo,cc-by-nc-sa,https://vimeo.com/209406564,2017-03-21T15:56:47+00:00,1920,960,equirectangular
267337832,00,vimeo,cc-by-sa,https://vimeo.com/267337832,2018-05-01T01:05:10+00:00,2048,1024,equirectangular
267337832,01,vimeo,cc-by-sa,https://vimeo.com/267337832,2018-05-01T01:05:10+00:00,2048,1024,equirectangular
277190243,00,vimeo,cc-by-nd,https://vimeo.com/277190243,2018-06-26T22:30:15+00:00,2048,1024,equirectangular
243501424,00,vimeo,cc-by-nc-nd,https://vimeo.com/243501424,2017-11-19T07:36:04+00:00,1920,960,equirectangular
215807970,00,vimeo,cc-by-nc-nd,https://vimeo.com/215807970,2017-05-03T10:08:35+00:00,1920,960,equirectangular
215807970,01,vimeo,cc-by-nc-nd,https://vimeo.com/215807970,2017-05-03T10:08:35+00:00,1920,960,equirectangular
257216595,00,vimeo,cc-by-sa,https://vimeo.com/257216595,2018-02-23T23:50:36+00:00,2048,1024,equirectangular
364007763,03,vimeo,cc-by-nc-nd,https://vimeo.com/364007763,2019-10-03T08:51:56+00:00,2048,1024,equirectangular
364007763,00,vimeo,cc-by-nc-nd,https://vimeo.com/364007763,2019-10-03T08:51:56+00:00,2048,1024,equirectangular
364007763,01,vimeo,cc-by-nc-nd,https://vimeo.com/364007763,2019-10-03T08:51:56+00:00,2048,1024,equirectangular
364007763,04,vimeo,cc-by-nc-nd,https://vimeo.com/364007763,2019-10-03T08:51:56+00:00,2048,1024,equirectangular
364007763,02,vimeo,cc-by-nc-nd,https://vimeo.com/364007763,2019-10-03T08:51:56+00:00,2048,1024,equirectangular
371613474,03,vimeo,cc-by-nc-nd,https://vimeo.com/371613474,2019-11-07T12:10:44+00:00,2048,1024,equirectangular
371613474,00,vimeo,cc-by-nc-nd,https://vimeo.com/371613474,2019-11-07T12:10:44+00:00,2048,1024,equirectangular
371613474,05,vimeo,cc-by-nc-nd,https://vimeo.com/371613474,2019-11-07T12:10:44+00:00,2048,1024,equirectangular
371613474,01,vimeo,cc-by-nc-nd,https://vimeo.com/371613474,2019-11-07T12:10:44+00:00,2048,1024,equirectangular
371613474,04,vimeo,cc-by-nc-nd,https://vimeo.com/371613474,2019-11-07T12:10:44+00:00,2048,1024,equirectangular
371613474,02,vimeo,cc-by-nc-nd,https://vimeo.com/371613474,2019-11-07T12:10:44+00:00,2048,1024,equirectangular
217420521,00,vimeo,cc-by,https://vimeo.com/217420521,2017-05-14T23:37:15+00:00,1920,960,equirectangular
207976905,03,vimeo,cc-by,https://vimeo.com/207976905,2017-03-12T02:42:48+00:00,1920,960,equirectangular
207976905,10,vimeo,cc-by,https://vimeo.com/207976905,2017-03-12T02:42:48+00:00,1920,960,equirectangular
207976905,00,vimeo,cc-by,https://vimeo.com/207976905,2017-03-12T02:42:48+00:00,1920,960,equirectangular
207976905,09,vimeo,cc-by,https://vimeo.com/207976905,2017-03-12T02:42:48+00:00,1920,960,equirectangular
207976905,07,vimeo,cc-by,https://vimeo.com/207976905,2017-03-12T02:42:48+00:00,1920,960,equirectangular
207976905,05,vimeo,cc-by,https://vimeo.com/207976905,2017-03-12T02:42:48+00:00,1920,960,equirectangular
207976905,06,vimeo,cc-by,https://vimeo.com/207976905,2017-03-12T02:42:48+00:00,1920,960,equirectangular
207976905,04,vimeo,cc-by,https://vimeo.com/207976905,2017-03-12T02:42:48+00:00,1920,960,equirectangular
207976905,08,vimeo,cc-by,https://vimeo.com/207976905,2017-03-12T02:42:48+00:00,1920,960,equirectangular
207976905,02,vimeo,cc-by,https://vimeo.com/207976905,2017-03-12T02:42:48+00:00,1920,960,equirectangular
215807195,01,vimeo,cc-by-nc-nd,https://vimeo.com/215807195,2017-05-03T10:01:05+00:00,1920,960,equirectangular
215807195,02,vimeo,cc-by-nc-nd,https://vimeo.com/215807195,2017-05-03T10:01:05+00:00,1920,960,equirectangular
247294300,03,vimeo,cc-by-nc-nd,https://vimeo.com/247294300,2017-12-14T10:55:25+00:00,2048,1024,equirectangular
247294300,00,vimeo,cc-by-nc-nd,https://vimeo.com/247294300,2017-12-14T10:55:25+00:00,2048,1024,equirectangular
247294300,01,vimeo,cc-by-nc-nd,https://vimeo.com/247294300,2017-12-14T10:55:25+00:00,2048,1024,equirectangular
247294300,04,vimeo,cc-by-nc-nd,https://vimeo.com/247294300,2017-12-14T10:55:25+00:00,2048,1024,equirectangular
233728238,00,vimeo,cc-by-nc-nd,https://vimeo.com/233728238,2017-09-13T20:39:27+00:00,2048,1024,equirectangular
432820985,03,vimeo,cc-by-nd,https://vimeo.com/432820985,2020-06-26T11:42:27+00:00,1280,720,equirectangular
432820985,00,vimeo,cc-by-nd,https://vimeo.com/432820985,2020-06-26T11:42:27+00:00,1280,720,equirectangular
432820985,09,vimeo,cc-by-nd,https://vimeo.com/432820985,2020-06-26T11:42:27+00:00,1280,720,equirectangular
432820985,07,vimeo,cc-by-nd,https://vimeo.com/432820985,2020-06-26T11:42:27+00:00,1280,720,equirectangular
432820985,05,vimeo,cc-by-nd,https://vimeo.com/432820985,2020-06-26T11:42:27+00:00,1280,720,equirectangular
432820985,01,vimeo,cc-by-nd,https://vimeo.com/432820985,2020-06-26T11:42:27+00:00,1280,720,equirectangular
432820985,06,vimeo,cc-by-nd,https://vimeo.com/432820985,2020-06-26T11:42:27+00:00,1280,720,equirectangular
432820985,04,vimeo,cc-by-nd,https://vimeo.com/432820985,2020-06-26T11:42:27+00:00,1280,720,equirectangular
432820985,08,vimeo,cc-by-nd,https://vimeo.com/432820985,2020-06-26T11:42:27+00:00,1280,720,equirectangular
432820985,02,vimeo,cc-by-nd,https://vimeo.com/432820985,2020-06-26T11:42:27+00:00,1280,720,equirectangular
531164550,00,vimeo,cc-by-nc,https://vimeo.com/531164550,2021-03-31T08:09:55+00:00,2048,1024,equirectangular
385133063,00,vimeo,cc-by-nc-nd,https://vimeo.com/385133063,2020-01-15T23:12:54+00:00,2048,1024,equirectangular
385133063,01,vimeo,cc-by-nc-nd,https://vimeo.com/385133063,2020-01-15T23:12:54+00:00,2048,1024,equirectangular
380581162,01,vimeo,cc-by-nc-nd,https://vimeo.com/380581162,2019-12-19T20:54:56+00:00,2048,1024,equirectangular
380581162,02,vimeo,cc-by-nc-nd,https://vimeo.com/380581162,2019-12-19T20:54:56+00:00,2048,1024,equirectangular
385122190,00,vimeo,cc-by-nc-nd,https://vimeo.com/385122190,2020-01-15T22:09:54+00:00,2048,1024,equirectangular
392949494,30,vimeo,cc-by,https://vimeo.com/392949494,2020-02-21T13:53:58+00:00,2048,1024,equirectangular
392949494,34,vimeo,cc-by,https://vimeo.com/392949494,2020-02-21T13:53:58+00:00,2048,1024,equirectangular
392949494,15,vimeo,cc-by,https://vimeo.com/392949494,2020-02-21T13:53:58+00:00,2048,1024,equirectangular
392949494,22,vimeo,cc-by,https://vimeo.com/392949494,2020-02-21T13:53:58+00:00,2048,1024,equirectangular
392949494,03,vimeo,cc-by,https://vimeo.com/392949494,2020-02-21T13:53:58+00:00,2048,1024,equirectangular
392949494,23,vimeo,cc-by,https://vimeo.com/392949494,2020-02-21T13:53:58+00:00,2048,1024,equirectangular
392949494,10,vimeo,cc-by,https://vimeo.com/392949494,2020-02-21T13:53:58+00:00,2048,1024,equirectangular
392949494,13,vimeo,cc-by,https://vimeo.com/392949494,2020-02-21T13:53:58+00:00,2048,1024,equirectangular
392949494,17,vimeo,cc-by,https://vimeo.com/392949494,2020-02-21T13:53:58+00:00,2048,1024,equirectangular
392949494,31,vimeo,cc-by,https://vimeo.com/392949494,2020-02-21T13:53:58+00:00,2048,1024,equirectangular
392949494,16,vimeo,cc-by,https://vimeo.com/392949494,2020-02-21T13:53:58+00:00,2048,1024,equirectangular
392949494,25,vimeo,cc-by,https://vimeo.com/392949494,2020-02-21T13:53:58+00:00,2048,1024,equirectangular
392949494,18,vimeo,cc-by,https://vimeo.com/392949494,2020-02-21T13:53:58+00:00,2048,1024,equirectangular
392949494,24,vimeo,cc-by,https://vimeo.com/392949494,2020-02-21T13:53:58+00:00,2048,1024,equirectangular
392949494,09,vimeo,cc-by,https://vimeo.com/392949494,2020-02-21T13:53:58+00:00,2048,1024,equirectangular
392949494,26,vimeo,cc-by,https://vimeo.com/392949494,2020-02-21T13:53:58+00:00,2048,1024,equirectangular
392949494,07,vimeo,cc-by,https://vimeo.com/392949494,2020-02-21T13:53:58+00:00,2048,1024,equirectangular
392949494,29,vimeo,cc-by,https://vimeo.com/392949494,2020-02-21T13:53:58+00:00,2048,1024,equirectangular
392949494,28,vimeo,cc-by,https://vimeo.com/392949494,2020-02-21T13:53:58+00:00,2048,1024,equirectangular
392949494,11,vimeo,cc-by,https://vimeo.com/392949494,2020-02-21T13:53:58+00:00,2048,1024,equirectangular
392949494,33,vimeo,cc-by,https://vimeo.com/392949494,2020-02-21T13:53:58+00:00,2048,1024,equirectangular
392949494,05,vimeo,cc-by,https://vimeo.com/392949494,2020-02-21T13:53:58+00:00,2048,1024,equirectangular
392949494,20,vimeo,cc-by,https://vimeo.com/392949494,2020-02-21T13:53:58+00:00,2048,1024,equirectangular
392949494,12,vimeo,cc-by,https://vimeo.com/392949494,2020-02-21T13:53:58+00:00,2048,1024,equirectangular
392949494,14,vimeo,cc-by,https://vimeo.com/392949494,2020-02-21T13:53:58+00:00,2048,1024,equirectangular
392949494,01,vimeo,cc-by,https://vimeo.com/392949494,2020-02-21T13:53:58+00:00,2048,1024,equirectangular
392949494,32,vimeo,cc-by,https://vimeo.com/392949494,2020-02-21T13:53:58+00:00,2048,1024,equirectangular
392949494,06,vimeo,cc-by,https://vimeo.com/392949494,2020-02-21T13:53:58+00:00,2048,1024,equirectangular
392949494,04,vimeo,cc-by,https://vimeo.com/392949494,2020-02-21T13:53:58+00:00,2048,1024,equirectangular
392949494,19,vimeo,cc-by,https://vimeo.com/392949494,2020-02-21T13:53:58+00:00,2048,1024,equirectangular
392949494,27,vimeo,cc-by,https://vimeo.com/392949494,2020-02-21T13:53:58+00:00,2048,1024,equirectangular
392949494,08,vimeo,cc-by,https://vimeo.com/392949494,2020-02-21T13:53:58+00:00,2048,1024,equirectangular
392949494,02,vimeo,cc-by,https://vimeo.com/392949494,2020-02-21T13:53:58+00:00,2048,1024,equirectangular
392949494,21,vimeo,cc-by,https://vimeo.com/392949494,2020-02-21T13:53:58+00:00,2048,1024,equirectangular
215808560,00,vimeo,cc-by-nc-nd,https://vimeo.com/215808560,2017-05-03T10:13:35+00:00,1920,960,equirectangular
706784438,00,vimeo,cc-by-nc-sa,https://vimeo.com/706784438,2022-05-06T02:59:51+00:00,2048,1024,equirectangular
208850267,00,vimeo,cc-cc0,https://vimeo.com/208850267,2017-03-17T15:50:00+00:00,1920,960,equirectangular
249496761,00,vimeo,cc-by-nc-nd,https://vimeo.com/249496761,2018-01-03T10:02:16+00:00,2048,1024,equirectangular
249496761,01,vimeo,cc-by-nc-nd,https://vimeo.com/249496761,2018-01-03T10:02:16+00:00,2048,1024,equirectangular
536526712,01,vimeo,cc-by-nc-nd,https://vimeo.com/536526712,2021-04-13T20:56:16+00:00,2048,1024,equirectangular
329816908,03,vimeo,cc-by,https://vimeo.com/329816908,2019-04-11T14:13:11+00:00,2048,1024,equirectangular
329816908,05,vimeo,cc-by,https://vimeo.com/329816908,2019-04-11T14:13:11+00:00,2048,1024,equirectangular
329816908,06,vimeo,cc-by,https://vimeo.com/329816908,2019-04-11T14:13:11+00:00,2048,1024,equirectangular
329816908,04,vimeo,cc-by,https://vimeo.com/329816908,2019-04-11T14:13:11+00:00,2048,1024,equirectangular
329816908,02,vimeo,cc-by,https://vimeo.com/329816908,2019-04-11T14:13:11+00:00,2048,1024,equirectangular
384399030,00,vimeo,cc-by-nc-nd,https://vimeo.com/384399030,2020-01-12T22:37:50+00:00,2048,1024,equirectangular
409343291,15,vimeo,cc-by-nc,https://vimeo.com/409343291,2020-04-19T00:32:50+00:00,2048,1024,equirectangular
409343291,03,vimeo,cc-by-nc,https://vimeo.com/409343291,2020-04-19T00:32:50+00:00,2048,1024,equirectangular
409343291,10,vimeo,cc-by-nc,https://vimeo.com/409343291,2020-04-19T00:32:50+00:00,2048,1024,equirectangular
409343291,13,vimeo,cc-by-nc,https://vimeo.com/409343291,2020-04-19T00:32:50+00:00,2048,1024,equirectangular
409343291,17,vimeo,cc-by-nc,https://vimeo.com/409343291,2020-04-19T00:32:50+00:00,2048,1024,equirectangular
409343291,16,vimeo,cc-by-nc,https://vimeo.com/409343291,2020-04-19T00:32:50+00:00,2048,1024,equirectangular
409343291,00,vimeo,cc-by-nc,https://vimeo.com/409343291,2020-04-19T00:32:50+00:00,2048,1024,equirectangular
409343291,09,vimeo,cc-by-nc,https://vimeo.com/409343291,2020-04-19T00:32:50+00:00,2048,1024,equirectangular
409343291,07,vimeo,cc-by-nc,https://vimeo.com/409343291,2020-04-19T00:32:50+00:00,2048,1024,equirectangular
409343291,11,vimeo,cc-by-nc,https://vimeo.com/409343291,2020-04-19T00:32:50+00:00,2048,1024,equirectangular
409343291,05,vimeo,cc-by-nc,https://vimeo.com/409343291,2020-04-19T00:32:50+00:00,2048,1024,equirectangular
409343291,12,vimeo,cc-by-nc,https://vimeo.com/409343291,2020-04-19T00:32:50+00:00,2048,1024,equirectangular
409343291,14,vimeo,cc-by-nc,https://vimeo.com/409343291,2020-04-19T00:32:50+00:00,2048,1024,equirectangular
409343291,01,vimeo,cc-by-nc,https://vimeo.com/409343291,2020-04-19T00:32:50+00:00,2048,1024,equirectangular
409343291,06,vimeo,cc-by-nc,https://vimeo.com/409343291,2020-04-19T00:32:50+00:00,2048,1024,equirectangular
409343291,04,vimeo,cc-by-nc,https://vimeo.com/409343291,2020-04-19T00:32:50+00:00,2048,1024,equirectangular
409343291,08,vimeo,cc-by-nc,https://vimeo.com/409343291,2020-04-19T00:32:50+00:00,2048,1024,equirectangular
409343291,02,vimeo,cc-by-nc,https://vimeo.com/409343291,2020-04-19T00:32:50+00:00,2048,1024,equirectangular
432065392,00,vimeo,cc-by-nc-nd,https://vimeo.com/432065392,2020-06-24T07:48:45+00:00,2048,1024,equirectangular
222870455,03,vimeo,cc-by-nc-nd,https://vimeo.com/222870455,2017-06-23T17:31:09+00:00,2048,1024,equirectangular
222870455,10,vimeo,cc-by-nc-nd,https://vimeo.com/222870455,2017-06-23T17:31:09+00:00,2048,1024,equirectangular
222870455,00,vimeo,cc-by-nc-nd,https://vimeo.com/222870455,2017-06-23T17:31:09+00:00,2048,1024,equirectangular
222870455,09,vimeo,cc-by-nc-nd,https://vimeo.com/222870455,2017-06-23T17:31:09+00:00,2048,1024,equirectangular
222870455,07,vimeo,cc-by-nc-nd,https://vimeo.com/222870455,2017-06-23T17:31:09+00:00,2048,1024,equirectangular
222870455,05,vimeo,cc-by-nc-nd,https://vimeo.com/222870455,2017-06-23T17:31:09+00:00,2048,1024,equirectangular
222870455,01,vimeo,cc-by-nc-nd,https://vimeo.com/222870455,2017-06-23T17:31:09+00:00,2048,1024,equirectangular
222870455,06,vimeo,cc-by-nc-nd,https://vimeo.com/222870455,2017-06-23T17:31:09+00:00,2048,1024,equirectangular
222870455,04,vimeo,cc-by-nc-nd,https://vimeo.com/222870455,2017-06-23T17:31:09+00:00,2048,1024,equirectangular
222870455,08,vimeo,cc-by-nc-nd,https://vimeo.com/222870455,2017-06-23T17:31:09+00:00,2048,1024,equirectangular
222870455,02,vimeo,cc-by-nc-nd,https://vimeo.com/222870455,2017-06-23T17:31:09+00:00,2048,1024,equirectangular
321243930,00,vimeo,cc-by-nd,https://vimeo.com/321243930,2019-03-04T14:12:16+00:00,2048,1024,equirectangular
492963534,04,vimeo,cc-by-nc-nd,https://vimeo.com/492963534,2020-12-20T04:37:45+00:00,2048,1024,equirectangular
492963534,02,vimeo,cc-by-nc-nd,https://vimeo.com/492963534,2020-12-20T04:37:45+00:00,2048,1024,equirectangular
207598318,06,vimeo,cc-by-nc-nd,https://vimeo.com/207598318,2017-03-09T09:14:24+00:00,1920,960,equirectangular
207598318,02,vimeo,cc-by-nc-nd,https://vimeo.com/207598318,2017-03-09T09:14:24+00:00,1920,960,equirectangular
214177421,00,vimeo,cc-by,https://vimeo.com/214177421,2017-04-21T13:51:03+00:00,1920,960,equirectangular
388189686,00,vimeo,cc-by-nc-nd,https://vimeo.com/388189686,2020-01-30T10:03:40+00:00,2048,1024,equirectangular
313952643,00,vimeo,cc-by-sa,https://vimeo.com/313952643,2019-01-29T05:35:03+00:00,1280,640,equirectangular
259621148,15,vimeo,cc-by-sa,https://vimeo.com/259621148,2018-03-12T03:48:39+00:00,2048,1024,equirectangular
259621148,22,vimeo,cc-by-sa,https://vimeo.com/259621148,2018-03-12T03:48:39+00:00,2048,1024,equirectangular
259621148,03,vimeo,cc-by-sa,https://vimeo.com/259621148,2018-03-12T03:48:39+00:00,2048,1024,equirectangular
259621148,23,vimeo,cc-by-sa,https://vimeo.com/259621148,2018-03-12T03:48:39+00:00,2048,1024,equirectangular
259621148,10,vimeo,cc-by-sa,https://vimeo.com/259621148,2018-03-12T03:48:39+00:00,2048,1024,equirectangular
259621148,13,vimeo,cc-by-sa,https://vimeo.com/259621148,2018-03-12T03:48:39+00:00,2048,1024,equirectangular
259621148,17,vimeo,cc-by-sa,https://vimeo.com/259621148,2018-03-12T03:48:39+00:00,2048,1024,equirectangular
259621148,16,vimeo,cc-by-sa,https://vimeo.com/259621148,2018-03-12T03:48:39+00:00,2048,1024,equirectangular
259621148,00,vimeo,cc-by-sa,https://vimeo.com/259621148,2018-03-12T03:48:39+00:00,2048,1024,equirectangular
259621148,25,vimeo,cc-by-sa,https://vimeo.com/259621148,2018-03-12T03:48:39+00:00,2048,1024,equirectangular
259621148,18,vimeo,cc-by-sa,https://vimeo.com/259621148,2018-03-12T03:48:39+00:00,2048,1024,equirectangular
259621148,24,vimeo,cc-by-sa,https://vimeo.com/259621148,2018-03-12T03:48:39+00:00,2048,1024,equirectangular
259621148,09,vimeo,cc-by-sa,https://vimeo.com/259621148,2018-03-12T03:48:39+00:00,2048,1024,equirectangular
259621148,26,vimeo,cc-by-sa,https://vimeo.com/259621148,2018-03-12T03:48:39+00:00,2048,1024,equirectangular
259621148,07,vimeo,cc-by-sa,https://vimeo.com/259621148,2018-03-12T03:48:39+00:00,2048,1024,equirectangular
259621148,11,vimeo,cc-by-sa,https://vimeo.com/259621148,2018-03-12T03:48:39+00:00,2048,1024,equirectangular
259621148,05,vimeo,cc-by-sa,https://vimeo.com/259621148,2018-03-12T03:48:39+00:00,2048,1024,equirectangular
259621148,20,vimeo,cc-by-sa,https://vimeo.com/259621148,2018-03-12T03:48:39+00:00,2048,1024,equirectangular
259621148,12,vimeo,cc-by-sa,https://vimeo.com/259621148,2018-03-12T03:48:39+00:00,2048,1024,equirectangular
259621148,14,vimeo,cc-by-sa,https://vimeo.com/259621148,2018-03-12T03:48:39+00:00,2048,1024,equirectangular
259621148,01,vimeo,cc-by-sa,https://vimeo.com/259621148,2018-03-12T03:48:39+00:00,2048,1024,equirectangular
259621148,06,vimeo,cc-by-sa,https://vimeo.com/259621148,2018-03-12T03:48:39+00:00,2048,1024,equirectangular
259621148,04,vimeo,cc-by-sa,https://vimeo.com/259621148,2018-03-12T03:48:39+00:00,2048,1024,equirectangular
259621148,19,vimeo,cc-by-sa,https://vimeo.com/259621148,2018-03-12T03:48:39+00:00,2048,1024,equirectangular
259621148,27,vimeo,cc-by-sa,https://vimeo.com/259621148,2018-03-12T03:48:39+00:00,2048,1024,equirectangular
259621148,08,vimeo,cc-by-sa,https://vimeo.com/259621148,2018-03-12T03:48:39+00:00,2048,1024,equirectangular
259621148,02,vimeo,cc-by-sa,https://vimeo.com/259621148,2018-03-12T03:48:39+00:00,2048,1024,equirectangular
259621148,21,vimeo,cc-by-sa,https://vimeo.com/259621148,2018-03-12T03:48:39+00:00,2048,1024,equirectangular
389479667,09,vimeo,cc-by,https://vimeo.com/389479667,2020-02-05T13:21:21+00:00,2048,1024,equirectangular
352753999,00,vimeo,cc-by,https://vimeo.com/352753999,2019-08-08T16:53:47+00:00,2048,1024,equirectangular
327135286,00,vimeo,cc-by-nc,https://vimeo.com/327135286,2019-03-28T19:36:55+00:00,2048,1024,equirectangular
286959453,00,vimeo,cc-by-nc-sa,https://vimeo.com/286959453,2018-08-27T21:13:10+00:00,2048,1024,equirectangular
286959453,01,vimeo,cc-by-nc-sa,https://vimeo.com/286959453,2018-08-27T21:13:10+00:00,2048,1024,equirectangular
286959453,02,vimeo,cc-by-nc-sa,https://vimeo.com/286959453,2018-08-27T21:13:10+00:00,2048,1024,equirectangular
323553592,00,vimeo,cc-by-nc-nd,https://vimeo.com/323553592,2019-03-13T20:33:42+00:00,2048,1024,equirectangular
323553592,01,vimeo,cc-by-nc-nd,https://vimeo.com/323553592,2019-03-13T20:33:42+00:00,2048,1024,equirectangular
288818330,07,vimeo,cc-by-nc-sa,https://vimeo.com/288818330,2018-09-07T23:22:58+00:00,1920,960,equirectangular
288818330,06,vimeo,cc-by-nc-sa,https://vimeo.com/288818330,2018-09-07T23:22:58+00:00,1920,960,equirectangular
288818330,08,vimeo,cc-by-nc-sa,https://vimeo.com/288818330,2018-09-07T23:22:58+00:00,1920,960,equirectangular
288818330,02,vimeo,cc-by-nc-sa,https://vimeo.com/288818330,2018-09-07T23:22:58+00:00,1920,960,equirectangular
226254570,00,vimeo,cc-by,https://vimeo.com/226254570,2017-07-20T05:22:04+00:00,2048,1024,equirectangular
225534907,00,vimeo,cc-by-nc-sa,https://vimeo.com/225534907,2017-07-14T09:06:43+00:00,1920,1080,equirectangular
225534907,01,vimeo,cc-by-nc-sa,https://vimeo.com/225534907,2017-07-14T09:06:43+00:00,1920,1080,equirectangular
225534907,02,vimeo,cc-by-nc-sa,https://vimeo.com/225534907,2017-07-14T09:06:43+00:00,1920,1080,equirectangular
322834365,03,vimeo,cc-by-nc-nd,https://vimeo.com/322834365,2019-03-11T16:41:08+00:00,2048,1024,equirectangular
322834365,00,vimeo,cc-by-nc-nd,https://vimeo.com/322834365,2019-03-11T16:41:08+00:00,2048,1024,equirectangular
322834365,05,vimeo,cc-by-nc-nd,https://vimeo.com/322834365,2019-03-11T16:41:08+00:00,2048,1024,equirectangular
322834365,01,vimeo,cc-by-nc-nd,https://vimeo.com/322834365,2019-03-11T16:41:08+00:00,2048,1024,equirectangular
322834365,06,vimeo,cc-by-nc-nd,https://vimeo.com/322834365,2019-03-11T16:41:08+00:00,2048,1024,equirectangular
322834365,04,vimeo,cc-by-nc-nd,https://vimeo.com/322834365,2019-03-11T16:41:08+00:00,2048,1024,equirectangular
322834365,02,vimeo,cc-by-nc-nd,https://vimeo.com/322834365,2019-03-11T16:41:08+00:00,2048,1024,equirectangular
247556478,00,vimeo,cc-cc0,https://vimeo.com/247556478,2017-12-15T22:06:41+00:00,2048,512,equirectangular
207633477,00,vimeo,cc-by,https://vimeo.com/207633477,2017-03-09T14:15:06+00:00,1920,960,equirectangular
207633477,01,vimeo,cc-by,https://vimeo.com/207633477,2017-03-09T14:15:06+00:00,1920,960,equirectangular
207633477,02,vimeo,cc-by,https://vimeo.com/207633477,2017-03-09T14:15:06+00:00,1920,960,equirectangular
346848548,06,vimeo,cc-by,https://vimeo.com/346848548,2019-07-08T12:36:58+00:00,2048,1024,equirectangular
346848548,04,vimeo,cc-by,https://vimeo.com/346848548,2019-07-08T12:36:58+00:00,2048,1024,equirectangular
346848548,02,vimeo,cc-by,https://vimeo.com/346848548,2019-07-08T12:36:58+00:00,2048,1024,equirectangular
310375466,00,vimeo,cc-by-nc-nd,https://vimeo.com/310375466,2019-01-09T16:26:49+00:00,2048,1024,equirectangular
660234650,00,vimeo,cc-by-nd,https://vimeo.com/660234650,2021-12-26T16:14:16+00:00,1920,960,equirectangular
314438194,00,vimeo,cc-by-nc-nd,https://vimeo.com/314438194,2019-01-31T08:30:54+00:00,1920,1080,equirectangular
314438014,00,vimeo,cc-by-nc-nd,https://vimeo.com/314438014,2019-01-31T08:29:52+00:00,1920,1080,equirectangular
197153136,03,vimeo,cc-by,https://vimeo.com/197153136,2016-12-27T06:17:43+00:00,1920,960,equirectangular
197153136,01,vimeo,cc-by,https://vimeo.com/197153136,2016-12-27T06:17:43+00:00,1920,960,equirectangular
197153136,06,vimeo,cc-by,https://vimeo.com/197153136,2016-12-27T06:17:43+00:00,1920,960,equirectangular
197153136,04,vimeo,cc-by,https://vimeo.com/197153136,2016-12-27T06:17:43+00:00,1920,960,equirectangular
197153136,02,vimeo,cc-by,https://vimeo.com/197153136,2016-12-27T06:17:43+00:00,1920,960,equirectangular
314438582,00,vimeo,cc-by-nc-nd,https://vimeo.com/314438582,2019-01-31T08:33:25+00:00,1920,1080,equirectangular
246464776,00,vimeo,cc-by-nc-nd,https://vimeo.com/246464776,2017-12-08T16:21:43+00:00,2016,1008,equirectangular
235633060,00,vimeo,cc-by-nc-nd,https://vimeo.com/235633060,2017-09-26T20:44:09+00:00,1920,1080,equirectangular
235633060,01,vimeo,cc-by-nc-nd,https://vimeo.com/235633060,2017-09-26T20:44:09+00:00,1920,1080,equirectangular
231997807,03,vimeo,cc-by-nc-nd,https://vimeo.com/231997807,2017-09-01T08:20:02+00:00,2048,1024,equirectangular
231997807,05,vimeo,cc-by-nc-nd,https://vimeo.com/231997807,2017-09-01T08:20:02+00:00,2048,1024,equirectangular
231997807,01,vimeo,cc-by-nc-nd,https://vimeo.com/231997807,2017-09-01T08:20:02+00:00,2048,1024,equirectangular
231997807,06,vimeo,cc-by-nc-nd,https://vimeo.com/231997807,2017-09-01T08:20:02+00:00,2048,1024,equirectangular
231997807,04,vimeo,cc-by-nc-nd,https://vimeo.com/231997807,2017-09-01T08:20:02+00:00,2048,1024,equirectangular
231997807,02,vimeo,cc-by-nc-nd,https://vimeo.com/231997807,2017-09-01T08:20:02+00:00,2048,1024,equirectangular
232285355,03,vimeo,cc-by-nc-nd,https://vimeo.com/232285355,2017-09-04T03:38:48+00:00,2048,1024,equirectangular
232285355,07,vimeo,cc-by-nc-nd,https://vimeo.com/232285355,2017-09-04T03:38:48+00:00,2048,1024,equirectangular
232285355,05,vimeo,cc-by-nc-nd,https://vimeo.com/232285355,2017-09-04T03:38:48+00:00,2048,1024,equirectangular
232285355,06,vimeo,cc-by-nc-nd,https://vimeo.com/232285355,2017-09-04T03:38:48+00:00,2048,1024,equirectangular
232285355,04,vimeo,cc-by-nc-nd,https://vimeo.com/232285355,2017-09-04T03:38:48+00:00,2048,1024,equirectangular
232285355,08,vimeo,cc-by-nc-nd,https://vimeo.com/232285355,2017-09-04T03:38:48+00:00,2048,1024,equirectangular
232285355,02,vimeo,cc-by-nc-nd,https://vimeo.com/232285355,2017-09-04T03:38:48+00:00,2048,1024,equirectangular
232285141,03,vimeo,cc-by-nc-nd,https://vimeo.com/232285141,2017-09-04T03:34:56+00:00,2048,1024,equirectangular
232285141,10,vimeo,cc-by-nc-nd,https://vimeo.com/232285141,2017-09-04T03:34:56+00:00,2048,1024,equirectangular
232285141,09,vimeo,cc-by-nc-nd,https://vimeo.com/232285141,2017-09-04T03:34:56+00:00,2048,1024,equirectangular
232285141,07,vimeo,cc-by-nc-nd,https://vimeo.com/232285141,2017-09-04T03:34:56+00:00,2048,1024,equirectangular
232285141,05,vimeo,cc-by-nc-nd,https://vimeo.com/232285141,2017-09-04T03:34:56+00:00,2048,1024,equirectangular
232285141,06,vimeo,cc-by-nc-nd,https://vimeo.com/232285141,2017-09-04T03:34:56+00:00,2048,1024,equirectangular
232285141,04,vimeo,cc-by-nc-nd,https://vimeo.com/232285141,2017-09-04T03:34:56+00:00,2048,1024,equirectangular
232285141,08,vimeo,cc-by-nc-nd,https://vimeo.com/232285141,2017-09-04T03:34:56+00:00,2048,1024,equirectangular
232285141,02,vimeo,cc-by-nc-nd,https://vimeo.com/232285141,2017-09-04T03:34:56+00:00,2048,1024,equirectangular
744121112,03,vimeo,cc-by-nc-nd,https://vimeo.com/744121112,2022-08-29T09:05:31+00:00,2048,1024,equirectangular
744121112,05,vimeo,cc-by-nc-nd,https://vimeo.com/744121112,2022-08-29T09:05:31+00:00,2048,1024,equirectangular
744121112,01,vimeo,cc-by-nc-nd,https://vimeo.com/744121112,2022-08-29T09:05:31+00:00,2048,1024,equirectangular
744121112,06,vimeo,cc-by-nc-nd,https://vimeo.com/744121112,2022-08-29T09:05:31+00:00,2048,1024,equirectangular
744121112,04,vimeo,cc-by-nc-nd,https://vimeo.com/744121112,2022-08-29T09:05:31+00:00,2048,1024,equirectangular
744121112,02,vimeo,cc-by-nc-nd,https://vimeo.com/744121112,2022-08-29T09:05:31+00:00,2048,1024,equirectangular
343305804,00,vimeo,cc-by-nc-nd,https://vimeo.com/343305804,2019-06-19T19:56:13+00:00,2048,1024,equirectangular
191886956,03,vimeo,cc-by,https://vimeo.com/191886956,2016-11-16T23:53:24+00:00,1920,960,equirectangular
405956245,03,vimeo,cc-by-nc,https://vimeo.com/405956245,2020-04-09T19:03:10+00:00,2048,1024,equirectangular
405956245,10,vimeo,cc-by-nc,https://vimeo.com/405956245,2020-04-09T19:03:10+00:00,2048,1024,equirectangular
405956245,09,vimeo,cc-by-nc,https://vimeo.com/405956245,2020-04-09T19:03:10+00:00,2048,1024,equirectangular
405956245,07,vimeo,cc-by-nc,https://vimeo.com/405956245,2020-04-09T19:03:10+00:00,2048,1024,equirectangular
405956245,05,vimeo,cc-by-nc,https://vimeo.com/405956245,2020-04-09T19:03:10+00:00,2048,1024,equirectangular
405956245,01,vimeo,cc-by-nc,https://vimeo.com/405956245,2020-04-09T19:03:10+00:00,2048,1024,equirectangular
405956245,06,vimeo,cc-by-nc,https://vimeo.com/405956245,2020-04-09T19:03:10+00:00,2048,1024,equirectangular
405956245,04,vimeo,cc-by-nc,https://vimeo.com/405956245,2020-04-09T19:03:10+00:00,2048,1024,equirectangular
405956245,08,vimeo,cc-by-nc,https://vimeo.com/405956245,2020-04-09T19:03:10+00:00,2048,1024,equirectangular
230203485,00,vimeo,cc-by,https://vimeo.com/230203485,2017-08-18T19:55:43+00:00,2048,1024,equirectangular
261452524,00,vimeo,cc-by-sa,https://vimeo.com/261452524,2018-03-23T09:23:00+00:00,2048,1024,equirectangular
332664190,15,vimeo,cc-by-nc-nd,https://vimeo.com/332664190,2019-04-26T13:10:40+00:00,2048,1024,equirectangular
332664190,13,vimeo,cc-by-nc-nd,https://vimeo.com/332664190,2019-04-26T13:10:40+00:00,2048,1024,equirectangular
332664190,17,vimeo,cc-by-nc-nd,https://vimeo.com/332664190,2019-04-26T13:10:40+00:00,2048,1024,equirectangular
332664190,16,vimeo,cc-by-nc-nd,https://vimeo.com/332664190,2019-04-26T13:10:40+00:00,2048,1024,equirectangular
332664190,07,vimeo,cc-by-nc-nd,https://vimeo.com/332664190,2019-04-26T13:10:40+00:00,2048,1024,equirectangular
332664190,11,vimeo,cc-by-nc-nd,https://vimeo.com/332664190,2019-04-26T13:10:40+00:00,2048,1024,equirectangular
332664190,05,vimeo,cc-by-nc-nd,https://vimeo.com/332664190,2019-04-26T13:10:40+00:00,2048,1024,equirectangular
332664190,12,vimeo,cc-by-nc-nd,https://vimeo.com/332664190,2019-04-26T13:10:40+00:00,2048,1024,equirectangular
332664190,14,vimeo,cc-by-nc-nd,https://vimeo.com/332664190,2019-04-26T13:10:40+00:00,2048,1024,equirectangular
332664190,01,vimeo,cc-by-nc-nd,https://vimeo.com/332664190,2019-04-26T13:10:40+00:00,2048,1024,equirectangular
332664190,06,vimeo,cc-by-nc-nd,https://vimeo.com/332664190,2019-04-26T13:10:40+00:00,2048,1024,equirectangular
332664190,04,vimeo,cc-by-nc-nd,https://vimeo.com/332664190,2019-04-26T13:10:40+00:00,2048,1024,equirectangular
332664190,08,vimeo,cc-by-nc-nd,https://vimeo.com/332664190,2019-04-26T13:10:40+00:00,2048,1024,equirectangular
332664190,02,vimeo,cc-by-nc-nd,https://vimeo.com/332664190,2019-04-26T13:10:40+00:00,2048,1024,equirectangular
253767912,00,vimeo,cc-by-nc-nd,https://vimeo.com/253767912,2018-02-01T10:28:24+00:00,2048,1024,equirectangular
253767912,01,vimeo,cc-by-nc-nd,https://vimeo.com/253767912,2018-02-01T10:28:24+00:00,2048,1024,equirectangular
253767912,02,vimeo,cc-by-nc-nd,https://vimeo.com/253767912,2018-02-01T10:28:24+00:00,2048,1024,equirectangular
409254251,00,vimeo,cc-by,https://vimeo.com/409254251,2020-04-18T16:57:16+00:00,2048,1024,equirectangular
409254251,01,vimeo,cc-by,https://vimeo.com/409254251,2020-04-18T16:57:16+00:00,2048,1024,equirectangular
409254251,02,vimeo,cc-by,https://vimeo.com/409254251,2020-04-18T16:57:16+00:00,2048,1024,equirectangular
245188336,03,vimeo,cc-by-nc,https://vimeo.com/245188336,2017-11-30T13:35:43+00:00,2048,1024,equirectangular
245188336,10,vimeo,cc-by-nc,https://vimeo.com/245188336,2017-11-30T13:35:43+00:00,2048,1024,equirectangular
245188336,00,vimeo,cc-by-nc,https://vimeo.com/245188336,2017-11-30T13:35:43+00:00,2048,1024,equirectangular
245188336,09,vimeo,cc-by-nc,https://vimeo.com/245188336,2017-11-30T13:35:43+00:00,2048,1024,equirectangular
245188336,07,vimeo,cc-by-nc,https://vimeo.com/245188336,2017-11-30T13:35:43+00:00,2048,1024,equirectangular
245188336,05,vimeo,cc-by-nc,https://vimeo.com/245188336,2017-11-30T13:35:43+00:00,2048,1024,equirectangular
245188336,01,vimeo,cc-by-nc,https://vimeo.com/245188336,2017-11-30T13:35:43+00:00,2048,1024,equirectangular
245188336,06,vimeo,cc-by-nc,https://vimeo.com/245188336,2017-11-30T13:35:43+00:00,2048,1024,equirectangular
245188336,04,vimeo,cc-by-nc,https://vimeo.com/245188336,2017-11-30T13:35:43+00:00,2048,1024,equirectangular
245188336,08,vimeo,cc-by-nc,https://vimeo.com/245188336,2017-11-30T13:35:43+00:00,2048,1024,equirectangular
245188336,02,vimeo,cc-by-nc,https://vimeo.com/245188336,2017-11-30T13:35:43+00:00,2048,1024,equirectangular
234634576,00,vimeo,cc-by-nc-nd,https://vimeo.com/234634576,2017-09-20T08:18:22+00:00,1920,960,equirectangular
345614164,00,vimeo,cc-by-nc-nd,https://vimeo.com/345614164,2019-07-02T04:41:52+00:00,2048,1024,equirectangular
752446216,03,vimeo,cc-by-nd,https://vimeo.com/752446216,2022-09-22T08:22:27+00:00,2048,1024,equirectangular
752446216,07,vimeo,cc-by-nd,https://vimeo.com/752446216,2022-09-22T08:22:27+00:00,2048,1024,equirectangular
752446216,05,vimeo,cc-by-nd,https://vimeo.com/752446216,2022-09-22T08:22:27+00:00,2048,1024,equirectangular
752446216,01,vimeo,cc-by-nd,https://vimeo.com/752446216,2022-09-22T08:22:27+00:00,2048,1024,equirectangular
752446216,06,vimeo,cc-by-nd,https://vimeo.com/752446216,2022-09-22T08:22:27+00:00,2048,1024,equirectangular
752446216,04,vimeo,cc-by-nd,https://vimeo.com/752446216,2022-09-22T08:22:27+00:00,2048,1024,equirectangular
752446216,08,vimeo,cc-by-nd,https://vimeo.com/752446216,2022-09-22T08:22:27+00:00,2048,1024,equirectangular
386606492,00,vimeo,cc-by-nc-nd,https://vimeo.com/386606492,2020-01-22T23:36:58+00:00,2048,1024,equirectangular
564789514,00,vimeo,cc-by,https://vimeo.com/564789514,2021-06-18T20:01:40+00:00,2048,1024,equirectangular
290723452,03,vimeo,cc-by-nc,https://vimeo.com/290723452,2018-09-19T16:06:30+00:00,1920,1080,equirectangular
290723452,00,vimeo,cc-by-nc,https://vimeo.com/290723452,2018-09-19T16:06:30+00:00,1920,1080,equirectangular
290723452,07,vimeo,cc-by-nc,https://vimeo.com/290723452,2018-09-19T16:06:30+00:00,1920,1080,equirectangular
290723452,05,vimeo,cc-by-nc,https://vimeo.com/290723452,2018-09-19T16:06:30+00:00,1920,1080,equirectangular
290723452,01,vimeo,cc-by-nc,https://vimeo.com/290723452,2018-09-19T16:06:30+00:00,1920,1080,equirectangular
290723452,06,vimeo,cc-by-nc,https://vimeo.com/290723452,2018-09-19T16:06:30+00:00,1920,1080,equirectangular
290723452,04,vimeo,cc-by-nc,https://vimeo.com/290723452,2018-09-19T16:06:30+00:00,1920,1080,equirectangular
290723452,02,vimeo,cc-by-nc,https://vimeo.com/290723452,2018-09-19T16:06:30+00:00,1920,1080,equirectangular
706785277,00,vimeo,cc-by-nc-sa,https://vimeo.com/706785277,2022-05-06T03:03:03+00:00,2048,1024,equirectangular
554359706,15,vimeo,cc-by-nc-nd,https://vimeo.com/554359706,2021-05-24T16:48:35+00:00,2048,1024,equirectangular
554359706,03,vimeo,cc-by-nc-nd,https://vimeo.com/554359706,2021-05-24T16:48:35+00:00,2048,1024,equirectangular
554359706,10,vimeo,cc-by-nc-nd,https://vimeo.com/554359706,2021-05-24T16:48:35+00:00,2048,1024,equirectangular
554359706,13,vimeo,cc-by-nc-nd,https://vimeo.com/554359706,2021-05-24T16:48:35+00:00,2048,1024,equirectangular
554359706,17,vimeo,cc-by-nc-nd,https://vimeo.com/554359706,2021-05-24T16:48:35+00:00,2048,1024,equirectangular
554359706,16,vimeo,cc-by-nc-nd,https://vimeo.com/554359706,2021-05-24T16:48:35+00:00,2048,1024,equirectangular
554359706,00,vimeo,cc-by-nc-nd,https://vimeo.com/554359706,2021-05-24T16:48:35+00:00,2048,1024,equirectangular
554359706,18,vimeo,cc-by-nc-nd,https://vimeo.com/554359706,2021-05-24T16:48:35+00:00,2048,1024,equirectangular
554359706,09,vimeo,cc-by-nc-nd,https://vimeo.com/554359706,2021-05-24T16:48:35+00:00,2048,1024,equirectangular
554359706,07,vimeo,cc-by-nc-nd,https://vimeo.com/554359706,2021-05-24T16:48:35+00:00,2048,1024,equirectangular
554359706,11,vimeo,cc-by-nc-nd,https://vimeo.com/554359706,2021-05-24T16:48:35+00:00,2048,1024,equirectangular
554359706,05,vimeo,cc-by-nc-nd,https://vimeo.com/554359706,2021-05-24T16:48:35+00:00,2048,1024,equirectangular
554359706,12,vimeo,cc-by-nc-nd,https://vimeo.com/554359706,2021-05-24T16:48:35+00:00,2048,1024,equirectangular
554359706,14,vimeo,cc-by-nc-nd,https://vimeo.com/554359706,2021-05-24T16:48:35+00:00,2048,1024,equirectangular
554359706,01,vimeo,cc-by-nc-nd,https://vimeo.com/554359706,2021-05-24T16:48:35+00:00,2048,1024,equirectangular
554359706,06,vimeo,cc-by-nc-nd,https://vimeo.com/554359706,2021-05-24T16:48:35+00:00,2048,1024,equirectangular
554359706,04,vimeo,cc-by-nc-nd,https://vimeo.com/554359706,2021-05-24T16:48:35+00:00,2048,1024,equirectangular
554359706,08,vimeo,cc-by-nc-nd,https://vimeo.com/554359706,2021-05-24T16:48:35+00:00,2048,1024,equirectangular
554359706,02,vimeo,cc-by-nc-nd,https://vimeo.com/554359706,2021-05-24T16:48:35+00:00,2048,1024,equirectangular
594860136,03,vimeo,cc-by-nc-nd,https://vimeo.com/594860136,2021-08-30T20:33:40+00:00,2048,1024,equirectangular
594860136,00,vimeo,cc-by-nc-nd,https://vimeo.com/594860136,2021-08-30T20:33:40+00:00,2048,1024,equirectangular
594860136,01,vimeo,cc-by-nc-nd,https://vimeo.com/594860136,2021-08-30T20:33:40+00:00,2048,1024,equirectangular
594860136,02,vimeo,cc-by-nc-nd,https://vimeo.com/594860136,2021-08-30T20:33:40+00:00,2048,1024,equirectangular
531164946,00,vimeo,cc-by-nc,https://vimeo.com/531164946,2021-03-31T08:11:07+00:00,2048,1024,equirectangular
364908002,00,vimeo,cc-by-nc-nd,https://vimeo.com/364908002,2019-10-07T22:20:43+00:00,2048,1024,equirectangular
452190012,00,vimeo,cc-by-nc,https://vimeo.com/452190012,2020-08-27T12:42:33+00:00,1920,1080,equirectangular
452190012,01,vimeo,cc-by-nc,https://vimeo.com/452190012,2020-08-27T12:42:33+00:00,1920,1080,equirectangular
330841998,00,vimeo,cc-by-nc-nd,https://vimeo.com/330841998,2019-04-16T18:29:34+00:00,2048,1024,equirectangular
477098495,03,vimeo,cc-by,https://vimeo.com/477098495,2020-11-09T10:55:16+00:00,2048,1024,equirectangular
477098495,00,vimeo,cc-by,https://vimeo.com/477098495,2020-11-09T10:55:16+00:00,2048,1024,equirectangular
477098495,01,vimeo,cc-by,https://vimeo.com/477098495,2020-11-09T10:55:16+00:00,2048,1024,equirectangular
477098495,02,vimeo,cc-by,https://vimeo.com/477098495,2020-11-09T10:55:16+00:00,2048,1024,equirectangular
252661670,03,vimeo,cc-by-nc-nd,https://vimeo.com/252661670,2018-01-25T08:23:27+00:00,2048,1024,equirectangular
252661670,00,vimeo,cc-by-nc-nd,https://vimeo.com/252661670,2018-01-25T08:23:27+00:00,2048,1024,equirectangular
252661670,07,vimeo,cc-by-nc-nd,https://vimeo.com/252661670,2018-01-25T08:23:27+00:00,2048,1024,equirectangular
252661670,05,vimeo,cc-by-nc-nd,https://vimeo.com/252661670,2018-01-25T08:23:27+00:00,2048,1024,equirectangular
252661670,01,vimeo,cc-by-nc-nd,https://vimeo.com/252661670,2018-01-25T08:23:27+00:00,2048,1024,equirectangular
252661670,06,vimeo,cc-by-nc-nd,https://vimeo.com/252661670,2018-01-25T08:23:27+00:00,2048,1024,equirectangular
252661670,04,vimeo,cc-by-nc-nd,https://vimeo.com/252661670,2018-01-25T08:23:27+00:00,2048,1024,equirectangular
252661670,08,vimeo,cc-by-nc-nd,https://vimeo.com/252661670,2018-01-25T08:23:27+00:00,2048,1024,equirectangular
252661670,02,vimeo,cc-by-nc-nd,https://vimeo.com/252661670,2018-01-25T08:23:27+00:00,2048,1024,equirectangular
377250033,10,vimeo,cc-by-nc-sa,https://vimeo.com/377250033,2019-12-04T08:08:51+00:00,2048,1024,equirectangular
377250033,13,vimeo,cc-by-nc-sa,https://vimeo.com/377250033,2019-12-04T08:08:51+00:00,2048,1024,equirectangular
377250033,00,vimeo,cc-by-nc-sa,https://vimeo.com/377250033,2019-12-04T08:08:51+00:00,2048,1024,equirectangular
377250033,09,vimeo,cc-by-nc-sa,https://vimeo.com/377250033,2019-12-04T08:08:51+00:00,2048,1024,equirectangular
377250033,07,vimeo,cc-by-nc-sa,https://vimeo.com/377250033,2019-12-04T08:08:51+00:00,2048,1024,equirectangular
377250033,11,vimeo,cc-by-nc-sa,https://vimeo.com/377250033,2019-12-04T08:08:51+00:00,2048,1024,equirectangular
377250033,12,vimeo,cc-by-nc-sa,https://vimeo.com/377250033,2019-12-04T08:08:51+00:00,2048,1024,equirectangular
377250033,01,vimeo,cc-by-nc-sa,https://vimeo.com/377250033,2019-12-04T08:08:51+00:00,2048,1024,equirectangular
377250033,06,vimeo,cc-by-nc-sa,https://vimeo.com/377250033,2019-12-04T08:08:51+00:00,2048,1024,equirectangular
377250033,02,vimeo,cc-by-nc-sa,https://vimeo.com/377250033,2019-12-04T08:08:51+00:00,2048,1024,equirectangular
314438111,00,vimeo,cc-by-nc-nd,https://vimeo.com/314438111,2019-01-31T08:30:26+00:00,1920,1080,equirectangular
330985250,00,vimeo,cc-by,https://vimeo.com/330985250,2019-04-17T11:52:14+00:00,2048,1024,equirectangular
433181996,03,vimeo,cc-by-nc-sa,https://vimeo.com/433181996,2020-06-27T19:12:02+00:00,2048,1024,equirectangular
433181996,10,vimeo,cc-by-nc-sa,https://vimeo.com/433181996,2020-06-27T19:12:02+00:00,2048,1024,equirectangular
433181996,00,vimeo,cc-by-nc-sa,https://vimeo.com/433181996,2020-06-27T19:12:02+00:00,2048,1024,equirectangular
433181996,09,vimeo,cc-by-nc-sa,https://vimeo.com/433181996,2020-06-27T19:12:02+00:00,2048,1024,equirectangular
433181996,07,vimeo,cc-by-nc-sa,https://vimeo.com/433181996,2020-06-27T19:12:02+00:00,2048,1024,equirectangular
433181996,11,vimeo,cc-by-nc-sa,https://vimeo.com/433181996,2020-06-27T19:12:02+00:00,2048,1024,equirectangular
433181996,05,vimeo,cc-by-nc-sa,https://vimeo.com/433181996,2020-06-27T19:12:02+00:00,2048,1024,equirectangular
433181996,12,vimeo,cc-by-nc-sa,https://vimeo.com/433181996,2020-06-27T19:12:02+00:00,2048,1024,equirectangular
433181996,01,vimeo,cc-by-nc-sa,https://vimeo.com/433181996,2020-06-27T19:12:02+00:00,2048,1024,equirectangular
433181996,06,vimeo,cc-by-nc-sa,https://vimeo.com/433181996,2020-06-27T19:12:02+00:00,2048,1024,equirectangular
433181996,04,vimeo,cc-by-nc-sa,https://vimeo.com/433181996,2020-06-27T19:12:02+00:00,2048,1024,equirectangular
433181996,08,vimeo,cc-by-nc-sa,https://vimeo.com/433181996,2020-06-27T19:12:02+00:00,2048,1024,equirectangular
433181996,02,vimeo,cc-by-nc-sa,https://vimeo.com/433181996,2020-06-27T19:12:02+00:00,2048,1024,equirectangular
247556154,00,vimeo,cc-cc0,https://vimeo.com/247556154,2017-12-15T22:04:08+00:00,2048,1024,equirectangular
330986252,00,vimeo,cc-by,https://vimeo.com/330986252,2019-04-17T11:58:33+00:00,2048,1024,equirectangular
265107516,00,vimeo,cc-by,https://vimeo.com/265107516,2018-04-17T02:37:39+00:00,1920,1080,equirectangular
723689183,03,vimeo,cc-by-nc-nd,https://vimeo.com/723689183,2022-06-24T10:38:09+00:00,2048,1024,equirectangular
723689183,00,vimeo,cc-by-nc-nd,https://vimeo.com/723689183,2022-06-24T10:38:09+00:00,2048,1024,equirectangular
723689183,05,vimeo,cc-by-nc-nd,https://vimeo.com/723689183,2022-06-24T10:38:09+00:00,2048,1024,equirectangular
723689183,01,vimeo,cc-by-nc-nd,https://vimeo.com/723689183,2022-06-24T10:38:09+00:00,2048,1024,equirectangular
723689183,06,vimeo,cc-by-nc-nd,https://vimeo.com/723689183,2022-06-24T10:38:09+00:00,2048,1024,equirectangular
723689183,04,vimeo,cc-by-nc-nd,https://vimeo.com/723689183,2022-06-24T10:38:09+00:00,2048,1024,equirectangular
723689183,02,vimeo,cc-by-nc-nd,https://vimeo.com/723689183,2022-06-24T10:38:09+00:00,2048,1024,equirectangular
258351894,03,vimeo,cc-by,https://vimeo.com/258351894,2018-03-02T23:31:19+00:00,1920,1080,equirectangular
258351894,09,vimeo,cc-by,https://vimeo.com/258351894,2018-03-02T23:31:19+00:00,1920,1080,equirectangular
258351894,07,vimeo,cc-by,https://vimeo.com/258351894,2018-03-02T23:31:19+00:00,1920,1080,equirectangular
258351894,05,vimeo,cc-by,https://vimeo.com/258351894,2018-03-02T23:31:19+00:00,1920,1080,equirectangular
258351894,01,vimeo,cc-by,https://vimeo.com/258351894,2018-03-02T23:31:19+00:00,1920,1080,equirectangular
258351894,06,vimeo,cc-by,https://vimeo.com/258351894,2018-03-02T23:31:19+00:00,1920,1080,equirectangular
258351894,04,vimeo,cc-by,https://vimeo.com/258351894,2018-03-02T23:31:19+00:00,1920,1080,equirectangular
258351894,08,vimeo,cc-by,https://vimeo.com/258351894,2018-03-02T23:31:19+00:00,1920,1080,equirectangular
258351894,02,vimeo,cc-by,https://vimeo.com/258351894,2018-03-02T23:31:19+00:00,1920,1080,equirectangular
207723685,00,vimeo,cc-by-nc-nd,https://vimeo.com/207723685,2017-03-10T00:32:06+00:00,1920,960,equirectangular
236724002,00,vimeo,cc-by-sa,https://vimeo.com/236724002,2017-10-04T10:03:08+00:00,1920,960,equirectangular
214686415,00,vimeo,cc-by-nc-nd,https://vimeo.com/214686415,2017-04-25T15:15:49+00:00,1920,1080,equirectangular
353973717,00,vimeo,cc-by-nc-nd,https://vimeo.com/353973717,2019-08-15T10:48:47+00:00,2048,1024,equirectangular
237578701,00,vimeo,cc-by,https://vimeo.com/237578701,2017-10-10T14:22:30+00:00,1920,960,equirectangular
215426594,03,vimeo,cc-by,https://vimeo.com/215426594,2017-04-30T19:19:39+00:00,1920,960,equirectangular
215426594,00,vimeo,cc-by,https://vimeo.com/215426594,2017-04-30T19:19:39+00:00,1920,960,equirectangular
215426594,09,vimeo,cc-by,https://vimeo.com/215426594,2017-04-30T19:19:39+00:00,1920,960,equirectangular
215426594,07,vimeo,cc-by,https://vimeo.com/215426594,2017-04-30T19:19:39+00:00,1920,960,equirectangular
215426594,05,vimeo,cc-by,https://vimeo.com/215426594,2017-04-30T19:19:39+00:00,1920,960,equirectangular
215426594,01,vimeo,cc-by,https://vimeo.com/215426594,2017-04-30T19:19:39+00:00,1920,960,equirectangular
215426594,06,vimeo,cc-by,https://vimeo.com/215426594,2017-04-30T19:19:39+00:00,1920,960,equirectangular
215426594,04,vimeo,cc-by,https://vimeo.com/215426594,2017-04-30T19:19:39+00:00,1920,960,equirectangular
215426594,08,vimeo,cc-by,https://vimeo.com/215426594,2017-04-30T19:19:39+00:00,1920,960,equirectangular
215426594,02,vimeo,cc-by,https://vimeo.com/215426594,2017-04-30T19:19:39+00:00,1920,960,equirectangular
225639704,10,vimeo,cc-by-sa,https://vimeo.com/225639704,2017-07-15T02:41:18+00:00,2048,1024,equirectangular
225639704,13,vimeo,cc-by-sa,https://vimeo.com/225639704,2017-07-15T02:41:18+00:00,2048,1024,equirectangular
225639704,09,vimeo,cc-by-sa,https://vimeo.com/225639704,2017-07-15T02:41:18+00:00,2048,1024,equirectangular
225639704,07,vimeo,cc-by-sa,https://vimeo.com/225639704,2017-07-15T02:41:18+00:00,2048,1024,equirectangular
225639704,11,vimeo,cc-by-sa,https://vimeo.com/225639704,2017-07-15T02:41:18+00:00,2048,1024,equirectangular
225639704,12,vimeo,cc-by-sa,https://vimeo.com/225639704,2017-07-15T02:41:18+00:00,2048,1024,equirectangular
207480078,03,vimeo,cc-by-nc-nd,https://vimeo.com/207480078,2017-03-08T16:13:39+00:00,1920,960,equirectangular
207480078,01,vimeo,cc-by-nc-nd,https://vimeo.com/207480078,2017-03-08T16:13:39+00:00,1920,960,equirectangular
207480078,02,vimeo,cc-by-nc-nd,https://vimeo.com/207480078,2017-03-08T16:13:39+00:00,1920,960,equirectangular
399118375,00,vimeo,cc-by-nc,https://vimeo.com/399118375,2020-03-20T11:12:59+00:00,1920,1080,equirectangular
397643517,00,vimeo,cc-by,https://vimeo.com/397643517,2020-03-14T16:25:12+00:00,2048,1024,equirectangular
355443197,05,vimeo,cc-by-nc,https://vimeo.com/355443197,2019-08-22T23:31:27+00:00,1080,540,equirectangular
291936604,03,vimeo,cc-by-nc-nd,https://vimeo.com/291936604,2018-09-26T15:02:43+00:00,2048,1024,equirectangular
291936604,04,vimeo,cc-by-nc-nd,https://vimeo.com/291936604,2018-09-26T15:02:43+00:00,2048,1024,equirectangular
389222781,00,vimeo,cc-by-nc-nd,https://vimeo.com/389222781,2020-02-04T11:59:45+00:00,2048,1024,equirectangular
389222781,01,vimeo,cc-by-nc-nd,https://vimeo.com/389222781,2020-02-04T11:59:45+00:00,2048,1024,equirectangular
255941448,00,vimeo,cc-by-nc-nd,https://vimeo.com/255941448,2018-02-15T17:48:21+00:00,1920,1080,equirectangular
255941448,01,vimeo,cc-by-nc-nd,https://vimeo.com/255941448,2018-02-15T17:48:21+00:00,1920,1080,equirectangular
255941448,04,vimeo,cc-by-nc-nd,https://vimeo.com/255941448,2018-02-15T17:48:21+00:00,1920,1080,equirectangular
255941448,02,vimeo,cc-by-nc-nd,https://vimeo.com/255941448,2018-02-15T17:48:21+00:00,1920,1080,equirectangular
214460158,00,vimeo,cc-by-sa,https://vimeo.com/214460158,2017-04-24T07:59:08+00:00,1920,960,equirectangular
220733803,00,vimeo,cc-by-nc-nd,https://vimeo.com/220733803,2017-06-08T01:17:24+00:00,1920,960,equirectangular
399837524,00,vimeo,cc-by,https://vimeo.com/399837524,2020-03-23T10:30:59+00:00,2048,1024,equirectangular
388735966,00,vimeo,cc-by-nc-nd,https://vimeo.com/388735966,2020-02-01T21:34:47+00:00,2048,1024,equirectangular
397376332,00,vimeo,cc-by,https://vimeo.com/397376332,2020-03-13T08:35:07+00:00,2048,1024,equirectangular
222936548,00,vimeo,cc-by-nc-sa,https://vimeo.com/222936548,2017-06-24T08:12:33+00:00,1920,960,equirectangular
495637478,03,vimeo,cc-by-sa,https://vimeo.com/495637478,2020-12-30T01:22:14+00:00,2048,1024,equirectangular
653750191,20,vimeo,cc-by-nc-nd,https://vimeo.com/653750191,2021-12-06T16:20:49+00:00,2048,1024,equirectangular
653750191,21,vimeo,cc-by-nc-nd,https://vimeo.com/653750191,2021-12-06T16:20:49+00:00,2048,1024,equirectangular
315029029,00,vimeo,cc-by-nd,https://vimeo.com/315029029,2019-02-02T23:30:17+00:00,1920,1080,equirectangular
746885204,15,vimeo,cc-by,https://vimeo.com/746885204,2022-09-06T13:29:46+00:00,1280,720,equirectangular
746885204,03,vimeo,cc-by,https://vimeo.com/746885204,2022-09-06T13:29:46+00:00,1280,720,equirectangular
746885204,10,vimeo,cc-by,https://vimeo.com/746885204,2022-09-06T13:29:46+00:00,1280,720,equirectangular
746885204,13,vimeo,cc-by,https://vimeo.com/746885204,2022-09-06T13:29:46+00:00,1280,720,equirectangular
746885204,00,vimeo,cc-by,https://vimeo.com/746885204,2022-09-06T13:29:46+00:00,1280,720,equirectangular
746885204,09,vimeo,cc-by,https://vimeo.com/746885204,2022-09-06T13:29:46+00:00,1280,720,equirectangular
746885204,07,vimeo,cc-by,https://vimeo.com/746885204,2022-09-06T13:29:46+00:00,1280,720,equirectangular
746885204,11,vimeo,cc-by,https://vimeo.com/746885204,2022-09-06T13:29:46+00:00,1280,720,equirectangular
746885204,05,vimeo,cc-by,https://vimeo.com/746885204,2022-09-06T13:29:46+00:00,1280,720,equirectangular
746885204,12,vimeo,cc-by,https://vimeo.com/746885204,2022-09-06T13:29:46+00:00,1280,720,equirectangular
746885204,14,vimeo,cc-by,https://vimeo.com/746885204,2022-09-06T13:29:46+00:00,1280,720,equirectangular
746885204,01,vimeo,cc-by,https://vimeo.com/746885204,2022-09-06T13:29:46+00:00,1280,720,equirectangular
746885204,06,vimeo,cc-by,https://vimeo.com/746885204,2022-09-06T13:29:46+00:00,1280,720,equirectangular
746885204,04,vimeo,cc-by,https://vimeo.com/746885204,2022-09-06T13:29:46+00:00,1280,720,equirectangular
746885204,08,vimeo,cc-by,https://vimeo.com/746885204,2022-09-06T13:29:46+00:00,1280,720,equirectangular
746885204,02,vimeo,cc-by,https://vimeo.com/746885204,2022-09-06T13:29:46+00:00,1280,720,equirectangular
215517145,03,vimeo,cc-by,https://vimeo.com/215517145,2017-05-01T14:57:06+00:00,1920,960,equirectangular
215517145,00,vimeo,cc-by,https://vimeo.com/215517145,2017-05-01T14:57:06+00:00,1920,960,equirectangular
215517145,01,vimeo,cc-by,https://vimeo.com/215517145,2017-05-01T14:57:06+00:00,1920,960,equirectangular
215517145,04,vimeo,cc-by,https://vimeo.com/215517145,2017-05-01T14:57:06+00:00,1920,960,equirectangular
215517145,02,vimeo,cc-by,https://vimeo.com/215517145,2017-05-01T14:57:06+00:00,1920,960,equirectangular
246134799,01,vimeo,cc-by,https://vimeo.com/246134799,2017-12-06T17:38:39+00:00,1920,1080,equirectangular
742383648,00,vimeo,cc-by-nd,https://vimeo.com/742383648,2022-08-23T18:49:25+00:00,2048,1024,equirectangular
742383648,01,vimeo,cc-by-nd,https://vimeo.com/742383648,2022-08-23T18:49:25+00:00,2048,1024,equirectangular
271149201,00,vimeo,cc-by,https://vimeo.com/271149201,2018-05-21T19:27:39+00:00,2048,1024,equirectangular
310119966,03,vimeo,cc-by-nc-nd,https://vimeo.com/310119966,2019-01-08T14:12:56+00:00,2048,1024,equirectangular
310119966,10,vimeo,cc-by-nc-nd,https://vimeo.com/310119966,2019-01-08T14:12:56+00:00,2048,1024,equirectangular
310119966,13,vimeo,cc-by-nc-nd,https://vimeo.com/310119966,2019-01-08T14:12:56+00:00,2048,1024,equirectangular
310119966,09,vimeo,cc-by-nc-nd,https://vimeo.com/310119966,2019-01-08T14:12:56+00:00,2048,1024,equirectangular
310119966,07,vimeo,cc-by-nc-nd,https://vimeo.com/310119966,2019-01-08T14:12:56+00:00,2048,1024,equirectangular
310119966,05,vimeo,cc-by-nc-nd,https://vimeo.com/310119966,2019-01-08T14:12:56+00:00,2048,1024,equirectangular
310119966,01,vimeo,cc-by-nc-nd,https://vimeo.com/310119966,2019-01-08T14:12:56+00:00,2048,1024,equirectangular
310119966,06,vimeo,cc-by-nc-nd,https://vimeo.com/310119966,2019-01-08T14:12:56+00:00,2048,1024,equirectangular
310119966,04,vimeo,cc-by-nc-nd,https://vimeo.com/310119966,2019-01-08T14:12:56+00:00,2048,1024,equirectangular
310119966,08,vimeo,cc-by-nc-nd,https://vimeo.com/310119966,2019-01-08T14:12:56+00:00,2048,1024,equirectangular
310119966,02,vimeo,cc-by-nc-nd,https://vimeo.com/310119966,2019-01-08T14:12:56+00:00,2048,1024,equirectangular
306309425,00,vimeo,cc-by-nc-sa,https://vimeo.com/306309425,2018-12-14T02:21:19+00:00,2048,1024,equirectangular
187743530,01,vimeo,cc-by-nc,https://vimeo.com/187743530,2016-10-17T23:05:04+00:00,1920,960,equirectangular
294961871,00,vimeo,cc-by-nc,https://vimeo.com/294961871,2018-10-13T20:49:02+00:00,2048,1024,equirectangular
294961871,04,vimeo,cc-by-nc,https://vimeo.com/294961871,2018-10-13T20:49:02+00:00,2048,1024,equirectangular
294961871,02,vimeo,cc-by-nc,https://vimeo.com/294961871,2018-10-13T20:49:02+00:00,2048,1024,equirectangular
235013519,00,vimeo,cc-by-nc,https://vimeo.com/235013519,2017-09-22T14:06:11+00:00,1366,684,equirectangular
747974903,15,vimeo,cc-by-nc-nd,https://vimeo.com/747974903,2022-09-09T10:33:02+00:00,1080,1080,equirectangular
747974903,23,vimeo,cc-by-nc-nd,https://vimeo.com/747974903,2022-09-09T10:33:02+00:00,1080,1080,equirectangular
747974903,19,vimeo,cc-by-nc-nd,https://vimeo.com/747974903,2022-09-09T10:33:02+00:00,1080,1080,equirectangular
463341271,00,vimeo,cc-by,https://vimeo.com/463341271,2020-09-30T08:00:40+00:00,2048,1024,equirectangular
254891442,00,vimeo,cc-cc0,https://vimeo.com/254891442,2018-02-08T17:24:36+00:00,1280,720,equirectangular
254891442,01,vimeo,cc-cc0,https://vimeo.com/254891442,2018-02-08T17:24:36+00:00,1280,720,equirectangular
265224954,00,vimeo,cc-by,https://vimeo.com/265224954,2018-04-17T16:36:52+00:00,2048,1024,equirectangular
255084373,00,vimeo,cc-by-nc-nd,https://vimeo.com/255084373,2018-02-09T18:49:34+00:00,2048,1024,equirectangular
255083577,00,vimeo,cc-by-nc-nd,https://vimeo.com/255083577,2018-02-09T18:44:47+00:00,2048,1024,equirectangular
224508895,00,vimeo,cc-by,https://vimeo.com/224508895,2017-07-06T17:48:07+00:00,1080,540,equirectangular
373150222,03,vimeo,cc-by-nc-nd,https://vimeo.com/373150222,2019-11-14T15:07:26+00:00,2048,1024,equirectangular
373150222,00,vimeo,cc-by-nc-nd,https://vimeo.com/373150222,2019-11-14T15:07:26+00:00,2048,1024,equirectangular
373150222,05,vimeo,cc-by-nc-nd,https://vimeo.com/373150222,2019-11-14T15:07:26+00:00,2048,1024,equirectangular
373150222,01,vimeo,cc-by-nc-nd,https://vimeo.com/373150222,2019-11-14T15:07:26+00:00,2048,1024,equirectangular
373150222,06,vimeo,cc-by-nc-nd,https://vimeo.com/373150222,2019-11-14T15:07:26+00:00,2048,1024,equirectangular
373150222,04,vimeo,cc-by-nc-nd,https://vimeo.com/373150222,2019-11-14T15:07:26+00:00,2048,1024,equirectangular
373150222,02,vimeo,cc-by-nc-nd,https://vimeo.com/373150222,2019-11-14T15:07:26+00:00,2048,1024,equirectangular
219839627,00,vimeo,cc-by-sa,https://vimeo.com/219839627,2017-06-01T12:24:00+00:00,1920,1080,equirectangular
288092863,00,vimeo,cc-by-nc,https://vimeo.com/288092863,2018-09-04T02:12:28+00:00,1920,540,equirectangular
288092863,01,vimeo,cc-by-nc,https://vimeo.com/288092863,2018-09-04T02:12:28+00:00,1920,540,equirectangular
288092863,02,vimeo,cc-by-nc,https://vimeo.com/288092863,2018-09-04T02:12:28+00:00,1920,540,equirectangular
594987693,00,vimeo,cc-by-nc-nd,https://vimeo.com/594987693,2021-08-31T01:31:31+00:00,2048,1024,equirectangular
448519937,00,vimeo,cc-by-nd,https://vimeo.com/448519937,2020-08-17T12:31:52+00:00,1920,960,equirectangular
476600617,01,vimeo,cc-by-sa,https://vimeo.com/476600617,2020-11-07T11:58:54+00:00,1280,640,equirectangular
476600617,02,vimeo,cc-by-sa,https://vimeo.com/476600617,2020-11-07T11:58:54+00:00,1280,640,equirectangular
212772962,00,vimeo,cc-by-nc-nd,https://vimeo.com/212772962,2017-04-11T15:57:25+00:00,1920,960,equirectangular
361222287,00,vimeo,cc-by,https://vimeo.com/361222287,2019-09-20T04:54:40+00:00,1366,684,equirectangular
389232042,00,vimeo,cc-by-nc-nd,https://vimeo.com/389232042,2020-02-04T12:52:38+00:00,2048,1024,equirectangular
208659320,00,vimeo,cc-by-nc-nd,https://vimeo.com/208659320,2017-03-16T13:38:54+00:00,1920,960,equirectangular
495639014,08,vimeo,cc-by-sa,https://vimeo.com/495639014,2020-12-30T01:31:23+00:00,2048,1024,equirectangular
450742378,03,vimeo,cc-by,https://vimeo.com/450742378,2020-08-23T10:24:46+00:00,2048,1024,equirectangular
450742378,00,vimeo,cc-by,https://vimeo.com/450742378,2020-08-23T10:24:46+00:00,2048,1024,equirectangular
450742378,09,vimeo,cc-by,https://vimeo.com/450742378,2020-08-23T10:24:46+00:00,2048,1024,equirectangular
450742378,07,vimeo,cc-by,https://vimeo.com/450742378,2020-08-23T10:24:46+00:00,2048,1024,equirectangular
450742378,05,vimeo,cc-by,https://vimeo.com/450742378,2020-08-23T10:24:46+00:00,2048,1024,equirectangular
450742378,04,vimeo,cc-by,https://vimeo.com/450742378,2020-08-23T10:24:46+00:00,2048,1024,equirectangular
450742378,08,vimeo,cc-by,https://vimeo.com/450742378,2020-08-23T10:24:46+00:00,2048,1024,equirectangular
256178189,01,vimeo,cc-by,https://vimeo.com/256178189,2018-02-17T04:12:54+00:00,1920,960,equirectangular
265223194,00,vimeo,cc-by,https://vimeo.com/265223194,2018-04-17T16:27:46+00:00,2048,1024,equirectangular
495633398,03,vimeo,cc-by-sa,https://vimeo.com/495633398,2020-12-30T00:57:53+00:00,2048,1024,equirectangular
495633398,09,vimeo,cc-by-sa,https://vimeo.com/495633398,2020-12-30T00:57:53+00:00,2048,1024,equirectangular
495633398,07,vimeo,cc-by-sa,https://vimeo.com/495633398,2020-12-30T00:57:53+00:00,2048,1024,equirectangular
495633398,05,vimeo,cc-by-sa,https://vimeo.com/495633398,2020-12-30T00:57:53+00:00,2048,1024,equirectangular
495633398,01,vimeo,cc-by-sa,https://vimeo.com/495633398,2020-12-30T00:57:53+00:00,2048,1024,equirectangular
495633398,06,vimeo,cc-by-sa,https://vimeo.com/495633398,2020-12-30T00:57:53+00:00,2048,1024,equirectangular
495633398,04,vimeo,cc-by-sa,https://vimeo.com/495633398,2020-12-30T00:57:53+00:00,2048,1024,equirectangular
495633398,08,vimeo,cc-by-sa,https://vimeo.com/495633398,2020-12-30T00:57:53+00:00,2048,1024,equirectangular
495633398,02,vimeo,cc-by-sa,https://vimeo.com/495633398,2020-12-30T00:57:53+00:00,2048,1024,equirectangular
227883287,00,vimeo,cc-cc0,https://vimeo.com/227883287,2017-08-01T10:14:12+00:00,1280,720,equirectangular
227883287,01,vimeo,cc-cc0,https://vimeo.com/227883287,2017-08-01T10:14:12+00:00,1280,720,equirectangular
227883287,02,vimeo,cc-cc0,https://vimeo.com/227883287,2017-08-01T10:14:12+00:00,1280,720,equirectangular
682131864,00,vimeo,cc-by-nc,https://vimeo.com/682131864,2022-02-26T03:55:08+00:00,1920,1080,equirectangular
448443499,00,vimeo,cc-by-nc-nd,https://vimeo.com/448443499,2020-08-17T06:31:23+00:00,2048,1024,equirectangular
235495494,00,vimeo,cc-by-nc-nd,https://vimeo.com/235495494,2017-09-26T08:09:44+00:00,1920,960,equirectangular
235498449,00,vimeo,cc-by-nc-nd,https://vimeo.com/235498449,2017-09-26T08:32:26+00:00,1920,960,equirectangular
488227838,00,vimeo,cc-by,https://vimeo.com/488227838,2020-12-07T19:40:52+00:00,2048,1024,equirectangular
259517422,00,vimeo,cc-by-nc,https://vimeo.com/259517422,2018-03-11T01:51:19+00:00,2048,1024,equirectangular
259517422,01,vimeo,cc-by-nc,https://vimeo.com/259517422,2018-03-11T01:51:19+00:00,2048,1024,equirectangular
259517422,02,vimeo,cc-by-nc,https://vimeo.com/259517422,2018-03-11T01:51:19+00:00,2048,1024,equirectangular
265224869,00,vimeo,cc-by,https://vimeo.com/265224869,2018-04-17T16:36:24+00:00,2048,1024,equirectangular
391782247,03,vimeo,cc-by,https://vimeo.com/391782247,2020-02-16T10:47:44+00:00,2048,1024,equirectangular
391782247,09,vimeo,cc-by,https://vimeo.com/391782247,2020-02-16T10:47:44+00:00,2048,1024,equirectangular
391782247,07,vimeo,cc-by,https://vimeo.com/391782247,2020-02-16T10:47:44+00:00,2048,1024,equirectangular
391782247,05,vimeo,cc-by,https://vimeo.com/391782247,2020-02-16T10:47:44+00:00,2048,1024,equirectangular
391782247,01,vimeo,cc-by,https://vimeo.com/391782247,2020-02-16T10:47:44+00:00,2048,1024,equirectangular
391782247,06,vimeo,cc-by,https://vimeo.com/391782247,2020-02-16T10:47:44+00:00,2048,1024,equirectangular
391782247,04,vimeo,cc-by,https://vimeo.com/391782247,2020-02-16T10:47:44+00:00,2048,1024,equirectangular
391782247,08,vimeo,cc-by,https://vimeo.com/391782247,2020-02-16T10:47:44+00:00,2048,1024,equirectangular
391782247,02,vimeo,cc-by,https://vimeo.com/391782247,2020-02-16T10:47:44+00:00,2048,1024,equirectangular
217295592,00,vimeo,cc-by-sa,https://vimeo.com/217295592,2017-05-13T13:12:40+00:00,1920,1080,equirectangular
269692173,00,vimeo,cc-by-nc-sa,https://vimeo.com/269692173,2018-05-14T17:54:40+00:00,2048,1024,equirectangular
753621672,00,vimeo,cc-by,https://vimeo.com/753621672,2022-09-25T20:41:59+00:00,2048,1024,equirectangular
236198016,03,vimeo,cc-by,https://vimeo.com/236198016,2017-09-30T09:26:44+00:00,2048,1024,equirectangular
236198016,10,vimeo,cc-by,https://vimeo.com/236198016,2017-09-30T09:26:44+00:00,2048,1024,equirectangular
236198016,09,vimeo,cc-by,https://vimeo.com/236198016,2017-09-30T09:26:44+00:00,2048,1024,equirectangular
236198016,11,vimeo,cc-by,https://vimeo.com/236198016,2017-09-30T09:26:44+00:00,2048,1024,equirectangular
236198016,05,vimeo,cc-by,https://vimeo.com/236198016,2017-09-30T09:26:44+00:00,2048,1024,equirectangular
236198016,06,vimeo,cc-by,https://vimeo.com/236198016,2017-09-30T09:26:44+00:00,2048,1024,equirectangular
236198016,04,vimeo,cc-by,https://vimeo.com/236198016,2017-09-30T09:26:44+00:00,2048,1024,equirectangular
236198016,08,vimeo,cc-by,https://vimeo.com/236198016,2017-09-30T09:26:44+00:00,2048,1024,equirectangular
654083530,03,vimeo,cc-by-nc-nd,https://vimeo.com/654083530,2021-12-07T12:23:49+00:00,2048,1024,equirectangular
654083530,05,vimeo,cc-by-nc-nd,https://vimeo.com/654083530,2021-12-07T12:23:49+00:00,2048,1024,equirectangular
237663042,03,vimeo,cc-by-nc-sa,https://vimeo.com/237663042,2017-10-10T23:36:27+00:00,2048,1024,equirectangular
486598111,30,vimeo,cc-by,https://vimeo.com/486598111,2020-12-02T22:40:39+00:00,2048,1024,equirectangular
486598111,34,vimeo,cc-by,https://vimeo.com/486598111,2020-12-02T22:40:39+00:00,2048,1024,equirectangular
486598111,15,vimeo,cc-by,https://vimeo.com/486598111,2020-12-02T22:40:39+00:00,2048,1024,equirectangular
486598111,22,vimeo,cc-by,https://vimeo.com/486598111,2020-12-02T22:40:39+00:00,2048,1024,equirectangular
486598111,03,vimeo,cc-by,https://vimeo.com/486598111,2020-12-02T22:40:39+00:00,2048,1024,equirectangular
486598111,23,vimeo,cc-by,https://vimeo.com/486598111,2020-12-02T22:40:39+00:00,2048,1024,equirectangular
486598111,10,vimeo,cc-by,https://vimeo.com/486598111,2020-12-02T22:40:39+00:00,2048,1024,equirectangular
486598111,13,vimeo,cc-by,https://vimeo.com/486598111,2020-12-02T22:40:39+00:00,2048,1024,equirectangular
486598111,17,vimeo,cc-by,https://vimeo.com/486598111,2020-12-02T22:40:39+00:00,2048,1024,equirectangular
486598111,36,vimeo,cc-by,https://vimeo.com/486598111,2020-12-02T22:40:39+00:00,2048,1024,equirectangular
486598111,31,vimeo,cc-by,https://vimeo.com/486598111,2020-12-02T22:40:39+00:00,2048,1024,equirectangular
486598111,16,vimeo,cc-by,https://vimeo.com/486598111,2020-12-02T22:40:39+00:00,2048,1024,equirectangular
486598111,35,vimeo,cc-by,https://vimeo.com/486598111,2020-12-02T22:40:39+00:00,2048,1024,equirectangular
486598111,25,vimeo,cc-by,https://vimeo.com/486598111,2020-12-02T22:40:39+00:00,2048,1024,equirectangular
486598111,18,vimeo,cc-by,https://vimeo.com/486598111,2020-12-02T22:40:39+00:00,2048,1024,equirectangular
486598111,24,vimeo,cc-by,https://vimeo.com/486598111,2020-12-02T22:40:39+00:00,2048,1024,equirectangular
486598111,09,vimeo,cc-by,https://vimeo.com/486598111,2020-12-02T22:40:39+00:00,2048,1024,equirectangular
486598111,26,vimeo,cc-by,https://vimeo.com/486598111,2020-12-02T22:40:39+00:00,2048,1024,equirectangular
486598111,29,vimeo,cc-by,https://vimeo.com/486598111,2020-12-02T22:40:39+00:00,2048,1024,equirectangular
486598111,37,vimeo,cc-by,https://vimeo.com/486598111,2020-12-02T22:40:39+00:00,2048,1024,equirectangular
486598111,28,vimeo,cc-by,https://vimeo.com/486598111,2020-12-02T22:40:39+00:00,2048,1024,equirectangular
486598111,33,vimeo,cc-by,https://vimeo.com/486598111,2020-12-02T22:40:39+00:00,2048,1024,equirectangular
486598111,05,vimeo,cc-by,https://vimeo.com/486598111,2020-12-02T22:40:39+00:00,2048,1024,equirectangular
486598111,20,vimeo,cc-by,https://vimeo.com/486598111,2020-12-02T22:40:39+00:00,2048,1024,equirectangular
486598111,12,vimeo,cc-by,https://vimeo.com/486598111,2020-12-02T22:40:39+00:00,2048,1024,equirectangular
486598111,14,vimeo,cc-by,https://vimeo.com/486598111,2020-12-02T22:40:39+00:00,2048,1024,equirectangular
486598111,01,vimeo,cc-by,https://vimeo.com/486598111,2020-12-02T22:40:39+00:00,2048,1024,equirectangular
486598111,32,vimeo,cc-by,https://vimeo.com/486598111,2020-12-02T22:40:39+00:00,2048,1024,equirectangular
486598111,06,vimeo,cc-by,https://vimeo.com/486598111,2020-12-02T22:40:39+00:00,2048,1024,equirectangular
486598111,04,vimeo,cc-by,https://vimeo.com/486598111,2020-12-02T22:40:39+00:00,2048,1024,equirectangular
486598111,19,vimeo,cc-by,https://vimeo.com/486598111,2020-12-02T22:40:39+00:00,2048,1024,equirectangular
486598111,27,vimeo,cc-by,https://vimeo.com/486598111,2020-12-02T22:40:39+00:00,2048,1024,equirectangular
486598111,08,vimeo,cc-by,https://vimeo.com/486598111,2020-12-02T22:40:39+00:00,2048,1024,equirectangular
486598111,02,vimeo,cc-by,https://vimeo.com/486598111,2020-12-02T22:40:39+00:00,2048,1024,equirectangular
486598111,38,vimeo,cc-by,https://vimeo.com/486598111,2020-12-02T22:40:39+00:00,2048,1024,equirectangular
486598111,21,vimeo,cc-by,https://vimeo.com/486598111,2020-12-02T22:40:39+00:00,2048,1024,equirectangular
522059251,00,vimeo,cc-by-nc-sa,https://vimeo.com/522059251,2021-03-10T21:09:08+00:00,2048,1024,equirectangular
238461264,00,vimeo,cc-by,https://vimeo.com/238461264,2017-10-16T19:21:29+00:00,2048,1024,equirectangular
495043907,00,vimeo,cc-by-nd,https://vimeo.com/495043907,2020-12-27T21:57:17+00:00,2048,1024,equirectangular
522375144,00,vimeo,cc-by,https://vimeo.com/522375144,2021-03-11T15:16:39+00:00,2048,1024,equirectangular
690353816,64,vimeo,cc-by-nc-sa,https://vimeo.com/690353816,2022-03-21T02:24:29+00:00,2048,1024,equirectangular
690353816,129,vimeo,cc-by-nc-sa,https://vimeo.com/690353816,2022-03-21T02:24:29+00:00,2048,1024,equirectangular
690353816,30,vimeo,cc-by-nc-sa,https://vimeo.com/690353816,2022-03-21T02:24:29+00:00,2048,1024,equirectangular
690353816,124,vimeo,cc-by-nc-sa,https://vimeo.com/690353816,2022-03-21T02:24:29+00:00,2048,1024,equirectangular
690353816,86,vimeo,cc-by-nc-sa,https://vimeo.com/690353816,2022-03-21T02:24:29+00:00,2048,1024,equirectangular
690353816,34,vimeo,cc-by-nc-sa,https://vimeo.com/690353816,2022-03-21T02:24:29+00:00,2048,1024,equirectangular
690353816,85,vimeo,cc-by-nc-sa,https://vimeo.com/690353816,2022-03-21T02:24:29+00:00,2048,1024,equirectangular
690353816,65,vimeo,cc-by-nc-sa,https://vimeo.com/690353816,2022-03-21T02:24:29+00:00,2048,1024,equirectangular
690353816,91,vimeo,cc-by-nc-sa,https://vimeo.com/690353816,2022-03-21T02:24:29+00:00,2048,1024,equirectangular
690353816,99,vimeo,cc-by-nc-sa,https://vimeo.com/690353816,2022-03-21T02:24:29+00:00,2048,1024,equirectangular
690353816,22,vimeo,cc-by-nc-sa,https://vimeo.com/690353816,2022-03-21T02:24:29+00:00,2048,1024,equirectangular
690353816,110,vimeo,cc-by-nc-sa,https://vimeo.com/690353816,2022-03-21T02:24:29+00:00,2048,1024,equirectangular
690353816,71,vimeo,cc-by-nc-sa,https://vimeo.com/690353816,2022-03-21T02:24:29+00:00,2048,1024,equirectangular
690353816,104,vimeo,cc-by-nc-sa,https://vimeo.com/690353816,2022-03-21T02:24:29+00:00,2048,1024,equirectangular
690353816,23,vimeo,cc-by-nc-sa,https://vimeo.com/690353816,2022-03-21T02:24:29+00:00,2048,1024,equirectangular
690353816,52,vimeo,cc-by-nc-sa,https://vimeo.com/690353816,2022-03-21T02:24:29+00:00,2048,1024,equirectangular
690353816,10,vimeo,cc-by-nc-sa,https://vimeo.com/690353816,2022-03-21T02:24:29+00:00,2048,1024,equirectangular
690353816,95,vimeo,cc-by-nc-sa,https://vimeo.com/690353816,2022-03-21T02:24:29+00:00,2048,1024,equirectangular
690353816,131,vimeo,cc-by-nc-sa,https://vimeo.com/690353816,2022-03-21T02:24:29+00:00,2048,1024,equirectangular
690353816,90,vimeo,cc-by-nc-sa,https://vimeo.com/690353816,2022-03-21T02:24:29+00:00,2048,1024,equirectangular
690353816,58,vimeo,cc-by-nc-sa,https://vimeo.com/690353816,2022-03-21T02:24:29+00:00,2048,1024,equirectangular
690353816,132,vimeo,cc-by-nc-sa,https://vimeo.com/690353816,2022-03-21T02:24:29+00:00,2048,1024,equirectangular
690353816,122,vimeo,cc-by-nc-sa,https://vimeo.com/690353816,2022-03-21T02:24:29+00:00,2048,1024,equirectangular
690353816,92,vimeo,cc-by-nc-sa,https://vimeo.com/690353816,2022-03-21T02:24:29+00:00,2048,1024,equirectangular
690353816,17,vimeo,cc-by-nc-sa,https://vimeo.com/690353816,2022-03-21T02:24:29+00:00,2048,1024,equirectangular
690353816,36,vimeo,cc-by-nc-sa,https://vimeo.com/690353816,2022-03-21T02:24:29+00:00,2048,1024,equirectangular
690353816,103,vimeo,cc-by-nc-sa,https://vimeo.com/690353816,2022-03-21T02:24:29+00:00,2048,1024,equirectangular
690353816,45,vimeo,cc-by-nc-sa,https://vimeo.com/690353816,2022-03-21T02:24:29+00:00,2048,1024,equirectangular
690353816,74,vimeo,cc-by-nc-sa,https://vimeo.com/690353816,2022-03-21T02:24:29+00:00,2048,1024,equirectangular
690353816,31,vimeo,cc-by-nc-sa,https://vimeo.com/690353816,2022-03-21T02:24:29+00:00,2048,1024,equirectangular
690353816,100,vimeo,cc-by-nc-sa,https://vimeo.com/690353816,2022-03-21T02:24:29+00:00,2048,1024,equirectangular
690353816,118,vimeo,cc-by-nc-sa,https://vimeo.com/690353816,2022-03-21T02:24:29+00:00,2048,1024,equirectangular
690353816,16,vimeo,cc-by-nc-sa,https://vimeo.com/690353816,2022-03-21T02:24:29+00:00,2048,1024,equirectangular
690353816,116,vimeo,cc-by-nc-sa,https://vimeo.com/690353816,2022-03-21T02:24:29+00:00,2048,1024,equirectangular
690353816,63,vimeo,cc-by-nc-sa,https://vimeo.com/690353816,2022-03-21T02:24:29+00:00,2048,1024,equirectangular
690353816,107,vimeo,cc-by-nc-sa,https://vimeo.com/690353816,2022-03-21T02:24:29+00:00,2048,1024,equirectangular
690353816,00,vimeo,cc-by-nc-sa,https://vimeo.com/690353816,2022-03-21T02:24:29+00:00,2048,1024,equirectangular
690353816,25,vimeo,cc-by-nc-sa,https://vimeo.com/690353816,2022-03-21T02:24:29+00:00,2048,1024,equirectangular
690353816,88,vimeo,cc-by-nc-sa,https://vimeo.com/690353816,2022-03-21T02:24:29+00:00,2048,1024,equirectangular
690353816,18,vimeo,cc-by-nc-sa,https://vimeo.com/690353816,2022-03-21T02:24:29+00:00,2048,1024,equirectangular
690353816,93,vimeo,cc-by-nc-sa,https://vimeo.com/690353816,2022-03-21T02:24:29+00:00,2048,1024,equirectangular
690353816,24,vimeo,cc-by-nc-sa,https://vimeo.com/690353816,2022-03-21T02:24:29+00:00,2048,1024,equirectangular
690353816,70,vimeo,cc-by-nc-sa,https://vimeo.com/690353816,2022-03-21T02:24:29+00:00,2048,1024,equirectangular
690353816,09,vimeo,cc-by-nc-sa,https://vimeo.com/690353816,2022-03-21T02:24:29+00:00,2048,1024,equirectangular
690353816,87,vimeo,cc-by-nc-sa,https://vimeo.com/690353816,2022-03-21T02:24:29+00:00,2048,1024,equirectangular
690353816,41,vimeo,cc-by-nc-sa,https://vimeo.com/690353816,2022-03-21T02:24:29+00:00,2048,1024,equirectangular
690353816,54,vimeo,cc-by-nc-sa,https://vimeo.com/690353816,2022-03-21T02:24:29+00:00,2048,1024,equirectangular
690353816,07,vimeo,cc-by-nc-sa,https://vimeo.com/690353816,2022-03-21T02:24:29+00:00,2048,1024,equirectangular
690353816,29,vimeo,cc-by-nc-sa,https://vimeo.com/690353816,2022-03-21T02:24:29+00:00,2048,1024,equirectangular
690353816,37,vimeo,cc-by-nc-sa,https://vimeo.com/690353816,2022-03-21T02:24:29+00:00,2048,1024,equirectangular
690353816,79,vimeo,cc-by-nc-sa,https://vimeo.com/690353816,2022-03-21T02:24:29+00:00,2048,1024,equirectangular
690353816,28,vimeo,cc-by-nc-sa,https://vimeo.com/690353816,2022-03-21T02:24:29+00:00,2048,1024,equirectangular
690353816,102,vimeo,cc-by-nc-sa,https://vimeo.com/690353816,2022-03-21T02:24:29+00:00,2048,1024,equirectangular
690353816,82,vimeo,cc-by-nc-sa,https://vimeo.com/690353816,2022-03-21T02:24:29+00:00,2048,1024,equirectangular
690353816,73,vimeo,cc-by-nc-sa,https://vimeo.com/690353816,2022-03-21T02:24:29+00:00,2048,1024,equirectangular
690353816,106,vimeo,cc-by-nc-sa,https://vimeo.com/690353816,2022-03-21T02:24:29+00:00,2048,1024,equirectangular
690353816,12,vimeo,cc-by-nc-sa,https://vimeo.com/690353816,2022-03-21T02:24:29+00:00,2048,1024,equirectangular
690353816,67,vimeo,cc-by-nc-sa,https://vimeo.com/690353816,2022-03-21T02:24:29+00:00,2048,1024,equirectangular
690353816,14,vimeo,cc-by-nc-sa,https://vimeo.com/690353816,2022-03-21T02:24:29+00:00,2048,1024,equirectangular
690353816,84,vimeo,cc-by-nc-sa,https://vimeo.com/690353816,2022-03-21T02:24:29+00:00,2048,1024,equirectangular
690353816,32,vimeo,cc-by-nc-sa,https://vimeo.com/690353816,2022-03-21T02:24:29+00:00,2048,1024,equirectangular
690353816,40,vimeo,cc-by-nc-sa,https://vimeo.com/690353816,2022-03-21T02:24:29+00:00,2048,1024,equirectangular
690353816,130,vimeo,cc-by-nc-sa,https://vimeo.com/690353816,2022-03-21T02:24:29+00:00,2048,1024,equirectangular
690353816,06,vimeo,cc-by-nc-sa,https://vimeo.com/690353816,2022-03-21T02:24:29+00:00,2048,1024,equirectangular
690353816,55,vimeo,cc-by-nc-sa,https://vimeo.com/690353816,2022-03-21T02:24:29+00:00,2048,1024,equirectangular
690353816,80,vimeo,cc-by-nc-sa,https://vimeo.com/690353816,2022-03-21T02:24:29+00:00,2048,1024,equirectangular
690353816,04,vimeo,cc-by-nc-sa,https://vimeo.com/690353816,2022-03-21T02:24:29+00:00,2048,1024,equirectangular
690353816,72,vimeo,cc-by-nc-sa,https://vimeo.com/690353816,2022-03-21T02:24:29+00:00,2048,1024,equirectangular
690353816,19,vimeo,cc-by-nc-sa,https://vimeo.com/690353816,2022-03-21T02:24:29+00:00,2048,1024,equirectangular
690353816,128,vimeo,cc-by-nc-sa,https://vimeo.com/690353816,2022-03-21T02:24:29+00:00,2048,1024,equirectangular
690353816,47,vimeo,cc-by-nc-sa,https://vimeo.com/690353816,2022-03-21T02:24:29+00:00,2048,1024,equirectangular
690353816,27,vimeo,cc-by-nc-sa,https://vimeo.com/690353816,2022-03-21T02:24:29+00:00,2048,1024,equirectangular
690353816,98,vimeo,cc-by-nc-sa,https://vimeo.com/690353816,2022-03-21T02:24:29+00:00,2048,1024,equirectangular
690353816,97,vimeo,cc-by-nc-sa,https://vimeo.com/690353816,2022-03-21T02:24:29+00:00,2048,1024,equirectangular
690353816,02,vimeo,cc-by-nc-sa,https://vimeo.com/690353816,2022-03-21T02:24:29+00:00,2048,1024,equirectangular
690353816,113,vimeo,cc-by-nc-sa,https://vimeo.com/690353816,2022-03-21T02:24:29+00:00,2048,1024,equirectangular
690353816,108,vimeo,cc-by-nc-sa,https://vimeo.com/690353816,2022-03-21T02:24:29+00:00,2048,1024,equirectangular
690353816,21,vimeo,cc-by-nc-sa,https://vimeo.com/690353816,2022-03-21T02:24:29+00:00,2048,1024,equirectangular
690353816,120,vimeo,cc-by-nc-sa,https://vimeo.com/690353816,2022-03-21T02:24:29+00:00,2048,1024,equirectangular
690353816,83,vimeo,cc-by-nc-sa,https://vimeo.com/690353816,2022-03-21T02:24:29+00:00,2048,1024,equirectangular
690353816,49,vimeo,cc-by-nc-sa,https://vimeo.com/690353816,2022-03-21T02:24:29+00:00,2048,1024,equirectangular
690353816,101,vimeo,cc-by-nc-sa,https://vimeo.com/690353816,2022-03-21T02:24:29+00:00,2048,1024,equirectangular
690353816,117,vimeo,cc-by-nc-sa,https://vimeo.com/690353816,2022-03-21T02:24:29+00:00,2048,1024,equirectangular
690353816,105,vimeo,cc-by-nc-sa,https://vimeo.com/690353816,2022-03-21T02:24:29+00:00,2048,1024,equirectangular
690353816,125,vimeo,cc-by-nc-sa,https://vimeo.com/690353816,2022-03-21T02:24:29+00:00,2048,1024,equirectangular
690353816,62,vimeo,cc-by-nc-sa,https://vimeo.com/690353816,2022-03-21T02:24:29+00:00,2048,1024,equirectangular
690353816,123,vimeo,cc-by-nc-sa,https://vimeo.com/690353816,2022-03-21T02:24:29+00:00,2048,1024,equirectangular
690353816,43,vimeo,cc-by-nc-sa,https://vimeo.com/690353816,2022-03-21T02:24:29+00:00,2048,1024,equirectangular
690353816,133,vimeo,cc-by-nc-sa,https://vimeo.com/690353816,2022-03-21T02:24:29+00:00,2048,1024,equirectangular
690353816,89,vimeo,cc-by-nc-sa,https://vimeo.com/690353816,2022-03-21T02:24:29+00:00,2048,1024,equirectangular
690353816,39,vimeo,cc-by-nc-sa,https://vimeo.com/690353816,2022-03-21T02:24:29+00:00,2048,1024,equirectangular
278000994,00,vimeo,cc-by-nc-sa,https://vimeo.com/278000994,2018-07-02T15:19:21+00:00,2048,1024,equirectangular
229838383,03,vimeo,cc-by-sa,https://vimeo.com/229838383,2017-08-16T11:46:06+00:00,1920,1080,equirectangular
229838383,00,vimeo,cc-by-sa,https://vimeo.com/229838383,2017-08-16T11:46:06+00:00,1920,1080,equirectangular
229838383,05,vimeo,cc-by-sa,https://vimeo.com/229838383,2017-08-16T11:46:06+00:00,1920,1080,equirectangular
229838383,01,vimeo,cc-by-sa,https://vimeo.com/229838383,2017-08-16T11:46:06+00:00,1920,1080,equirectangular
229838383,04,vimeo,cc-by-sa,https://vimeo.com/229838383,2017-08-16T11:46:06+00:00,1920,1080,equirectangular
229838383,02,vimeo,cc-by-sa,https://vimeo.com/229838383,2017-08-16T11:46:06+00:00,1920,1080,equirectangular
259183525,00,vimeo,cc-by-nc-nd,https://vimeo.com/259183525,2018-03-08T16:11:59+00:00,1920,1080,equirectangular
259183525,01,vimeo,cc-by-nc-nd,https://vimeo.com/259183525,2018-03-08T16:11:59+00:00,1920,1080,equirectangular
240682116,00,vimeo,cc-by,https://vimeo.com/240682116,2017-10-31T15:36:14+00:00,2048,1024,equirectangular
211179355,06,vimeo,cc-by-nd,https://vimeo.com/211179355,2017-04-02T13:38:57+00:00,1920,960,equirectangular
211179355,08,vimeo,cc-by-nd,https://vimeo.com/211179355,2017-04-02T13:38:57+00:00,1920,960,equirectangular
221107289,05,vimeo,cc-by-nc,https://vimeo.com/221107289,2017-06-10T21:35:10+00:00,1920,1080,equirectangular
221107289,06,vimeo,cc-by-nc,https://vimeo.com/221107289,2017-06-10T21:35:10+00:00,1920,1080,equirectangular
252860006,15,vimeo,cc-by-nc-nd,https://vimeo.com/252860006,2018-01-26T10:49:43+00:00,1080,540,equirectangular
252860006,22,vimeo,cc-by-nc-nd,https://vimeo.com/252860006,2018-01-26T10:49:43+00:00,1080,540,equirectangular
252860006,03,vimeo,cc-by-nc-nd,https://vimeo.com/252860006,2018-01-26T10:49:43+00:00,1080,540,equirectangular
252860006,23,vimeo,cc-by-nc-nd,https://vimeo.com/252860006,2018-01-26T10:49:43+00:00,1080,540,equirectangular
252860006,10,vimeo,cc-by-nc-nd,https://vimeo.com/252860006,2018-01-26T10:49:43+00:00,1080,540,equirectangular
252860006,13,vimeo,cc-by-nc-nd,https://vimeo.com/252860006,2018-01-26T10:49:43+00:00,1080,540,equirectangular
252860006,17,vimeo,cc-by-nc-nd,https://vimeo.com/252860006,2018-01-26T10:49:43+00:00,1080,540,equirectangular
252860006,16,vimeo,cc-by-nc-nd,https://vimeo.com/252860006,2018-01-26T10:49:43+00:00,1080,540,equirectangular
252860006,00,vimeo,cc-by-nc-nd,https://vimeo.com/252860006,2018-01-26T10:49:43+00:00,1080,540,equirectangular
252860006,18,vimeo,cc-by-nc-nd,https://vimeo.com/252860006,2018-01-26T10:49:43+00:00,1080,540,equirectangular
252860006,24,vimeo,cc-by-nc-nd,https://vimeo.com/252860006,2018-01-26T10:49:43+00:00,1080,540,equirectangular
252860006,09,vimeo,cc-by-nc-nd,https://vimeo.com/252860006,2018-01-26T10:49:43+00:00,1080,540,equirectangular
252860006,07,vimeo,cc-by-nc-nd,https://vimeo.com/252860006,2018-01-26T10:49:43+00:00,1080,540,equirectangular
252860006,11,vimeo,cc-by-nc-nd,https://vimeo.com/252860006,2018-01-26T10:49:43+00:00,1080,540,equirectangular
252860006,05,vimeo,cc-by-nc-nd,https://vimeo.com/252860006,2018-01-26T10:49:43+00:00,1080,540,equirectangular
252860006,20,vimeo,cc-by-nc-nd,https://vimeo.com/252860006,2018-01-26T10:49:43+00:00,1080,540,equirectangular
252860006,12,vimeo,cc-by-nc-nd,https://vimeo.com/252860006,2018-01-26T10:49:43+00:00,1080,540,equirectangular
252860006,14,vimeo,cc-by-nc-nd,https://vimeo.com/252860006,2018-01-26T10:49:43+00:00,1080,540,equirectangular
252860006,01,vimeo,cc-by-nc-nd,https://vimeo.com/252860006,2018-01-26T10:49:43+00:00,1080,540,equirectangular
252860006,06,vimeo,cc-by-nc-nd,https://vimeo.com/252860006,2018-01-26T10:49:43+00:00,1080,540,equirectangular
252860006,04,vimeo,cc-by-nc-nd,https://vimeo.com/252860006,2018-01-26T10:49:43+00:00,1080,540,equirectangular
252860006,19,vimeo,cc-by-nc-nd,https://vimeo.com/252860006,2018-01-26T10:49:43+00:00,1080,540,equirectangular
252860006,08,vimeo,cc-by-nc-nd,https://vimeo.com/252860006,2018-01-26T10:49:43+00:00,1080,540,equirectangular
252860006,02,vimeo,cc-by-nc-nd,https://vimeo.com/252860006,2018-01-26T10:49:43+00:00,1080,540,equirectangular
252860006,21,vimeo,cc-by-nc-nd,https://vimeo.com/252860006,2018-01-26T10:49:43+00:00,1080,540,equirectangular
237557769,00,vimeo,cc-by-nc-nd,https://vimeo.com/237557769,2017-10-10T12:06:08+00:00,1920,1080,equirectangular
237201985,00,vimeo,cc-by-nc-nd,https://vimeo.com/237201985,2017-10-07T12:26:43+00:00,1920,1080,equirectangular
356396919,03,vimeo,cc-by-nc,https://vimeo.com/356396919,2019-08-28T12:25:21+00:00,2048,1024,equirectangular
356396919,10,vimeo,cc-by-nc,https://vimeo.com/356396919,2019-08-28T12:25:21+00:00,2048,1024,equirectangular
356396919,00,vimeo,cc-by-nc,https://vimeo.com/356396919,2019-08-28T12:25:21+00:00,2048,1024,equirectangular
356396919,09,vimeo,cc-by-nc,https://vimeo.com/356396919,2019-08-28T12:25:21+00:00,2048,1024,equirectangular
356396919,07,vimeo,cc-by-nc,https://vimeo.com/356396919,2019-08-28T12:25:21+00:00,2048,1024,equirectangular
356396919,11,vimeo,cc-by-nc,https://vimeo.com/356396919,2019-08-28T12:25:21+00:00,2048,1024,equirectangular
356396919,05,vimeo,cc-by-nc,https://vimeo.com/356396919,2019-08-28T12:25:21+00:00,2048,1024,equirectangular
356396919,12,vimeo,cc-by-nc,https://vimeo.com/356396919,2019-08-28T12:25:21+00:00,2048,1024,equirectangular
356396919,01,vimeo,cc-by-nc,https://vimeo.com/356396919,2019-08-28T12:25:21+00:00,2048,1024,equirectangular
356396919,06,vimeo,cc-by-nc,https://vimeo.com/356396919,2019-08-28T12:25:21+00:00,2048,1024,equirectangular
356396919,04,vimeo,cc-by-nc,https://vimeo.com/356396919,2019-08-28T12:25:21+00:00,2048,1024,equirectangular
356396919,08,vimeo,cc-by-nc,https://vimeo.com/356396919,2019-08-28T12:25:21+00:00,2048,1024,equirectangular
356396919,02,vimeo,cc-by-nc,https://vimeo.com/356396919,2019-08-28T12:25:21+00:00,2048,1024,equirectangular
207633543,03,vimeo,cc-by-nc-nd,https://vimeo.com/207633543,2017-03-09T14:15:35+00:00,1920,960,equirectangular
207633543,00,vimeo,cc-by-nc-nd,https://vimeo.com/207633543,2017-03-09T14:15:35+00:00,1920,960,equirectangular
207633543,01,vimeo,cc-by-nc-nd,https://vimeo.com/207633543,2017-03-09T14:15:35+00:00,1920,960,equirectangular
207633543,02,vimeo,cc-by-nc-nd,https://vimeo.com/207633543,2017-03-09T14:15:35+00:00,1920,960,equirectangular
288559437,00,vimeo,cc-by-nd,https://vimeo.com/288559437,2018-09-06T15:06:25+00:00,1920,1080,equirectangular
246950003,00,vimeo,cc-by-sa,https://vimeo.com/246950003,2017-12-12T11:51:43+00:00,1920,960,equirectangular
442701113,00,vimeo,cc-by,https://vimeo.com/442701113,2020-07-29T13:17:17+00:00,2048,1024,equirectangular
442701113,01,vimeo,cc-by,https://vimeo.com/442701113,2020-07-29T13:17:17+00:00,2048,1024,equirectangular
442701113,02,vimeo,cc-by,https://vimeo.com/442701113,2020-07-29T13:17:17+00:00,2048,1024,equirectangular
448518100,03,vimeo,cc-by-nd,https://vimeo.com/448518100,2020-08-17T12:24:26+00:00,2048,1024,equirectangular
448518100,00,vimeo,cc-by-nd,https://vimeo.com/448518100,2020-08-17T12:24:26+00:00,2048,1024,equirectangular
448518100,01,vimeo,cc-by-nd,https://vimeo.com/448518100,2020-08-17T12:24:26+00:00,2048,1024,equirectangular
448518100,02,vimeo,cc-by-nd,https://vimeo.com/448518100,2020-08-17T12:24:26+00:00,2048,1024,equirectangular
212911501,00,vimeo,cc-by-nc-nd,https://vimeo.com/212911501,2017-04-12T13:07:51+00:00,1920,960,equirectangular
208579414,00,vimeo,cc-by-nd,https://vimeo.com/208579414,2017-03-15T23:25:05+00:00,960,480,equirectangular
210761260,03,vimeo,cc-by-nc-sa,https://vimeo.com/210761260,2017-03-30T12:36:43+00:00,1920,960,equirectangular
210761260,00,vimeo,cc-by-nc-sa,https://vimeo.com/210761260,2017-03-30T12:36:43+00:00,1920,960,equirectangular
210761260,05,vimeo,cc-by-nc-sa,https://vimeo.com/210761260,2017-03-30T12:36:43+00:00,1920,960,equirectangular
210761260,01,vimeo,cc-by-nc-sa,https://vimeo.com/210761260,2017-03-30T12:36:43+00:00,1920,960,equirectangular
210761260,06,vimeo,cc-by-nc-sa,https://vimeo.com/210761260,2017-03-30T12:36:43+00:00,1920,960,equirectangular
210761260,04,vimeo,cc-by-nc-sa,https://vimeo.com/210761260,2017-03-30T12:36:43+00:00,1920,960,equirectangular
210761260,02,vimeo,cc-by-nc-sa,https://vimeo.com/210761260,2017-03-30T12:36:43+00:00,1920,960,equirectangular
346516518,03,vimeo,cc-by,https://vimeo.com/346516518,2019-07-06T07:52:27+00:00,2048,1024,equirectangular
346516518,01,vimeo,cc-by,https://vimeo.com/346516518,2019-07-06T07:52:27+00:00,2048,1024,equirectangular
346516518,04,vimeo,cc-by,https://vimeo.com/346516518,2019-07-06T07:52:27+00:00,2048,1024,equirectangular
346516518,02,vimeo,cc-by,https://vimeo.com/346516518,2019-07-06T07:52:27+00:00,2048,1024,equirectangular
348054075,03,vimeo,cc-by,https://vimeo.com/348054075,2019-07-14T19:22:15+00:00,2048,1024,equirectangular
348054075,09,vimeo,cc-by,https://vimeo.com/348054075,2019-07-14T19:22:15+00:00,2048,1024,equirectangular
348054075,07,vimeo,cc-by,https://vimeo.com/348054075,2019-07-14T19:22:15+00:00,2048,1024,equirectangular
348054075,05,vimeo,cc-by,https://vimeo.com/348054075,2019-07-14T19:22:15+00:00,2048,1024,equirectangular
348054075,06,vimeo,cc-by,https://vimeo.com/348054075,2019-07-14T19:22:15+00:00,2048,1024,equirectangular
348054075,04,vimeo,cc-by,https://vimeo.com/348054075,2019-07-14T19:22:15+00:00,2048,1024,equirectangular
348054075,08,vimeo,cc-by,https://vimeo.com/348054075,2019-07-14T19:22:15+00:00,2048,1024,equirectangular
348054075,02,vimeo,cc-by,https://vimeo.com/348054075,2019-07-14T19:22:15+00:00,2048,1024,equirectangular
348053126,03,vimeo,cc-by,https://vimeo.com/348053126,2019-07-14T19:12:42+00:00,2048,1024,equirectangular
348053126,10,vimeo,cc-by,https://vimeo.com/348053126,2019-07-14T19:12:42+00:00,2048,1024,equirectangular
348053126,09,vimeo,cc-by,https://vimeo.com/348053126,2019-07-14T19:12:42+00:00,2048,1024,equirectangular
348053126,07,vimeo,cc-by,https://vimeo.com/348053126,2019-07-14T19:12:42+00:00,2048,1024,equirectangular
348053126,05,vimeo,cc-by,https://vimeo.com/348053126,2019-07-14T19:12:42+00:00,2048,1024,equirectangular
348053126,06,vimeo,cc-by,https://vimeo.com/348053126,2019-07-14T19:12:42+00:00,2048,1024,equirectangular
348053126,04,vimeo,cc-by,https://vimeo.com/348053126,2019-07-14T19:12:42+00:00,2048,1024,equirectangular
348053126,08,vimeo,cc-by,https://vimeo.com/348053126,2019-07-14T19:12:42+00:00,2048,1024,equirectangular
346195675,03,vimeo,cc-by,https://vimeo.com/346195675,2019-07-04T15:58:56+00:00,2048,1024,equirectangular
346195675,10,vimeo,cc-by,https://vimeo.com/346195675,2019-07-04T15:58:56+00:00,2048,1024,equirectangular
346195675,13,vimeo,cc-by,https://vimeo.com/346195675,2019-07-04T15:58:56+00:00,2048,1024,equirectangular
346195675,00,vimeo,cc-by,https://vimeo.com/346195675,2019-07-04T15:58:56+00:00,2048,1024,equirectangular
346195675,09,vimeo,cc-by,https://vimeo.com/346195675,2019-07-04T15:58:56+00:00,2048,1024,equirectangular
346195675,07,vimeo,cc-by,https://vimeo.com/346195675,2019-07-04T15:58:56+00:00,2048,1024,equirectangular
346195675,11,vimeo,cc-by,https://vimeo.com/346195675,2019-07-04T15:58:56+00:00,2048,1024,equirectangular
346195675,05,vimeo,cc-by,https://vimeo.com/346195675,2019-07-04T15:58:56+00:00,2048,1024,equirectangular
346195675,12,vimeo,cc-by,https://vimeo.com/346195675,2019-07-04T15:58:56+00:00,2048,1024,equirectangular
346195675,01,vimeo,cc-by,https://vimeo.com/346195675,2019-07-04T15:58:56+00:00,2048,1024,equirectangular
346195675,06,vimeo,cc-by,https://vimeo.com/346195675,2019-07-04T15:58:56+00:00,2048,1024,equirectangular
346195675,04,vimeo,cc-by,https://vimeo.com/346195675,2019-07-04T15:58:56+00:00,2048,1024,equirectangular
346195675,08,vimeo,cc-by,https://vimeo.com/346195675,2019-07-04T15:58:56+00:00,2048,1024,equirectangular
346195675,02,vimeo,cc-by,https://vimeo.com/346195675,2019-07-04T15:58:56+00:00,2048,1024,equirectangular
779197363,00,vimeo,cc-cc0,https://vimeo.com/779197363,2022-12-08T10:37:00+00:00,1080,608,equirectangular
362442640,00,vimeo,cc-by,https://vimeo.com/362442640,2019-09-26T00:17:48+00:00,1366,608,equirectangular
235878467,00,vimeo,cc-by-nc-nd,https://vimeo.com/235878467,2017-09-28T08:51:31+00:00,1920,1080,equirectangular
235690962,00,vimeo,cc-by-nc-nd,https://vimeo.com/235690962,2017-09-27T06:50:05+00:00,1920,1080,equirectangular
235757773,00,vimeo,cc-by-nc-nd,https://vimeo.com/235757773,2017-09-27T15:20:49+00:00,1920,1080,equirectangular
235754436,00,vimeo,cc-by-nc-nd,https://vimeo.com/235754436,2017-09-27T15:03:38+00:00,1920,1080,equirectangular
235895972,00,vimeo,cc-by-nc-nd,https://vimeo.com/235895972,2017-09-28T11:30:16+00:00,1920,1080,equirectangular
523538219,00,vimeo,cc-by,https://vimeo.com/523538219,2021-03-14T21:46:03+00:00,1920,960,equirectangular
309581148,00,vimeo,cc-by,https://vimeo.com/309581148,2019-01-05T02:43:00+00:00,1920,960,equirectangular
309584482,00,vimeo,cc-by,https://vimeo.com/309584482,2019-01-05T03:36:59+00:00,1920,960,equirectangular
304775336,00,vimeo,cc-cc0,https://vimeo.com/304775336,2018-12-06T08:45:26+00:00,2048,1024,equirectangular
336110253,03,vimeo,cc-by-nc-nd,https://vimeo.com/336110253,2019-05-14T14:10:51+00:00,2048,1024,equirectangular
336110253,00,vimeo,cc-by-nc-nd,https://vimeo.com/336110253,2019-05-14T14:10:51+00:00,2048,1024,equirectangular
336110253,01,vimeo,cc-by-nc-nd,https://vimeo.com/336110253,2019-05-14T14:10:51+00:00,2048,1024,equirectangular
336110253,04,vimeo,cc-by-nc-nd,https://vimeo.com/336110253,2019-05-14T14:10:51+00:00,2048,1024,equirectangular
336110253,02,vimeo,cc-by-nc-nd,https://vimeo.com/336110253,2019-05-14T14:10:51+00:00,2048,1024,equirectangular
208899724,03,vimeo,cc-by,https://vimeo.com/208899724,2017-03-17T21:05:34+00:00,1920,960,equirectangular
236930358,09,vimeo,cc-by-nc-sa,https://vimeo.com/236930358,2017-10-05T14:29:53+00:00,1080,540,equirectangular
236930358,07,vimeo,cc-by-nc-sa,https://vimeo.com/236930358,2017-10-05T14:29:53+00:00,1080,540,equirectangular
236930358,08,vimeo,cc-by-nc-sa,https://vimeo.com/236930358,2017-10-05T14:29:53+00:00,1080,540,equirectangular
270346786,01,vimeo,cc-by-nc,https://vimeo.com/270346786,2018-05-17T10:59:16+00:00,2048,1024,equirectangular
369962359,03,vimeo,cc-by-nc-sa,https://vimeo.com/369962359,2019-10-30T23:31:30+00:00,1080,540,equirectangular
369962359,10,vimeo,cc-by-nc-sa,https://vimeo.com/369962359,2019-10-30T23:31:30+00:00,1080,540,equirectangular
369962359,09,vimeo,cc-by-nc-sa,https://vimeo.com/369962359,2019-10-30T23:31:30+00:00,1080,540,equirectangular
390505223,15,vimeo,cc-by-nc,https://vimeo.com/390505223,2020-02-10T14:49:07+00:00,2048,1024,equirectangular
390505223,22,vimeo,cc-by-nc,https://vimeo.com/390505223,2020-02-10T14:49:07+00:00,2048,1024,equirectangular
390505223,03,vimeo,cc-by-nc,https://vimeo.com/390505223,2020-02-10T14:49:07+00:00,2048,1024,equirectangular
390505223,23,vimeo,cc-by-nc,https://vimeo.com/390505223,2020-02-10T14:49:07+00:00,2048,1024,equirectangular
390505223,10,vimeo,cc-by-nc,https://vimeo.com/390505223,2020-02-10T14:49:07+00:00,2048,1024,equirectangular
390505223,13,vimeo,cc-by-nc,https://vimeo.com/390505223,2020-02-10T14:49:07+00:00,2048,1024,equirectangular
390505223,17,vimeo,cc-by-nc,https://vimeo.com/390505223,2020-02-10T14:49:07+00:00,2048,1024,equirectangular
390505223,16,vimeo,cc-by-nc,https://vimeo.com/390505223,2020-02-10T14:49:07+00:00,2048,1024,equirectangular
390505223,00,vimeo,cc-by-nc,https://vimeo.com/390505223,2020-02-10T14:49:07+00:00,2048,1024,equirectangular
390505223,25,vimeo,cc-by-nc,https://vimeo.com/390505223,2020-02-10T14:49:07+00:00,2048,1024,equirectangular
390505223,18,vimeo,cc-by-nc,https://vimeo.com/390505223,2020-02-10T14:49:07+00:00,2048,1024,equirectangular
390505223,24,vimeo,cc-by-nc,https://vimeo.com/390505223,2020-02-10T14:49:07+00:00,2048,1024,equirectangular
390505223,09,vimeo,cc-by-nc,https://vimeo.com/390505223,2020-02-10T14:49:07+00:00,2048,1024,equirectangular
390505223,26,vimeo,cc-by-nc,https://vimeo.com/390505223,2020-02-10T14:49:07+00:00,2048,1024,equirectangular
390505223,07,vimeo,cc-by-nc,https://vimeo.com/390505223,2020-02-10T14:49:07+00:00,2048,1024,equirectangular
390505223,11,vimeo,cc-by-nc,https://vimeo.com/390505223,2020-02-10T14:49:07+00:00,2048,1024,equirectangular
390505223,20,vimeo,cc-by-nc,https://vimeo.com/390505223,2020-02-10T14:49:07+00:00,2048,1024,equirectangular
390505223,12,vimeo,cc-by-nc,https://vimeo.com/390505223,2020-02-10T14:49:07+00:00,2048,1024,equirectangular
390505223,14,vimeo,cc-by-nc,https://vimeo.com/390505223,2020-02-10T14:49:07+00:00,2048,1024,equirectangular
390505223,01,vimeo,cc-by-nc,https://vimeo.com/390505223,2020-02-10T14:49:07+00:00,2048,1024,equirectangular
390505223,06,vimeo,cc-by-nc,https://vimeo.com/390505223,2020-02-10T14:49:07+00:00,2048,1024,equirectangular
390505223,19,vimeo,cc-by-nc,https://vimeo.com/390505223,2020-02-10T14:49:07+00:00,2048,1024,equirectangular
390505223,08,vimeo,cc-by-nc,https://vimeo.com/390505223,2020-02-10T14:49:07+00:00,2048,1024,equirectangular
390505223,02,vimeo,cc-by-nc,https://vimeo.com/390505223,2020-02-10T14:49:07+00:00,2048,1024,equirectangular
390505223,21,vimeo,cc-by-nc,https://vimeo.com/390505223,2020-02-10T14:49:07+00:00,2048,1024,equirectangular
299721313,03,vimeo,cc-by-nc-sa,https://vimeo.com/299721313,2018-11-08T18:51:42+00:00,1080,540,equirectangular
299721313,00,vimeo,cc-by-nc-sa,https://vimeo.com/299721313,2018-11-08T18:51:42+00:00,1080,540,equirectangular
299721313,01,vimeo,cc-by-nc-sa,https://vimeo.com/299721313,2018-11-08T18:51:42+00:00,1080,540,equirectangular
299721313,02,vimeo,cc-by-nc-sa,https://vimeo.com/299721313,2018-11-08T18:51:42+00:00,1080,540,equirectangular
299720945,03,vimeo,cc-by-nc-sa,https://vimeo.com/299720945,2018-11-08T18:49:44+00:00,1080,540,equirectangular
299720945,00,vimeo,cc-by-nc-sa,https://vimeo.com/299720945,2018-11-08T18:49:44+00:00,1080,540,equirectangular
299720945,05,vimeo,cc-by-nc-sa,https://vimeo.com/299720945,2018-11-08T18:49:44+00:00,1080,540,equirectangular
299720945,01,vimeo,cc-by-nc-sa,https://vimeo.com/299720945,2018-11-08T18:49:44+00:00,1080,540,equirectangular
299720945,04,vimeo,cc-by-nc-sa,https://vimeo.com/299720945,2018-11-08T18:49:44+00:00,1080,540,equirectangular
299720945,02,vimeo,cc-by-nc-sa,https://vimeo.com/299720945,2018-11-08T18:49:44+00:00,1080,540,equirectangular
330503614,15,vimeo,cc-by-nc-sa,https://vimeo.com/330503614,2019-04-15T15:03:43+00:00,2048,1024,equirectangular
330503614,10,vimeo,cc-by-nc-sa,https://vimeo.com/330503614,2019-04-15T15:03:43+00:00,2048,1024,equirectangular
330503614,13,vimeo,cc-by-nc-sa,https://vimeo.com/330503614,2019-04-15T15:03:43+00:00,2048,1024,equirectangular
330503614,00,vimeo,cc-by-nc-sa,https://vimeo.com/330503614,2019-04-15T15:03:43+00:00,2048,1024,equirectangular
330503614,09,vimeo,cc-by-nc-sa,https://vimeo.com/330503614,2019-04-15T15:03:43+00:00,2048,1024,equirectangular
330503614,07,vimeo,cc-by-nc-sa,https://vimeo.com/330503614,2019-04-15T15:03:43+00:00,2048,1024,equirectangular
330503614,11,vimeo,cc-by-nc-sa,https://vimeo.com/330503614,2019-04-15T15:03:43+00:00,2048,1024,equirectangular
330503614,05,vimeo,cc-by-nc-sa,https://vimeo.com/330503614,2019-04-15T15:03:43+00:00,2048,1024,equirectangular
330503614,12,vimeo,cc-by-nc-sa,https://vimeo.com/330503614,2019-04-15T15:03:43+00:00,2048,1024,equirectangular
330503614,14,vimeo,cc-by-nc-sa,https://vimeo.com/330503614,2019-04-15T15:03:43+00:00,2048,1024,equirectangular
330503614,01,vimeo,cc-by-nc-sa,https://vimeo.com/330503614,2019-04-15T15:03:43+00:00,2048,1024,equirectangular
330503614,06,vimeo,cc-by-nc-sa,https://vimeo.com/330503614,2019-04-15T15:03:43+00:00,2048,1024,equirectangular
330503614,04,vimeo,cc-by-nc-sa,https://vimeo.com/330503614,2019-04-15T15:03:43+00:00,2048,1024,equirectangular
330503614,02,vimeo,cc-by-nc-sa,https://vimeo.com/330503614,2019-04-15T15:03:43+00:00,2048,1024,equirectangular
339647667,15,vimeo,cc-by-nc-sa,https://vimeo.com/339647667,2019-05-31T21:28:37+00:00,2048,1024,equirectangular
339647667,22,vimeo,cc-by-nc-sa,https://vimeo.com/339647667,2019-05-31T21:28:37+00:00,2048,1024,equirectangular
339647667,03,vimeo,cc-by-nc-sa,https://vimeo.com/339647667,2019-05-31T21:28:37+00:00,2048,1024,equirectangular
339647667,23,vimeo,cc-by-nc-sa,https://vimeo.com/339647667,2019-05-31T21:28:37+00:00,2048,1024,equirectangular
339647667,10,vimeo,cc-by-nc-sa,https://vimeo.com/339647667,2019-05-31T21:28:37+00:00,2048,1024,equirectangular
339647667,13,vimeo,cc-by-nc-sa,https://vimeo.com/339647667,2019-05-31T21:28:37+00:00,2048,1024,equirectangular
339647667,17,vimeo,cc-by-nc-sa,https://vimeo.com/339647667,2019-05-31T21:28:37+00:00,2048,1024,equirectangular
339647667,16,vimeo,cc-by-nc-sa,https://vimeo.com/339647667,2019-05-31T21:28:37+00:00,2048,1024,equirectangular
339647667,00,vimeo,cc-by-nc-sa,https://vimeo.com/339647667,2019-05-31T21:28:37+00:00,2048,1024,equirectangular
339647667,25,vimeo,cc-by-nc-sa,https://vimeo.com/339647667,2019-05-31T21:28:37+00:00,2048,1024,equirectangular
339647667,18,vimeo,cc-by-nc-sa,https://vimeo.com/339647667,2019-05-31T21:28:37+00:00,2048,1024,equirectangular
339647667,24,vimeo,cc-by-nc-sa,https://vimeo.com/339647667,2019-05-31T21:28:37+00:00,2048,1024,equirectangular
339647667,09,vimeo,cc-by-nc-sa,https://vimeo.com/339647667,2019-05-31T21:28:37+00:00,2048,1024,equirectangular
339647667,07,vimeo,cc-by-nc-sa,https://vimeo.com/339647667,2019-05-31T21:28:37+00:00,2048,1024,equirectangular
339647667,11,vimeo,cc-by-nc-sa,https://vimeo.com/339647667,2019-05-31T21:28:37+00:00,2048,1024,equirectangular
339647667,05,vimeo,cc-by-nc-sa,https://vimeo.com/339647667,2019-05-31T21:28:37+00:00,2048,1024,equirectangular
339647667,20,vimeo,cc-by-nc-sa,https://vimeo.com/339647667,2019-05-31T21:28:37+00:00,2048,1024,equirectangular
339647667,12,vimeo,cc-by-nc-sa,https://vimeo.com/339647667,2019-05-31T21:28:37+00:00,2048,1024,equirectangular
339647667,14,vimeo,cc-by-nc-sa,https://vimeo.com/339647667,2019-05-31T21:28:37+00:00,2048,1024,equirectangular
339647667,01,vimeo,cc-by-nc-sa,https://vimeo.com/339647667,2019-05-31T21:28:37+00:00,2048,1024,equirectangular
339647667,06,vimeo,cc-by-nc-sa,https://vimeo.com/339647667,2019-05-31T21:28:37+00:00,2048,1024,equirectangular
339647667,04,vimeo,cc-by-nc-sa,https://vimeo.com/339647667,2019-05-31T21:28:37+00:00,2048,1024,equirectangular
339647667,19,vimeo,cc-by-nc-sa,https://vimeo.com/339647667,2019-05-31T21:28:37+00:00,2048,1024,equirectangular
339647667,08,vimeo,cc-by-nc-sa,https://vimeo.com/339647667,2019-05-31T21:28:37+00:00,2048,1024,equirectangular
339647667,02,vimeo,cc-by-nc-sa,https://vimeo.com/339647667,2019-05-31T21:28:37+00:00,2048,1024,equirectangular
339647667,21,vimeo,cc-by-nc-sa,https://vimeo.com/339647667,2019-05-31T21:28:37+00:00,2048,1024,equirectangular
369962080,03,vimeo,cc-by-nc-sa,https://vimeo.com/369962080,2019-10-30T23:29:48+00:00,1080,540,equirectangular
369962080,00,vimeo,cc-by-nc-sa,https://vimeo.com/369962080,2019-10-30T23:29:48+00:00,1080,540,equirectangular
369962080,07,vimeo,cc-by-nc-sa,https://vimeo.com/369962080,2019-10-30T23:29:48+00:00,1080,540,equirectangular
369962080,05,vimeo,cc-by-nc-sa,https://vimeo.com/369962080,2019-10-30T23:29:48+00:00,1080,540,equirectangular
369962080,01,vimeo,cc-by-nc-sa,https://vimeo.com/369962080,2019-10-30T23:29:48+00:00,1080,540,equirectangular
369962080,06,vimeo,cc-by-nc-sa,https://vimeo.com/369962080,2019-10-30T23:29:48+00:00,1080,540,equirectangular
369962080,04,vimeo,cc-by-nc-sa,https://vimeo.com/369962080,2019-10-30T23:29:48+00:00,1080,540,equirectangular
369962080,02,vimeo,cc-by-nc-sa,https://vimeo.com/369962080,2019-10-30T23:29:48+00:00,1080,540,equirectangular
333180986,15,vimeo,cc-by-nc-sa,https://vimeo.com/333180986,2019-04-29T19:23:26+00:00,2048,1024,equirectangular
333180986,03,vimeo,cc-by-nc-sa,https://vimeo.com/333180986,2019-04-29T19:23:26+00:00,2048,1024,equirectangular
333180986,10,vimeo,cc-by-nc-sa,https://vimeo.com/333180986,2019-04-29T19:23:26+00:00,2048,1024,equirectangular
333180986,13,vimeo,cc-by-nc-sa,https://vimeo.com/333180986,2019-04-29T19:23:26+00:00,2048,1024,equirectangular
333180986,17,vimeo,cc-by-nc-sa,https://vimeo.com/333180986,2019-04-29T19:23:26+00:00,2048,1024,equirectangular
333180986,16,vimeo,cc-by-nc-sa,https://vimeo.com/333180986,2019-04-29T19:23:26+00:00,2048,1024,equirectangular
333180986,00,vimeo,cc-by-nc-sa,https://vimeo.com/333180986,2019-04-29T19:23:26+00:00,2048,1024,equirectangular
333180986,09,vimeo,cc-by-nc-sa,https://vimeo.com/333180986,2019-04-29T19:23:26+00:00,2048,1024,equirectangular
333180986,07,vimeo,cc-by-nc-sa,https://vimeo.com/333180986,2019-04-29T19:23:26+00:00,2048,1024,equirectangular
333180986,11,vimeo,cc-by-nc-sa,https://vimeo.com/333180986,2019-04-29T19:23:26+00:00,2048,1024,equirectangular
333180986,05,vimeo,cc-by-nc-sa,https://vimeo.com/333180986,2019-04-29T19:23:26+00:00,2048,1024,equirectangular
333180986,12,vimeo,cc-by-nc-sa,https://vimeo.com/333180986,2019-04-29T19:23:26+00:00,2048,1024,equirectangular
333180986,14,vimeo,cc-by-nc-sa,https://vimeo.com/333180986,2019-04-29T19:23:26+00:00,2048,1024,equirectangular
333180986,01,vimeo,cc-by-nc-sa,https://vimeo.com/333180986,2019-04-29T19:23:26+00:00,2048,1024,equirectangular
333180986,06,vimeo,cc-by-nc-sa,https://vimeo.com/333180986,2019-04-29T19:23:26+00:00,2048,1024,equirectangular
333180986,04,vimeo,cc-by-nc-sa,https://vimeo.com/333180986,2019-04-29T19:23:26+00:00,2048,1024,equirectangular
333180986,08,vimeo,cc-by-nc-sa,https://vimeo.com/333180986,2019-04-29T19:23:26+00:00,2048,1024,equirectangular
333180986,02,vimeo,cc-by-nc-sa,https://vimeo.com/333180986,2019-04-29T19:23:26+00:00,2048,1024,equirectangular
321092847,03,vimeo,cc-by-nc-sa,https://vimeo.com/321092847,2019-03-03T19:10:11+00:00,2048,1028,equirectangular
321092847,10,vimeo,cc-by-nc-sa,https://vimeo.com/321092847,2019-03-03T19:10:11+00:00,2048,1028,equirectangular
321092847,09,vimeo,cc-by-nc-sa,https://vimeo.com/321092847,2019-03-03T19:10:11+00:00,2048,1028,equirectangular
321092847,07,vimeo,cc-by-nc-sa,https://vimeo.com/321092847,2019-03-03T19:10:11+00:00,2048,1028,equirectangular
321092847,11,vimeo,cc-by-nc-sa,https://vimeo.com/321092847,2019-03-03T19:10:11+00:00,2048,1028,equirectangular
321092847,05,vimeo,cc-by-nc-sa,https://vimeo.com/321092847,2019-03-03T19:10:11+00:00,2048,1028,equirectangular
321092847,01,vimeo,cc-by-nc-sa,https://vimeo.com/321092847,2019-03-03T19:10:11+00:00,2048,1028,equirectangular
321092847,06,vimeo,cc-by-nc-sa,https://vimeo.com/321092847,2019-03-03T19:10:11+00:00,2048,1028,equirectangular
321092847,04,vimeo,cc-by-nc-sa,https://vimeo.com/321092847,2019-03-03T19:10:11+00:00,2048,1028,equirectangular
321092847,08,vimeo,cc-by-nc-sa,https://vimeo.com/321092847,2019-03-03T19:10:11+00:00,2048,1028,equirectangular
321092847,02,vimeo,cc-by-nc-sa,https://vimeo.com/321092847,2019-03-03T19:10:11+00:00,2048,1028,equirectangular
243478489,00,vimeo,cc-by-nc-nd,https://vimeo.com/243478489,2017-11-18T23:34:40+00:00,2048,1024,equirectangular
302894001,03,vimeo,cc-by-nc-sa,https://vimeo.com/302894001,2018-11-26T18:24:52+00:00,2048,1024,equirectangular
302894001,00,vimeo,cc-by-nc-sa,https://vimeo.com/302894001,2018-11-26T18:24:52+00:00,2048,1024,equirectangular
302894001,01,vimeo,cc-by-nc-sa,https://vimeo.com/302894001,2018-11-26T18:24:52+00:00,2048,1024,equirectangular
302894001,02,vimeo,cc-by-nc-sa,https://vimeo.com/302894001,2018-11-26T18:24:52+00:00,2048,1024,equirectangular
295197467,05,vimeo,cc-by,https://vimeo.com/295197467,2018-10-15T15:54:52+00:00,2048,1024,equirectangular
295197467,01,vimeo,cc-by,https://vimeo.com/295197467,2018-10-15T15:54:52+00:00,2048,1024,equirectangular
225992594,00,vimeo,cc-by-sa,https://vimeo.com/225992594,2017-07-18T12:59:09+00:00,1080,540,equirectangular
320895379,14,vimeo,cc-by-nc,https://vimeo.com/320895379,2019-03-02T05:09:49+00:00,2048,1024,equirectangular
320895379,08,vimeo,cc-by-nc,https://vimeo.com/320895379,2019-03-02T05:09:49+00:00,2048,1024,equirectangular
224118049,00,vimeo,cc-by,https://vimeo.com/224118049,2017-07-03T21:31:19+00:00,2048,1024,equirectangular
294039244,03,vimeo,cc-by-nc-nd,https://vimeo.com/294039244,2018-10-08T22:11:16+00:00,2048,1024,equirectangular
294039244,06,vimeo,cc-by-nc-nd,https://vimeo.com/294039244,2018-10-08T22:11:16+00:00,2048,1024,equirectangular
280937638,03,vimeo,cc-by-nc-nd,https://vimeo.com/280937638,2018-07-20T14:06:45+00:00,2048,1024,equirectangular
280937638,01,vimeo,cc-by-nc-nd,https://vimeo.com/280937638,2018-07-20T14:06:45+00:00,2048,1024,equirectangular
281813701,00,vimeo,cc-by-nc-nd,https://vimeo.com/281813701,2018-07-26T14:25:22+00:00,1920,1080,equirectangular
281813701,09,vimeo,cc-by-nc-nd,https://vimeo.com/281813701,2018-07-26T14:25:22+00:00,1920,1080,equirectangular
281813701,07,vimeo,cc-by-nc-nd,https://vimeo.com/281813701,2018-07-26T14:25:22+00:00,1920,1080,equirectangular
281813701,05,vimeo,cc-by-nc-nd,https://vimeo.com/281813701,2018-07-26T14:25:22+00:00,1920,1080,equirectangular
281813701,08,vimeo,cc-by-nc-nd,https://vimeo.com/281813701,2018-07-26T14:25:22+00:00,1920,1080,equirectangular
227110383,07,vimeo,cc-by-nc-nd,https://vimeo.com/227110383,2017-07-26T16:12:09+00:00,2048,1024,equirectangular
227110383,04,vimeo,cc-by-nc-nd,https://vimeo.com/227110383,2017-07-26T16:12:09+00:00,2048,1024,equirectangular
388452380,00,vimeo,cc-by,https://vimeo.com/388452380,2020-01-31T09:52:38+00:00,1080,540,equirectangular
237279094,15,vimeo,cc-by,https://vimeo.com/237279094,2017-10-08T11:58:58+00:00,2048,1024,equirectangular
237279094,03,vimeo,cc-by,https://vimeo.com/237279094,2017-10-08T11:58:58+00:00,2048,1024,equirectangular
237279094,10,vimeo,cc-by,https://vimeo.com/237279094,2017-10-08T11:58:58+00:00,2048,1024,equirectangular
237279094,07,vimeo,cc-by,https://vimeo.com/237279094,2017-10-08T11:58:58+00:00,2048,1024,equirectangular
237279094,11,vimeo,cc-by,https://vimeo.com/237279094,2017-10-08T11:58:58+00:00,2048,1024,equirectangular
237279094,05,vimeo,cc-by,https://vimeo.com/237279094,2017-10-08T11:58:58+00:00,2048,1024,equirectangular
237279094,12,vimeo,cc-by,https://vimeo.com/237279094,2017-10-08T11:58:58+00:00,2048,1024,equirectangular
237279094,06,vimeo,cc-by,https://vimeo.com/237279094,2017-10-08T11:58:58+00:00,2048,1024,equirectangular
237279094,04,vimeo,cc-by,https://vimeo.com/237279094,2017-10-08T11:58:58+00:00,2048,1024,equirectangular
237279094,02,vimeo,cc-by,https://vimeo.com/237279094,2017-10-08T11:58:58+00:00,2048,1024,equirectangular
207512648,01,vimeo,cc-by-nc-nd,https://vimeo.com/207512648,2017-03-08T19:41:42+00:00,1920,540,equirectangular
207514835,02,vimeo,cc-by-nc-nd,https://vimeo.com/207514835,2017-03-08T19:56:50+00:00,1080,540,equirectangular
238088415,00,vimeo,cc-by,https://vimeo.com/238088415,2017-10-13T15:50:57+00:00,1280,640,equirectangular
262204058,01,vimeo,cc-by-nc,https://vimeo.com/262204058,2018-03-28T13:20:05+00:00,2048,1024,equirectangular
361860134,15,vimeo,cc-by-nc,https://vimeo.com/361860134,2019-09-23T17:32:17+00:00,1080,540,equirectangular
361860134,03,vimeo,cc-by-nc,https://vimeo.com/361860134,2019-09-23T17:32:17+00:00,1080,540,equirectangular
361860134,17,vimeo,cc-by-nc,https://vimeo.com/361860134,2019-09-23T17:32:17+00:00,1080,540,equirectangular
361860134,00,vimeo,cc-by-nc,https://vimeo.com/361860134,2019-09-23T17:32:17+00:00,1080,540,equirectangular
361860134,05,vimeo,cc-by-nc,https://vimeo.com/361860134,2019-09-23T17:32:17+00:00,1080,540,equirectangular
361860134,06,vimeo,cc-by-nc,https://vimeo.com/361860134,2019-09-23T17:32:17+00:00,1080,540,equirectangular
361860134,04,vimeo,cc-by-nc,https://vimeo.com/361860134,2019-09-23T17:32:17+00:00,1080,540,equirectangular
361860134,19,vimeo,cc-by-nc,https://vimeo.com/361860134,2019-09-23T17:32:17+00:00,1080,540,equirectangular
361860134,08,vimeo,cc-by-nc,https://vimeo.com/361860134,2019-09-23T17:32:17+00:00,1080,540,equirectangular
262632664,00,vimeo,cc-by,https://vimeo.com/262632664,2018-03-31T10:49:32+00:00,2048,1024,equirectangular
373730967,00,vimeo,cc-by-nc,https://vimeo.com/373730967,2019-11-17T14:43:15+00:00,2048,1024,equirectangular
383878979,00,vimeo,cc-by-nc,https://vimeo.com/383878979,2020-01-09T23:57:40+00:00,2048,1024,equirectangular
208186829,00,vimeo,cc-by-nc-nd,https://vimeo.com/208186829,2017-03-13T18:50:58+00:00,1920,960,equirectangular
247570725,00,vimeo,cc-by-nc,https://vimeo.com/247570725,2017-12-16T00:40:34+00:00,2048,1024,equirectangular
384889903,01,vimeo,cc-by-nc-nd,https://vimeo.com/384889903,2020-01-14T22:57:02+00:00,2048,1024,equirectangular
221535188,01,vimeo,cc-by-nc-nd,https://vimeo.com/221535188,2017-06-14T05:30:24+00:00,2048,1024,equirectangular
217450897,01,vimeo,cc-by-nc-nd,https://vimeo.com/217450897,2017-05-15T06:52:48+00:00,1920,960,equirectangular
336118175,10,vimeo,cc-by,https://vimeo.com/336118175,2019-05-14T14:43:54+00:00,1280,720,equirectangular
336118175,00,vimeo,cc-by,https://vimeo.com/336118175,2019-05-14T14:43:54+00:00,1280,720,equirectangular
336118175,09,vimeo,cc-by,https://vimeo.com/336118175,2019-05-14T14:43:54+00:00,1280,720,equirectangular
336118175,05,vimeo,cc-by,https://vimeo.com/336118175,2019-05-14T14:43:54+00:00,1280,720,equirectangular
336118175,06,vimeo,cc-by,https://vimeo.com/336118175,2019-05-14T14:43:54+00:00,1280,720,equirectangular
336118175,04,vimeo,cc-by,https://vimeo.com/336118175,2019-05-14T14:43:54+00:00,1280,720,equirectangular
336118175,08,vimeo,cc-by,https://vimeo.com/336118175,2019-05-14T14:43:54+00:00,1280,720,equirectangular
336118175,02,vimeo,cc-by,https://vimeo.com/336118175,2019-05-14T14:43:54+00:00,1280,720,equirectangular
223489243,03,vimeo,cc-by-nc,https://vimeo.com/223489243,2017-06-28T17:21:02+00:00,2048,1024,equirectangular
223489243,01,vimeo,cc-by-nc,https://vimeo.com/223489243,2017-06-28T17:21:02+00:00,2048,1024,equirectangular
296974734,01,vimeo,cc-by-nc-nd,https://vimeo.com/296974734,2018-10-24T22:13:51+00:00,2048,1024,equirectangular
296974734,04,vimeo,cc-by-nc-nd,https://vimeo.com/296974734,2018-10-24T22:13:51+00:00,2048,1024,equirectangular
291723473,15,vimeo,cc-by-nc,https://vimeo.com/291723473,2018-09-25T15:04:18+00:00,2048,1024,equirectangular
291723473,03,vimeo,cc-by-nc,https://vimeo.com/291723473,2018-09-25T15:04:18+00:00,2048,1024,equirectangular
291723473,10,vimeo,cc-by-nc,https://vimeo.com/291723473,2018-09-25T15:04:18+00:00,2048,1024,equirectangular
291723473,13,vimeo,cc-by-nc,https://vimeo.com/291723473,2018-09-25T15:04:18+00:00,2048,1024,equirectangular
291723473,17,vimeo,cc-by-nc,https://vimeo.com/291723473,2018-09-25T15:04:18+00:00,2048,1024,equirectangular
291723473,16,vimeo,cc-by-nc,https://vimeo.com/291723473,2018-09-25T15:04:18+00:00,2048,1024,equirectangular
291723473,00,vimeo,cc-by-nc,https://vimeo.com/291723473,2018-09-25T15:04:18+00:00,2048,1024,equirectangular
291723473,18,vimeo,cc-by-nc,https://vimeo.com/291723473,2018-09-25T15:04:18+00:00,2048,1024,equirectangular
291723473,09,vimeo,cc-by-nc,https://vimeo.com/291723473,2018-09-25T15:04:18+00:00,2048,1024,equirectangular
291723473,07,vimeo,cc-by-nc,https://vimeo.com/291723473,2018-09-25T15:04:18+00:00,2048,1024,equirectangular
291723473,11,vimeo,cc-by-nc,https://vimeo.com/291723473,2018-09-25T15:04:18+00:00,2048,1024,equirectangular
291723473,05,vimeo,cc-by-nc,https://vimeo.com/291723473,2018-09-25T15:04:18+00:00,2048,1024,equirectangular
291723473,12,vimeo,cc-by-nc,https://vimeo.com/291723473,2018-09-25T15:04:18+00:00,2048,1024,equirectangular
291723473,14,vimeo,cc-by-nc,https://vimeo.com/291723473,2018-09-25T15:04:18+00:00,2048,1024,equirectangular
291723473,01,vimeo,cc-by-nc,https://vimeo.com/291723473,2018-09-25T15:04:18+00:00,2048,1024,equirectangular
291723473,06,vimeo,cc-by-nc,https://vimeo.com/291723473,2018-09-25T15:04:18+00:00,2048,1024,equirectangular
291723473,04,vimeo,cc-by-nc,https://vimeo.com/291723473,2018-09-25T15:04:18+00:00,2048,1024,equirectangular
291723473,19,vimeo,cc-by-nc,https://vimeo.com/291723473,2018-09-25T15:04:18+00:00,2048,1024,equirectangular
291723473,08,vimeo,cc-by-nc,https://vimeo.com/291723473,2018-09-25T15:04:18+00:00,2048,1024,equirectangular
291723473,02,vimeo,cc-by-nc,https://vimeo.com/291723473,2018-09-25T15:04:18+00:00,2048,1024,equirectangular
264706149,00,vimeo,cc-by,https://vimeo.com/264706149,2018-04-14T00:32:11+00:00,2048,1024,equirectangular
486584927,00,vimeo,cc-by-sa,https://vimeo.com/486584927,2020-12-02T21:56:11+00:00,2048,1024,equirectangular
486584927,01,vimeo,cc-by-sa,https://vimeo.com/486584927,2020-12-02T21:56:11+00:00,2048,1024,equirectangular
249725536,03,vimeo,cc-by-nc-sa,https://vimeo.com/249725536,2018-01-04T21:57:23+00:00,2048,1024,equirectangular
249725536,00,vimeo,cc-by-nc-sa,https://vimeo.com/249725536,2018-01-04T21:57:23+00:00,2048,1024,equirectangular
249725536,06,vimeo,cc-by-nc-sa,https://vimeo.com/249725536,2018-01-04T21:57:23+00:00,2048,1024,equirectangular
249725536,04,vimeo,cc-by-nc-sa,https://vimeo.com/249725536,2018-01-04T21:57:23+00:00,2048,1024,equirectangular
249725536,02,vimeo,cc-by-nc-sa,https://vimeo.com/249725536,2018-01-04T21:57:23+00:00,2048,1024,equirectangular
248253881,00,vimeo,cc-by-nc-sa,https://vimeo.com/248253881,2017-12-21T03:00:36+00:00,2048,1024,equirectangular
238615752,03,vimeo,cc-by-nc,https://vimeo.com/238615752,2017-10-17T16:27:39+00:00,1920,1080,equirectangular
238615752,05,vimeo,cc-by-nc,https://vimeo.com/238615752,2017-10-17T16:27:39+00:00,1920,1080,equirectangular
238615752,06,vimeo,cc-by-nc,https://vimeo.com/238615752,2017-10-17T16:27:39+00:00,1920,1080,equirectangular
238615752,04,vimeo,cc-by-nc,https://vimeo.com/238615752,2017-10-17T16:27:39+00:00,1920,1080,equirectangular
238615752,02,vimeo,cc-by-nc,https://vimeo.com/238615752,2017-10-17T16:27:39+00:00,1920,1080,equirectangular
207534741,00,vimeo,cc-by-nc-nd,https://vimeo.com/207534741,2017-03-08T22:15:37+00:00,1920,960,equirectangular
286481544,00,vimeo,cc-by,https://vimeo.com/286481544,2018-08-24T07:32:52+00:00,2048,1024,equirectangular
286481544,01,vimeo,cc-by,https://vimeo.com/286481544,2018-08-24T07:32:52+00:00,2048,1024,equirectangular
271092535,00,vimeo,cc-by,https://vimeo.com/271092535,2018-05-21T13:54:30+00:00,2048,1024,equirectangular
271092535,01,vimeo,cc-by,https://vimeo.com/271092535,2018-05-21T13:54:30+00:00,2048,1024,equirectangular
243506545,01,vimeo,cc-by-nd,https://vimeo.com/243506545,2017-11-19T09:44:40+00:00,1920,1080,equirectangular
243506545,02,vimeo,cc-by-nd,https://vimeo.com/243506545,2017-11-19T09:44:40+00:00,1920,1080,equirectangular
232817272,03,vimeo,cc-by-nc,https://vimeo.com/232817272,2017-09-07T12:36:05+00:00,2048,1024,equirectangular
232817272,00,vimeo,cc-by-nc,https://vimeo.com/232817272,2017-09-07T12:36:05+00:00,2048,1024,equirectangular
232817272,09,vimeo,cc-by-nc,https://vimeo.com/232817272,2017-09-07T12:36:05+00:00,2048,1024,equirectangular
232817272,07,vimeo,cc-by-nc,https://vimeo.com/232817272,2017-09-07T12:36:05+00:00,2048,1024,equirectangular
232817272,05,vimeo,cc-by-nc,https://vimeo.com/232817272,2017-09-07T12:36:05+00:00,2048,1024,equirectangular
232817272,01,vimeo,cc-by-nc,https://vimeo.com/232817272,2017-09-07T12:36:05+00:00,2048,1024,equirectangular
232817272,06,vimeo,cc-by-nc,https://vimeo.com/232817272,2017-09-07T12:36:05+00:00,2048,1024,equirectangular
232817272,04,vimeo,cc-by-nc,https://vimeo.com/232817272,2017-09-07T12:36:05+00:00,2048,1024,equirectangular
232817272,08,vimeo,cc-by-nc,https://vimeo.com/232817272,2017-09-07T12:36:05+00:00,2048,1024,equirectangular
232817272,02,vimeo,cc-by-nc,https://vimeo.com/232817272,2017-09-07T12:36:05+00:00,2048,1024,equirectangular
396107558,03,vimeo,cc-by-nc,https://vimeo.com/396107558,2020-03-07T05:35:45+00:00,2048,1024,equirectangular
396107558,00,vimeo,cc-by-nc,https://vimeo.com/396107558,2020-03-07T05:35:45+00:00,2048,1024,equirectangular
396107558,05,vimeo,cc-by-nc,https://vimeo.com/396107558,2020-03-07T05:35:45+00:00,2048,1024,equirectangular
396107558,01,vimeo,cc-by-nc,https://vimeo.com/396107558,2020-03-07T05:35:45+00:00,2048,1024,equirectangular
396107558,04,vimeo,cc-by-nc,https://vimeo.com/396107558,2020-03-07T05:35:45+00:00,2048,1024,equirectangular
396107558,02,vimeo,cc-by-nc,https://vimeo.com/396107558,2020-03-07T05:35:45+00:00,2048,1024,equirectangular
229932318,00,vimeo,cc-by,https://vimeo.com/229932318,2017-08-17T00:03:47+00:00,1080,540,equirectangular
234068818,03,vimeo,cc-by-nc-nd,https://vimeo.com/234068818,2017-09-15T22:02:45+00:00,2048,1024,equirectangular
234068818,00,vimeo,cc-by-nc-nd,https://vimeo.com/234068818,2017-09-15T22:02:45+00:00,2048,1024,equirectangular
234068818,05,vimeo,cc-by-nc-nd,https://vimeo.com/234068818,2017-09-15T22:02:45+00:00,2048,1024,equirectangular
234068818,01,vimeo,cc-by-nc-nd,https://vimeo.com/234068818,2017-09-15T22:02:45+00:00,2048,1024,equirectangular
234068818,04,vimeo,cc-by-nc-nd,https://vimeo.com/234068818,2017-09-15T22:02:45+00:00,2048,1024,equirectangular
234068818,02,vimeo,cc-by-nc-nd,https://vimeo.com/234068818,2017-09-15T22:02:45+00:00,2048,1024,equirectangular
213974968,03,vimeo,cc-by-nc,https://vimeo.com/213974968,2017-04-20T07:37:39+00:00,1920,960,equirectangular
213974968,00,vimeo,cc-by-nc,https://vimeo.com/213974968,2017-04-20T07:37:39+00:00,1920,960,equirectangular
213974968,05,vimeo,cc-by-nc,https://vimeo.com/213974968,2017-04-20T07:37:39+00:00,1920,960,equirectangular
213974968,01,vimeo,cc-by-nc,https://vimeo.com/213974968,2017-04-20T07:37:39+00:00,1920,960,equirectangular
213974968,06,vimeo,cc-by-nc,https://vimeo.com/213974968,2017-04-20T07:37:39+00:00,1920,960,equirectangular
213974968,04,vimeo,cc-by-nc,https://vimeo.com/213974968,2017-04-20T07:37:39+00:00,1920,960,equirectangular
213974968,02,vimeo,cc-by-nc,https://vimeo.com/213974968,2017-04-20T07:37:39+00:00,1920,960,equirectangular
232286288,05,vimeo,cc-by-nc-nd,https://vimeo.com/232286288,2017-09-04T03:54:47+00:00,2048,1024,equirectangular
232286288,01,vimeo,cc-by-nc-nd,https://vimeo.com/232286288,2017-09-04T03:54:47+00:00,2048,1024,equirectangular
232286288,06,vimeo,cc-by-nc-nd,https://vimeo.com/232286288,2017-09-04T03:54:47+00:00,2048,1024,equirectangular
232286288,04,vimeo,cc-by-nc-nd,https://vimeo.com/232286288,2017-09-04T03:54:47+00:00,2048,1024,equirectangular
232286288,02,vimeo,cc-by-nc-nd,https://vimeo.com/232286288,2017-09-04T03:54:47+00:00,2048,1024,equirectangular
656303645,15,vimeo,cc-by-nc-nd,https://vimeo.com/656303645,2021-12-13T20:45:53+00:00,2048,1024,equirectangular
656303645,03,vimeo,cc-by-nc-nd,https://vimeo.com/656303645,2021-12-13T20:45:53+00:00,2048,1024,equirectangular
656303645,10,vimeo,cc-by-nc-nd,https://vimeo.com/656303645,2021-12-13T20:45:53+00:00,2048,1024,equirectangular
656303645,13,vimeo,cc-by-nc-nd,https://vimeo.com/656303645,2021-12-13T20:45:53+00:00,2048,1024,equirectangular
656303645,00,vimeo,cc-by-nc-nd,https://vimeo.com/656303645,2021-12-13T20:45:53+00:00,2048,1024,equirectangular
656303645,09,vimeo,cc-by-nc-nd,https://vimeo.com/656303645,2021-12-13T20:45:53+00:00,2048,1024,equirectangular
656303645,07,vimeo,cc-by-nc-nd,https://vimeo.com/656303645,2021-12-13T20:45:53+00:00,2048,1024,equirectangular
656303645,11,vimeo,cc-by-nc-nd,https://vimeo.com/656303645,2021-12-13T20:45:53+00:00,2048,1024,equirectangular
656303645,05,vimeo,cc-by-nc-nd,https://vimeo.com/656303645,2021-12-13T20:45:53+00:00,2048,1024,equirectangular
656303645,12,vimeo,cc-by-nc-nd,https://vimeo.com/656303645,2021-12-13T20:45:53+00:00,2048,1024,equirectangular
656303645,14,vimeo,cc-by-nc-nd,https://vimeo.com/656303645,2021-12-13T20:45:53+00:00,2048,1024,equirectangular
656303645,01,vimeo,cc-by-nc-nd,https://vimeo.com/656303645,2021-12-13T20:45:53+00:00,2048,1024,equirectangular
656303645,06,vimeo,cc-by-nc-nd,https://vimeo.com/656303645,2021-12-13T20:45:53+00:00,2048,1024,equirectangular
656303645,04,vimeo,cc-by-nc-nd,https://vimeo.com/656303645,2021-12-13T20:45:53+00:00,2048,1024,equirectangular
656303645,08,vimeo,cc-by-nc-nd,https://vimeo.com/656303645,2021-12-13T20:45:53+00:00,2048,1024,equirectangular
656303645,02,vimeo,cc-by-nc-nd,https://vimeo.com/656303645,2021-12-13T20:45:53+00:00,2048,1024,equirectangular
290284777,00,vimeo,cc-by-nc-nd,https://vimeo.com/290284777,2018-09-17T14:02:38+00:00,1920,1080,equirectangular
290284777,01,vimeo,cc-by-nc-nd,https://vimeo.com/290284777,2018-09-17T14:02:38+00:00,1920,1080,equirectangular
268652171,07,vimeo,cc-by-nc-nd,https://vimeo.com/268652171,2018-05-08T19:05:10+00:00,2048,1024,equirectangular
268652171,05,vimeo,cc-by-nc-nd,https://vimeo.com/268652171,2018-05-08T19:05:10+00:00,2048,1024,equirectangular
268652171,06,vimeo,cc-by-nc-nd,https://vimeo.com/268652171,2018-05-08T19:05:10+00:00,2048,1024,equirectangular
268652171,08,vimeo,cc-by-nc-nd,https://vimeo.com/268652171,2018-05-08T19:05:10+00:00,2048,1024,equirectangular
385558767,00,vimeo,cc-by-sa,https://vimeo.com/385558767,2020-01-17T20:10:45+00:00,2000,1000,equirectangular
216702085,00,vimeo,cc-by,https://vimeo.com/216702085,2017-05-09T16:37:54+00:00,1280,720,equirectangular
736206560,07,vimeo,cc-cc0,https://vimeo.com/736206560,2022-08-03T15:57:05+00:00,2048,1024,equirectangular
736206560,05,vimeo,cc-cc0,https://vimeo.com/736206560,2022-08-03T15:57:05+00:00,2048,1024,equirectangular
736206560,06,vimeo,cc-cc0,https://vimeo.com/736206560,2022-08-03T15:57:05+00:00,2048,1024,equirectangular
736206560,02,vimeo,cc-cc0,https://vimeo.com/736206560,2022-08-03T15:57:05+00:00,2048,1024,equirectangular
337682290,09,vimeo,cc-by-nc-nd,https://vimeo.com/337682290,2019-05-22T05:32:51+00:00,2048,1024,equirectangular
337682290,07,vimeo,cc-by-nc-nd,https://vimeo.com/337682290,2019-05-22T05:32:51+00:00,2048,1024,equirectangular
337682290,05,vimeo,cc-by-nc-nd,https://vimeo.com/337682290,2019-05-22T05:32:51+00:00,2048,1024,equirectangular
337682290,01,vimeo,cc-by-nc-nd,https://vimeo.com/337682290,2019-05-22T05:32:51+00:00,2048,1024,equirectangular
337682290,06,vimeo,cc-by-nc-nd,https://vimeo.com/337682290,2019-05-22T05:32:51+00:00,2048,1024,equirectangular
337682290,04,vimeo,cc-by-nc-nd,https://vimeo.com/337682290,2019-05-22T05:32:51+00:00,2048,1024,equirectangular
337682290,08,vimeo,cc-by-nc-nd,https://vimeo.com/337682290,2019-05-22T05:32:51+00:00,2048,1024,equirectangular
295045016,00,vimeo,cc-by-nc-nd,https://vimeo.com/295045016,2018-10-14T17:56:55+00:00,2048,1024,equirectangular
241020473,03,vimeo,cc-by-nc-nd,https://vimeo.com/241020473,2017-11-02T15:42:39+00:00,2048,1024,equirectangular
241020473,05,vimeo,cc-by-nc-nd,https://vimeo.com/241020473,2017-11-02T15:42:39+00:00,2048,1024,equirectangular
241020473,01,vimeo,cc-by-nc-nd,https://vimeo.com/241020473,2017-11-02T15:42:39+00:00,2048,1024,equirectangular
241020473,06,vimeo,cc-by-nc-nd,https://vimeo.com/241020473,2017-11-02T15:42:39+00:00,2048,1024,equirectangular
241020473,04,vimeo,cc-by-nc-nd,https://vimeo.com/241020473,2017-11-02T15:42:39+00:00,2048,1024,equirectangular
241020473,02,vimeo,cc-by-nc-nd,https://vimeo.com/241020473,2017-11-02T15:42:39+00:00,2048,1024,equirectangular
210597219,00,vimeo,cc-by-nc-nd,https://vimeo.com/210597219,2017-03-29T13:08:01+00:00,1920,960,equirectangular
452227411,01,vimeo,cc-by-nc-nd,https://vimeo.com/452227411,2020-08-27T14:40:02+00:00,2048,1024,equirectangular
218589031,03,vimeo,cc-by-nc-nd,https://vimeo.com/218589031,2017-05-23T08:16:08+00:00,640,360,equirectangular
218589031,10,vimeo,cc-by-nc-nd,https://vimeo.com/218589031,2017-05-23T08:16:08+00:00,640,360,equirectangular
218589031,09,vimeo,cc-by-nc-nd,https://vimeo.com/218589031,2017-05-23T08:16:08+00:00,640,360,equirectangular
218589031,07,vimeo,cc-by-nc-nd,https://vimeo.com/218589031,2017-05-23T08:16:08+00:00,640,360,equirectangular
218589031,05,vimeo,cc-by-nc-nd,https://vimeo.com/218589031,2017-05-23T08:16:08+00:00,640,360,equirectangular
218589031,06,vimeo,cc-by-nc-nd,https://vimeo.com/218589031,2017-05-23T08:16:08+00:00,640,360,equirectangular
218589031,08,vimeo,cc-by-nc-nd,https://vimeo.com/218589031,2017-05-23T08:16:08+00:00,640,360,equirectangular
218589031,02,vimeo,cc-by-nc-nd,https://vimeo.com/218589031,2017-05-23T08:16:08+00:00,640,360,equirectangular
746886686,00,vimeo,cc-by,https://vimeo.com/746886686,2022-09-06T13:33:35+00:00,1280,720,equirectangular
308142616,00,vimeo,cc-by-nc-nd,https://vimeo.com/308142616,2018-12-25T03:20:17+00:00,2048,1024,equirectangular
209572749,01,vimeo,cc-by-nd,https://vimeo.com/209572749,2017-03-22T14:23:34+00:00,1920,960,equirectangular
211474215,03,vimeo,cc-by-nc-nd,https://vimeo.com/211474215,2017-04-04T12:00:24+00:00,1920,540,equirectangular
211474215,10,vimeo,cc-by-nc-nd,https://vimeo.com/211474215,2017-04-04T12:00:24+00:00,1920,540,equirectangular
211474215,13,vimeo,cc-by-nc-nd,https://vimeo.com/211474215,2017-04-04T12:00:24+00:00,1920,540,equirectangular
211474215,09,vimeo,cc-by-nc-nd,https://vimeo.com/211474215,2017-04-04T12:00:24+00:00,1920,540,equirectangular
211474215,07,vimeo,cc-by-nc-nd,https://vimeo.com/211474215,2017-04-04T12:00:24+00:00,1920,540,equirectangular
211474215,11,vimeo,cc-by-nc-nd,https://vimeo.com/211474215,2017-04-04T12:00:24+00:00,1920,540,equirectangular
211474215,05,vimeo,cc-by-nc-nd,https://vimeo.com/211474215,2017-04-04T12:00:24+00:00,1920,540,equirectangular
211474215,12,vimeo,cc-by-nc-nd,https://vimeo.com/211474215,2017-04-04T12:00:24+00:00,1920,540,equirectangular
211474215,01,vimeo,cc-by-nc-nd,https://vimeo.com/211474215,2017-04-04T12:00:24+00:00,1920,540,equirectangular
211474215,06,vimeo,cc-by-nc-nd,https://vimeo.com/211474215,2017-04-04T12:00:24+00:00,1920,540,equirectangular
211474215,04,vimeo,cc-by-nc-nd,https://vimeo.com/211474215,2017-04-04T12:00:24+00:00,1920,540,equirectangular
211474215,08,vimeo,cc-by-nc-nd,https://vimeo.com/211474215,2017-04-04T12:00:24+00:00,1920,540,equirectangular
211474215,02,vimeo,cc-by-nc-nd,https://vimeo.com/211474215,2017-04-04T12:00:24+00:00,1920,540,equirectangular
255540142,10,vimeo,cc-by,https://vimeo.com/255540142,2018-02-13T11:33:13+00:00,2048,1024,equirectangular
255540142,00,vimeo,cc-by,https://vimeo.com/255540142,2018-02-13T11:33:13+00:00,2048,1024,equirectangular
255540142,09,vimeo,cc-by,https://vimeo.com/255540142,2018-02-13T11:33:13+00:00,2048,1024,equirectangular
255540142,07,vimeo,cc-by,https://vimeo.com/255540142,2018-02-13T11:33:13+00:00,2048,1024,equirectangular
255540142,11,vimeo,cc-by,https://vimeo.com/255540142,2018-02-13T11:33:13+00:00,2048,1024,equirectangular
255540142,05,vimeo,cc-by,https://vimeo.com/255540142,2018-02-13T11:33:13+00:00,2048,1024,equirectangular
255540142,12,vimeo,cc-by,https://vimeo.com/255540142,2018-02-13T11:33:13+00:00,2048,1024,equirectangular
255540142,06,vimeo,cc-by,https://vimeo.com/255540142,2018-02-13T11:33:13+00:00,2048,1024,equirectangular
255540142,08,vimeo,cc-by,https://vimeo.com/255540142,2018-02-13T11:33:13+00:00,2048,1024,equirectangular
255540142,02,vimeo,cc-by,https://vimeo.com/255540142,2018-02-13T11:33:13+00:00,2048,1024,equirectangular
261558222,01,vimeo,cc-by-sa,https://vimeo.com/261558222,2018-03-23T21:23:18+00:00,2048,1024,equirectangular
261558222,02,vimeo,cc-by-sa,https://vimeo.com/261558222,2018-03-23T21:23:18+00:00,2048,1024,equirectangular
398365616,03,vimeo,cc-by-sa,https://vimeo.com/398365616,2020-03-17T21:49:36+00:00,2048,1024,equirectangular
398365616,10,vimeo,cc-by-sa,https://vimeo.com/398365616,2020-03-17T21:49:36+00:00,2048,1024,equirectangular
398365616,00,vimeo,cc-by-sa,https://vimeo.com/398365616,2020-03-17T21:49:36+00:00,2048,1024,equirectangular
398365616,09,vimeo,cc-by-sa,https://vimeo.com/398365616,2020-03-17T21:49:36+00:00,2048,1024,equirectangular
398365616,07,vimeo,cc-by-sa,https://vimeo.com/398365616,2020-03-17T21:49:36+00:00,2048,1024,equirectangular
398365616,11,vimeo,cc-by-sa,https://vimeo.com/398365616,2020-03-17T21:49:36+00:00,2048,1024,equirectangular
398365616,05,vimeo,cc-by-sa,https://vimeo.com/398365616,2020-03-17T21:49:36+00:00,2048,1024,equirectangular
398365616,12,vimeo,cc-by-sa,https://vimeo.com/398365616,2020-03-17T21:49:36+00:00,2048,1024,equirectangular
398365616,01,vimeo,cc-by-sa,https://vimeo.com/398365616,2020-03-17T21:49:36+00:00,2048,1024,equirectangular
398365616,06,vimeo,cc-by-sa,https://vimeo.com/398365616,2020-03-17T21:49:36+00:00,2048,1024,equirectangular
398365616,04,vimeo,cc-by-sa,https://vimeo.com/398365616,2020-03-17T21:49:36+00:00,2048,1024,equirectangular
398365616,08,vimeo,cc-by-sa,https://vimeo.com/398365616,2020-03-17T21:49:36+00:00,2048,1024,equirectangular
398365616,02,vimeo,cc-by-sa,https://vimeo.com/398365616,2020-03-17T21:49:36+00:00,2048,1024,equirectangular
388644995,03,vimeo,cc-by,https://vimeo.com/388644995,2020-02-01T05:25:01+00:00,2048,1024,equirectangular
388644995,00,vimeo,cc-by,https://vimeo.com/388644995,2020-02-01T05:25:01+00:00,2048,1024,equirectangular
388644995,07,vimeo,cc-by,https://vimeo.com/388644995,2020-02-01T05:25:01+00:00,2048,1024,equirectangular
388644995,05,vimeo,cc-by,https://vimeo.com/388644995,2020-02-01T05:25:01+00:00,2048,1024,equirectangular
388644995,01,vimeo,cc-by,https://vimeo.com/388644995,2020-02-01T05:25:01+00:00,2048,1024,equirectangular
388644995,06,vimeo,cc-by,https://vimeo.com/388644995,2020-02-01T05:25:01+00:00,2048,1024,equirectangular
388644995,04,vimeo,cc-by,https://vimeo.com/388644995,2020-02-01T05:25:01+00:00,2048,1024,equirectangular
388644995,02,vimeo,cc-by,https://vimeo.com/388644995,2020-02-01T05:25:01+00:00,2048,1024,equirectangular
395178129,15,vimeo,cc-by,https://vimeo.com/395178129,2020-03-03T13:28:51+00:00,2048,1024,equirectangular
395178129,03,vimeo,cc-by,https://vimeo.com/395178129,2020-03-03T13:28:51+00:00,2048,1024,equirectangular
395178129,10,vimeo,cc-by,https://vimeo.com/395178129,2020-03-03T13:28:51+00:00,2048,1024,equirectangular
395178129,13,vimeo,cc-by,https://vimeo.com/395178129,2020-03-03T13:28:51+00:00,2048,1024,equirectangular
395178129,17,vimeo,cc-by,https://vimeo.com/395178129,2020-03-03T13:28:51+00:00,2048,1024,equirectangular
395178129,16,vimeo,cc-by,https://vimeo.com/395178129,2020-03-03T13:28:51+00:00,2048,1024,equirectangular
395178129,00,vimeo,cc-by,https://vimeo.com/395178129,2020-03-03T13:28:51+00:00,2048,1024,equirectangular
395178129,18,vimeo,cc-by,https://vimeo.com/395178129,2020-03-03T13:28:51+00:00,2048,1024,equirectangular
395178129,09,vimeo,cc-by,https://vimeo.com/395178129,2020-03-03T13:28:51+00:00,2048,1024,equirectangular
395178129,07,vimeo,cc-by,https://vimeo.com/395178129,2020-03-03T13:28:51+00:00,2048,1024,equirectangular
395178129,11,vimeo,cc-by,https://vimeo.com/395178129,2020-03-03T13:28:51+00:00,2048,1024,equirectangular
395178129,05,vimeo,cc-by,https://vimeo.com/395178129,2020-03-03T13:28:51+00:00,2048,1024,equirectangular
395178129,12,vimeo,cc-by,https://vimeo.com/395178129,2020-03-03T13:28:51+00:00,2048,1024,equirectangular
395178129,14,vimeo,cc-by,https://vimeo.com/395178129,2020-03-03T13:28:51+00:00,2048,1024,equirectangular
395178129,01,vimeo,cc-by,https://vimeo.com/395178129,2020-03-03T13:28:51+00:00,2048,1024,equirectangular
395178129,06,vimeo,cc-by,https://vimeo.com/395178129,2020-03-03T13:28:51+00:00,2048,1024,equirectangular
395178129,04,vimeo,cc-by,https://vimeo.com/395178129,2020-03-03T13:28:51+00:00,2048,1024,equirectangular
395178129,19,vimeo,cc-by,https://vimeo.com/395178129,2020-03-03T13:28:51+00:00,2048,1024,equirectangular
395178129,08,vimeo,cc-by,https://vimeo.com/395178129,2020-03-03T13:28:51+00:00,2048,1024,equirectangular
395178129,02,vimeo,cc-by,https://vimeo.com/395178129,2020-03-03T13:28:51+00:00,2048,1024,equirectangular
370013584,15,vimeo,cc-by,https://vimeo.com/370013584,2019-10-31T06:59:53+00:00,2048,1024,equirectangular
370013584,03,vimeo,cc-by,https://vimeo.com/370013584,2019-10-31T06:59:53+00:00,2048,1024,equirectangular
370013584,10,vimeo,cc-by,https://vimeo.com/370013584,2019-10-31T06:59:53+00:00,2048,1024,equirectangular
370013584,13,vimeo,cc-by,https://vimeo.com/370013584,2019-10-31T06:59:53+00:00,2048,1024,equirectangular
370013584,16,vimeo,cc-by,https://vimeo.com/370013584,2019-10-31T06:59:53+00:00,2048,1024,equirectangular
370013584,00,vimeo,cc-by,https://vimeo.com/370013584,2019-10-31T06:59:53+00:00,2048,1024,equirectangular
370013584,09,vimeo,cc-by,https://vimeo.com/370013584,2019-10-31T06:59:53+00:00,2048,1024,equirectangular
370013584,11,vimeo,cc-by,https://vimeo.com/370013584,2019-10-31T06:59:53+00:00,2048,1024,equirectangular
370013584,05,vimeo,cc-by,https://vimeo.com/370013584,2019-10-31T06:59:53+00:00,2048,1024,equirectangular
370013584,12,vimeo,cc-by,https://vimeo.com/370013584,2019-10-31T06:59:53+00:00,2048,1024,equirectangular
370013584,14,vimeo,cc-by,https://vimeo.com/370013584,2019-10-31T06:59:53+00:00,2048,1024,equirectangular
370013584,01,vimeo,cc-by,https://vimeo.com/370013584,2019-10-31T06:59:53+00:00,2048,1024,equirectangular
370013584,06,vimeo,cc-by,https://vimeo.com/370013584,2019-10-31T06:59:53+00:00,2048,1024,equirectangular
370013584,04,vimeo,cc-by,https://vimeo.com/370013584,2019-10-31T06:59:53+00:00,2048,1024,equirectangular
370013584,08,vimeo,cc-by,https://vimeo.com/370013584,2019-10-31T06:59:53+00:00,2048,1024,equirectangular
370013584,02,vimeo,cc-by,https://vimeo.com/370013584,2019-10-31T06:59:53+00:00,2048,1024,equirectangular
669718405,03,vimeo,cc-by-nc-nd,https://vimeo.com/669718405,2022-01-25T07:51:28+00:00,2048,1024,equirectangular
669718405,00,vimeo,cc-by-nc-nd,https://vimeo.com/669718405,2022-01-25T07:51:28+00:00,2048,1024,equirectangular
669718405,07,vimeo,cc-by-nc-nd,https://vimeo.com/669718405,2022-01-25T07:51:28+00:00,2048,1024,equirectangular
669718405,05,vimeo,cc-by-nc-nd,https://vimeo.com/669718405,2022-01-25T07:51:28+00:00,2048,1024,equirectangular
669718405,01,vimeo,cc-by-nc-nd,https://vimeo.com/669718405,2022-01-25T07:51:28+00:00,2048,1024,equirectangular
669718405,06,vimeo,cc-by-nc-nd,https://vimeo.com/669718405,2022-01-25T07:51:28+00:00,2048,1024,equirectangular
669718405,04,vimeo,cc-by-nc-nd,https://vimeo.com/669718405,2022-01-25T07:51:28+00:00,2048,1024,equirectangular
669718405,02,vimeo,cc-by-nc-nd,https://vimeo.com/669718405,2022-01-25T07:51:28+00:00,2048,1024,equirectangular
384166880,03,vimeo,cc-by-nc-nd,https://vimeo.com/384166880,2020-01-11T09:21:31+00:00,2048,1024,equirectangular
384166880,00,vimeo,cc-by-nc-nd,https://vimeo.com/384166880,2020-01-11T09:21:31+00:00,2048,1024,equirectangular
384166880,05,vimeo,cc-by-nc-nd,https://vimeo.com/384166880,2020-01-11T09:21:31+00:00,2048,1024,equirectangular
384166880,01,vimeo,cc-by-nc-nd,https://vimeo.com/384166880,2020-01-11T09:21:31+00:00,2048,1024,equirectangular
384166880,04,vimeo,cc-by-nc-nd,https://vimeo.com/384166880,2020-01-11T09:21:31+00:00,2048,1024,equirectangular
384166880,02,vimeo,cc-by-nc-nd,https://vimeo.com/384166880,2020-01-11T09:21:31+00:00,2048,1024,equirectangular
340192421,15,vimeo,cc-by-nc,https://vimeo.com/340192421,2019-06-04T12:10:54+00:00,2048,1024,equirectangular
340192421,03,vimeo,cc-by-nc,https://vimeo.com/340192421,2019-06-04T12:10:54+00:00,2048,1024,equirectangular
340192421,10,vimeo,cc-by-nc,https://vimeo.com/340192421,2019-06-04T12:10:54+00:00,2048,1024,equirectangular
340192421,13,vimeo,cc-by-nc,https://vimeo.com/340192421,2019-06-04T12:10:54+00:00,2048,1024,equirectangular
340192421,17,vimeo,cc-by-nc,https://vimeo.com/340192421,2019-06-04T12:10:54+00:00,2048,1024,equirectangular
340192421,16,vimeo,cc-by-nc,https://vimeo.com/340192421,2019-06-04T12:10:54+00:00,2048,1024,equirectangular
340192421,00,vimeo,cc-by-nc,https://vimeo.com/340192421,2019-06-04T12:10:54+00:00,2048,1024,equirectangular
340192421,18,vimeo,cc-by-nc,https://vimeo.com/340192421,2019-06-04T12:10:54+00:00,2048,1024,equirectangular
340192421,09,vimeo,cc-by-nc,https://vimeo.com/340192421,2019-06-04T12:10:54+00:00,2048,1024,equirectangular
340192421,07,vimeo,cc-by-nc,https://vimeo.com/340192421,2019-06-04T12:10:54+00:00,2048,1024,equirectangular
340192421,11,vimeo,cc-by-nc,https://vimeo.com/340192421,2019-06-04T12:10:54+00:00,2048,1024,equirectangular
340192421,05,vimeo,cc-by-nc,https://vimeo.com/340192421,2019-06-04T12:10:54+00:00,2048,1024,equirectangular
340192421,12,vimeo,cc-by-nc,https://vimeo.com/340192421,2019-06-04T12:10:54+00:00,2048,1024,equirectangular
340192421,14,vimeo,cc-by-nc,https://vimeo.com/340192421,2019-06-04T12:10:54+00:00,2048,1024,equirectangular
340192421,01,vimeo,cc-by-nc,https://vimeo.com/340192421,2019-06-04T12:10:54+00:00,2048,1024,equirectangular
340192421,06,vimeo,cc-by-nc,https://vimeo.com/340192421,2019-06-04T12:10:54+00:00,2048,1024,equirectangular
340192421,04,vimeo,cc-by-nc,https://vimeo.com/340192421,2019-06-04T12:10:54+00:00,2048,1024,equirectangular
340192421,19,vimeo,cc-by-nc,https://vimeo.com/340192421,2019-06-04T12:10:54+00:00,2048,1024,equirectangular
340192421,08,vimeo,cc-by-nc,https://vimeo.com/340192421,2019-06-04T12:10:54+00:00,2048,1024,equirectangular
340192421,02,vimeo,cc-by-nc,https://vimeo.com/340192421,2019-06-04T12:10:54+00:00,2048,1024,equirectangular
389235404,00,vimeo,cc-by-nc-nd,https://vimeo.com/389235404,2020-02-04T13:11:49+00:00,2048,1024,equirectangular
255255452,03,vimeo,cc-by,https://vimeo.com/255255452,2018-02-11T14:16:15+00:00,1920,1080,equirectangular
255255452,01,vimeo,cc-by,https://vimeo.com/255255452,2018-02-11T14:16:15+00:00,1920,1080,equirectangular
225359182,00,vimeo,cc-by,https://vimeo.com/225359182,2017-07-13T05:17:24+00:00,2048,1024,equirectangular
573509769,03,vimeo,cc-by-nc-sa,https://vimeo.com/573509769,2021-07-10T23:57:32+00:00,1080,540,equirectangular
573509769,00,vimeo,cc-by-nc-sa,https://vimeo.com/573509769,2021-07-10T23:57:32+00:00,1080,540,equirectangular
573509769,01,vimeo,cc-by-nc-sa,https://vimeo.com/573509769,2021-07-10T23:57:32+00:00,1080,540,equirectangular
573509769,02,vimeo,cc-by-nc-sa,https://vimeo.com/573509769,2021-07-10T23:57:32+00:00,1080,540,equirectangular
549875059,03,vimeo,cc-by-nc-nd,https://vimeo.com/549875059,2021-05-16T14:53:35+00:00,1280,720,equirectangular
549875059,09,vimeo,cc-by-nc-nd,https://vimeo.com/549875059,2021-05-16T14:53:35+00:00,1280,720,equirectangular
549875059,08,vimeo,cc-by-nc-nd,https://vimeo.com/549875059,2021-05-16T14:53:35+00:00,1280,720,equirectangular
549875059,02,vimeo,cc-by-nc-nd,https://vimeo.com/549875059,2021-05-16T14:53:35+00:00,1280,720,equirectangular
299172532,00,vimeo,cc-by-nc-nd,https://vimeo.com/299172532,2018-11-06T09:00:22+00:00,2048,1024,equirectangular
385622007,01,vimeo,cc-by,https://vimeo.com/385622007,2020-01-18T04:07:29+00:00,2048,1024,equirectangular
417764931,00,vimeo,cc-by-nc-nd,https://vimeo.com/417764931,2020-05-12T20:10:06+00:00,2048,1024,equirectangular
376327868,00,vimeo,cc-by,https://vimeo.com/376327868,2019-11-29T10:08:12+00:00,2048,1024,equirectangular
412254599,00,vimeo,cc-by-nd,https://vimeo.com/412254599,2020-04-27T09:46:45+00:00,2048,1024,equirectangular
207461307,00,vimeo,cc-by-nc-sa,https://vimeo.com/207461307,2017-03-08T14:16:39+00:00,2048,1024,equirectangular
218013894,00,vimeo,cc-by,https://vimeo.com/218013894,2017-05-18T15:06:23+00:00,1920,1080,equirectangular
218013894,01,vimeo,cc-by,https://vimeo.com/218013894,2017-05-18T15:06:23+00:00,1920,1080,equirectangular
260913612,00,vimeo,cc-by,https://vimeo.com/260913612,2018-03-20T09:54:55+00:00,2048,1024,equirectangular
368874736,00,vimeo,cc-by-nc-nd,https://vimeo.com/368874736,2019-10-25T19:34:25+00:00,2048,1024,equirectangular
368894385,00,vimeo,cc-by-nc-nd,https://vimeo.com/368894385,2019-10-25T21:14:08+00:00,2048,1024,equirectangular
368899069,00,vimeo,cc-by-nc-nd,https://vimeo.com/368899069,2019-10-25T21:40:19+00:00,2048,1024,equirectangular
285008300,00,vimeo,cc-by-nc-nd,https://vimeo.com/285008300,2018-08-14T21:02:22+00:00,2048,1024,equirectangular
579598740,00,vimeo,cc-by,https://vimeo.com/579598740,2021-07-26T21:56:09+00:00,2048,1024,equirectangular
654188178,03,vimeo,cc-by-nc-sa,https://vimeo.com/654188178,2021-12-07T17:06:35+00:00,2048,1024,equirectangular
654188178,00,vimeo,cc-by-nc-sa,https://vimeo.com/654188178,2021-12-07T17:06:35+00:00,2048,1024,equirectangular
654188178,07,vimeo,cc-by-nc-sa,https://vimeo.com/654188178,2021-12-07T17:06:35+00:00,2048,1024,equirectangular
654188178,05,vimeo,cc-by-nc-sa,https://vimeo.com/654188178,2021-12-07T17:06:35+00:00,2048,1024,equirectangular
654188178,01,vimeo,cc-by-nc-sa,https://vimeo.com/654188178,2021-12-07T17:06:35+00:00,2048,1024,equirectangular
654188178,06,vimeo,cc-by-nc-sa,https://vimeo.com/654188178,2021-12-07T17:06:35+00:00,2048,1024,equirectangular
654188178,04,vimeo,cc-by-nc-sa,https://vimeo.com/654188178,2021-12-07T17:06:35+00:00,2048,1024,equirectangular
654188178,08,vimeo,cc-by-nc-sa,https://vimeo.com/654188178,2021-12-07T17:06:35+00:00,2048,1024,equirectangular
654188178,02,vimeo,cc-by-nc-sa,https://vimeo.com/654188178,2021-12-07T17:06:35+00:00,2048,1024,equirectangular
650707416,03,vimeo,cc-by-nc-sa,https://vimeo.com/650707416,2021-11-28T01:17:01+00:00,2048,1024,equirectangular
650707416,05,vimeo,cc-by-nc-sa,https://vimeo.com/650707416,2021-11-28T01:17:01+00:00,2048,1024,equirectangular
650707416,01,vimeo,cc-by-nc-sa,https://vimeo.com/650707416,2021-11-28T01:17:01+00:00,2048,1024,equirectangular
650707416,04,vimeo,cc-by-nc-sa,https://vimeo.com/650707416,2021-11-28T01:17:01+00:00,2048,1024,equirectangular
650707416,02,vimeo,cc-by-nc-sa,https://vimeo.com/650707416,2021-11-28T01:17:01+00:00,2048,1024,equirectangular
651641397,03,vimeo,cc-by-nc-sa,https://vimeo.com/651641397,2021-11-30T16:42:40+00:00,2048,1024,equirectangular
651641397,00,vimeo,cc-by-nc-sa,https://vimeo.com/651641397,2021-11-30T16:42:40+00:00,2048,1024,equirectangular
651641397,09,vimeo,cc-by-nc-sa,https://vimeo.com/651641397,2021-11-30T16:42:40+00:00,2048,1024,equirectangular
651641397,07,vimeo,cc-by-nc-sa,https://vimeo.com/651641397,2021-11-30T16:42:40+00:00,2048,1024,equirectangular
651641397,05,vimeo,cc-by-nc-sa,https://vimeo.com/651641397,2021-11-30T16:42:40+00:00,2048,1024,equirectangular
651641397,01,vimeo,cc-by-nc-sa,https://vimeo.com/651641397,2021-11-30T16:42:40+00:00,2048,1024,equirectangular
651641397,06,vimeo,cc-by-nc-sa,https://vimeo.com/651641397,2021-11-30T16:42:40+00:00,2048,1024,equirectangular
651641397,04,vimeo,cc-by-nc-sa,https://vimeo.com/651641397,2021-11-30T16:42:40+00:00,2048,1024,equirectangular
651641397,08,vimeo,cc-by-nc-sa,https://vimeo.com/651641397,2021-11-30T16:42:40+00:00,2048,1024,equirectangular
651641397,02,vimeo,cc-by-nc-sa,https://vimeo.com/651641397,2021-11-30T16:42:40+00:00,2048,1024,equirectangular
656710338,03,vimeo,cc-by-nc-sa,https://vimeo.com/656710338,2021-12-14T18:42:46+00:00,2048,1024,equirectangular
656710338,00,vimeo,cc-by-nc-sa,https://vimeo.com/656710338,2021-12-14T18:42:46+00:00,2048,1024,equirectangular
656710338,05,vimeo,cc-by-nc-sa,https://vimeo.com/656710338,2021-12-14T18:42:46+00:00,2048,1024,equirectangular
656710338,01,vimeo,cc-by-nc-sa,https://vimeo.com/656710338,2021-12-14T18:42:46+00:00,2048,1024,equirectangular
656710338,06,vimeo,cc-by-nc-sa,https://vimeo.com/656710338,2021-12-14T18:42:46+00:00,2048,1024,equirectangular
656710338,04,vimeo,cc-by-nc-sa,https://vimeo.com/656710338,2021-12-14T18:42:46+00:00,2048,1024,equirectangular
656710338,02,vimeo,cc-by-nc-sa,https://vimeo.com/656710338,2021-12-14T18:42:46+00:00,2048,1024,equirectangular
227251397,00,vimeo,cc-by-nc-nd,https://vimeo.com/227251397,2017-07-27T12:40:47+00:00,1920,540,equirectangular
312752164,03,vimeo,cc-by-nc,https://vimeo.com/312752164,2019-01-22T15:46:45+00:00,2048,1024,equirectangular
312752164,10,vimeo,cc-by-nc,https://vimeo.com/312752164,2019-01-22T15:46:45+00:00,2048,1024,equirectangular
312752164,01,vimeo,cc-by-nc,https://vimeo.com/312752164,2019-01-22T15:46:45+00:00,2048,1024,equirectangular
312752164,04,vimeo,cc-by-nc,https://vimeo.com/312752164,2019-01-22T15:46:45+00:00,2048,1024,equirectangular
274650594,00,vimeo,cc-by-nc-nd,https://vimeo.com/274650594,2018-06-12T09:37:54+00:00,1920,960,equirectangular
430339829,03,vimeo,cc-by-nc-nd,https://vimeo.com/430339829,2020-06-18T12:18:48+00:00,2048,1024,equirectangular
430339829,00,vimeo,cc-by-nc-nd,https://vimeo.com/430339829,2020-06-18T12:18:48+00:00,2048,1024,equirectangular
430339829,02,vimeo,cc-by-nc-nd,https://vimeo.com/430339829,2020-06-18T12:18:48+00:00,2048,1024,equirectangular
348657980,00,vimeo,cc-by-nc-nd,https://vimeo.com/348657980,2019-07-17T18:00:22+00:00,2048,1024,equirectangular
242246784,03,vimeo,cc-by-nd,https://vimeo.com/242246784,2017-11-10T15:02:48+00:00,2048,1024,equirectangular
242246784,10,vimeo,cc-by-nd,https://vimeo.com/242246784,2017-11-10T15:02:48+00:00,2048,1024,equirectangular
242246784,09,vimeo,cc-by-nd,https://vimeo.com/242246784,2017-11-10T15:02:48+00:00,2048,1024,equirectangular
242246784,07,vimeo,cc-by-nd,https://vimeo.com/242246784,2017-11-10T15:02:48+00:00,2048,1024,equirectangular
242246784,11,vimeo,cc-by-nd,https://vimeo.com/242246784,2017-11-10T15:02:48+00:00,2048,1024,equirectangular
242246784,05,vimeo,cc-by-nd,https://vimeo.com/242246784,2017-11-10T15:02:48+00:00,2048,1024,equirectangular
242246784,12,vimeo,cc-by-nd,https://vimeo.com/242246784,2017-11-10T15:02:48+00:00,2048,1024,equirectangular
242246784,01,vimeo,cc-by-nd,https://vimeo.com/242246784,2017-11-10T15:02:48+00:00,2048,1024,equirectangular
242246784,06,vimeo,cc-by-nd,https://vimeo.com/242246784,2017-11-10T15:02:48+00:00,2048,1024,equirectangular
242246784,04,vimeo,cc-by-nd,https://vimeo.com/242246784,2017-11-10T15:02:48+00:00,2048,1024,equirectangular
242246784,08,vimeo,cc-by-nd,https://vimeo.com/242246784,2017-11-10T15:02:48+00:00,2048,1024,equirectangular
242246784,02,vimeo,cc-by-nd,https://vimeo.com/242246784,2017-11-10T15:02:48+00:00,2048,1024,equirectangular
221194576,03,vimeo,cc-by,https://vimeo.com/221194576,2017-06-11T23:17:38+00:00,2026,1080,equirectangular
221194576,05,vimeo,cc-by,https://vimeo.com/221194576,2017-06-11T23:17:38+00:00,2026,1080,equirectangular
531120137,00,vimeo,cc-by-nc,https://vimeo.com/531120137,2021-03-31T05:50:42+00:00,2048,1024,equirectangular
434870923,10,vimeo,cc-by-nc,https://vimeo.com/434870923,2020-07-02T21:19:30+00:00,2048,1024,equirectangular
434870923,12,vimeo,cc-by-nc,https://vimeo.com/434870923,2020-07-02T21:19:30+00:00,2048,1024,equirectangular
725882964,00,vimeo,cc-by,https://vimeo.com/725882964,2022-07-01T01:37:01+00:00,2048,1024,equirectangular
725883078,00,vimeo,cc-by,https://vimeo.com/725883078,2022-07-01T01:37:47+00:00,2048,1024,equirectangular
725883206,03,vimeo,cc-by,https://vimeo.com/725883206,2022-07-01T01:38:40+00:00,2048,1024,equirectangular
725883206,00,vimeo,cc-by,https://vimeo.com/725883206,2022-07-01T01:38:40+00:00,2048,1024,equirectangular
725883206,01,vimeo,cc-by,https://vimeo.com/725883206,2022-07-01T01:38:40+00:00,2048,1024,equirectangular
725883206,02,vimeo,cc-by,https://vimeo.com/725883206,2022-07-01T01:38:40+00:00,2048,1024,equirectangular
274650829,00,vimeo,cc-by-nc-nd,https://vimeo.com/274650829,2018-06-12T09:39:29+00:00,1920,960,equirectangular
560642908,00,vimeo,cc-by-nc-nd,https://vimeo.com/560642908,2021-06-08T23:31:37+00:00,2048,1024,equirectangular
208321232,12,vimeo,cc-by-nc,https://vimeo.com/208321232,2017-03-14T14:47:56+00:00,1920,960,equirectangular
338239164,03,vimeo,cc-by-nd,https://vimeo.com/338239164,2019-05-24T11:51:11+00:00,2048,1024,equirectangular
338239164,07,vimeo,cc-by-nd,https://vimeo.com/338239164,2019-05-24T11:51:11+00:00,2048,1024,equirectangular
338239164,05,vimeo,cc-by-nd,https://vimeo.com/338239164,2019-05-24T11:51:11+00:00,2048,1024,equirectangular
338239164,04,vimeo,cc-by-nd,https://vimeo.com/338239164,2019-05-24T11:51:11+00:00,2048,1024,equirectangular
281046065,30,vimeo,cc-by,https://vimeo.com/281046065,2018-07-21T08:27:11+00:00,2048,1024,equirectangular
281046065,15,vimeo,cc-by,https://vimeo.com/281046065,2018-07-21T08:27:11+00:00,2048,1024,equirectangular
281046065,22,vimeo,cc-by,https://vimeo.com/281046065,2018-07-21T08:27:11+00:00,2048,1024,equirectangular
281046065,03,vimeo,cc-by,https://vimeo.com/281046065,2018-07-21T08:27:11+00:00,2048,1024,equirectangular
281046065,23,vimeo,cc-by,https://vimeo.com/281046065,2018-07-21T08:27:11+00:00,2048,1024,equirectangular
281046065,10,vimeo,cc-by,https://vimeo.com/281046065,2018-07-21T08:27:11+00:00,2048,1024,equirectangular
281046065,13,vimeo,cc-by,https://vimeo.com/281046065,2018-07-21T08:27:11+00:00,2048,1024,equirectangular
281046065,17,vimeo,cc-by,https://vimeo.com/281046065,2018-07-21T08:27:11+00:00,2048,1024,equirectangular
281046065,31,vimeo,cc-by,https://vimeo.com/281046065,2018-07-21T08:27:11+00:00,2048,1024,equirectangular
281046065,16,vimeo,cc-by,https://vimeo.com/281046065,2018-07-21T08:27:11+00:00,2048,1024,equirectangular
281046065,00,vimeo,cc-by,https://vimeo.com/281046065,2018-07-21T08:27:11+00:00,2048,1024,equirectangular
281046065,25,vimeo,cc-by,https://vimeo.com/281046065,2018-07-21T08:27:11+00:00,2048,1024,equirectangular
281046065,18,vimeo,cc-by,https://vimeo.com/281046065,2018-07-21T08:27:11+00:00,2048,1024,equirectangular
281046065,24,vimeo,cc-by,https://vimeo.com/281046065,2018-07-21T08:27:11+00:00,2048,1024,equirectangular
281046065,09,vimeo,cc-by,https://vimeo.com/281046065,2018-07-21T08:27:11+00:00,2048,1024,equirectangular
281046065,26,vimeo,cc-by,https://vimeo.com/281046065,2018-07-21T08:27:11+00:00,2048,1024,equirectangular
281046065,07,vimeo,cc-by,https://vimeo.com/281046065,2018-07-21T08:27:11+00:00,2048,1024,equirectangular
281046065,29,vimeo,cc-by,https://vimeo.com/281046065,2018-07-21T08:27:11+00:00,2048,1024,equirectangular
281046065,28,vimeo,cc-by,https://vimeo.com/281046065,2018-07-21T08:27:11+00:00,2048,1024,equirectangular
281046065,11,vimeo,cc-by,https://vimeo.com/281046065,2018-07-21T08:27:11+00:00,2048,1024,equirectangular
281046065,33,vimeo,cc-by,https://vimeo.com/281046065,2018-07-21T08:27:11+00:00,2048,1024,equirectangular
281046065,05,vimeo,cc-by,https://vimeo.com/281046065,2018-07-21T08:27:11+00:00,2048,1024,equirectangular
281046065,20,vimeo,cc-by,https://vimeo.com/281046065,2018-07-21T08:27:11+00:00,2048,1024,equirectangular
281046065,12,vimeo,cc-by,https://vimeo.com/281046065,2018-07-21T08:27:11+00:00,2048,1024,equirectangular
281046065,14,vimeo,cc-by,https://vimeo.com/281046065,2018-07-21T08:27:11+00:00,2048,1024,equirectangular
281046065,32,vimeo,cc-by,https://vimeo.com/281046065,2018-07-21T08:27:11+00:00,2048,1024,equirectangular
281046065,06,vimeo,cc-by,https://vimeo.com/281046065,2018-07-21T08:27:11+00:00,2048,1024,equirectangular
281046065,04,vimeo,cc-by,https://vimeo.com/281046065,2018-07-21T08:27:11+00:00,2048,1024,equirectangular
281046065,19,vimeo,cc-by,https://vimeo.com/281046065,2018-07-21T08:27:11+00:00,2048,1024,equirectangular
281046065,27,vimeo,cc-by,https://vimeo.com/281046065,2018-07-21T08:27:11+00:00,2048,1024,equirectangular
281046065,08,vimeo,cc-by,https://vimeo.com/281046065,2018-07-21T08:27:11+00:00,2048,1024,equirectangular
281046065,21,vimeo,cc-by,https://vimeo.com/281046065,2018-07-21T08:27:11+00:00,2048,1024,equirectangular
279373616,15,vimeo,cc-by,https://vimeo.com/279373616,2018-07-11T01:19:27+00:00,2048,1024,equirectangular
279373616,22,vimeo,cc-by,https://vimeo.com/279373616,2018-07-11T01:19:27+00:00,2048,1024,equirectangular
279373616,03,vimeo,cc-by,https://vimeo.com/279373616,2018-07-11T01:19:27+00:00,2048,1024,equirectangular
279373616,23,vimeo,cc-by,https://vimeo.com/279373616,2018-07-11T01:19:27+00:00,2048,1024,equirectangular
279373616,10,vimeo,cc-by,https://vimeo.com/279373616,2018-07-11T01:19:27+00:00,2048,1024,equirectangular
279373616,13,vimeo,cc-by,https://vimeo.com/279373616,2018-07-11T01:19:27+00:00,2048,1024,equirectangular
279373616,17,vimeo,cc-by,https://vimeo.com/279373616,2018-07-11T01:19:27+00:00,2048,1024,equirectangular
279373616,16,vimeo,cc-by,https://vimeo.com/279373616,2018-07-11T01:19:27+00:00,2048,1024,equirectangular
279373616,00,vimeo,cc-by,https://vimeo.com/279373616,2018-07-11T01:19:27+00:00,2048,1024,equirectangular
279373616,25,vimeo,cc-by,https://vimeo.com/279373616,2018-07-11T01:19:27+00:00,2048,1024,equirectangular
279373616,18,vimeo,cc-by,https://vimeo.com/279373616,2018-07-11T01:19:27+00:00,2048,1024,equirectangular
279373616,24,vimeo,cc-by,https://vimeo.com/279373616,2018-07-11T01:19:27+00:00,2048,1024,equirectangular
279373616,09,vimeo,cc-by,https://vimeo.com/279373616,2018-07-11T01:19:27+00:00,2048,1024,equirectangular
279373616,07,vimeo,cc-by,https://vimeo.com/279373616,2018-07-11T01:19:27+00:00,2048,1024,equirectangular
279373616,11,vimeo,cc-by,https://vimeo.com/279373616,2018-07-11T01:19:27+00:00,2048,1024,equirectangular
279373616,05,vimeo,cc-by,https://vimeo.com/279373616,2018-07-11T01:19:27+00:00,2048,1024,equirectangular
279373616,20,vimeo,cc-by,https://vimeo.com/279373616,2018-07-11T01:19:27+00:00,2048,1024,equirectangular
279373616,12,vimeo,cc-by,https://vimeo.com/279373616,2018-07-11T01:19:27+00:00,2048,1024,equirectangular
279373616,14,vimeo,cc-by,https://vimeo.com/279373616,2018-07-11T01:19:27+00:00,2048,1024,equirectangular
279373616,01,vimeo,cc-by,https://vimeo.com/279373616,2018-07-11T01:19:27+00:00,2048,1024,equirectangular
279373616,06,vimeo,cc-by,https://vimeo.com/279373616,2018-07-11T01:19:27+00:00,2048,1024,equirectangular
279373616,04,vimeo,cc-by,https://vimeo.com/279373616,2018-07-11T01:19:27+00:00,2048,1024,equirectangular
279373616,19,vimeo,cc-by,https://vimeo.com/279373616,2018-07-11T01:19:27+00:00,2048,1024,equirectangular
279373616,08,vimeo,cc-by,https://vimeo.com/279373616,2018-07-11T01:19:27+00:00,2048,1024,equirectangular
279373616,02,vimeo,cc-by,https://vimeo.com/279373616,2018-07-11T01:19:27+00:00,2048,1024,equirectangular
279373616,21,vimeo,cc-by,https://vimeo.com/279373616,2018-07-11T01:19:27+00:00,2048,1024,equirectangular
280466723,50,vimeo,cc-by,https://vimeo.com/280466723,2018-07-18T02:16:31+00:00,2048,1024,equirectangular
280466723,64,vimeo,cc-by,https://vimeo.com/280466723,2018-07-18T02:16:31+00:00,2048,1024,equirectangular
280466723,30,vimeo,cc-by,https://vimeo.com/280466723,2018-07-18T02:16:31+00:00,2048,1024,equirectangular
280466723,77,vimeo,cc-by,https://vimeo.com/280466723,2018-07-18T02:16:31+00:00,2048,1024,equirectangular
280466723,34,vimeo,cc-by,https://vimeo.com/280466723,2018-07-18T02:16:31+00:00,2048,1024,equirectangular
280466723,15,vimeo,cc-by,https://vimeo.com/280466723,2018-07-18T02:16:31+00:00,2048,1024,equirectangular
280466723,65,vimeo,cc-by,https://vimeo.com/280466723,2018-07-18T02:16:31+00:00,2048,1024,equirectangular
280466723,22,vimeo,cc-by,https://vimeo.com/280466723,2018-07-18T02:16:31+00:00,2048,1024,equirectangular
280466723,56,vimeo,cc-by,https://vimeo.com/280466723,2018-07-18T02:16:31+00:00,2048,1024,equirectangular
280466723,76,vimeo,cc-by,https://vimeo.com/280466723,2018-07-18T02:16:31+00:00,2048,1024,equirectangular
280466723,03,vimeo,cc-by,https://vimeo.com/280466723,2018-07-18T02:16:31+00:00,2048,1024,equirectangular
280466723,23,vimeo,cc-by,https://vimeo.com/280466723,2018-07-18T02:16:31+00:00,2048,1024,equirectangular
280466723,52,vimeo,cc-by,https://vimeo.com/280466723,2018-07-18T02:16:31+00:00,2048,1024,equirectangular
280466723,57,vimeo,cc-by,https://vimeo.com/280466723,2018-07-18T02:16:31+00:00,2048,1024,equirectangular
280466723,10,vimeo,cc-by,https://vimeo.com/280466723,2018-07-18T02:16:31+00:00,2048,1024,equirectangular
280466723,58,vimeo,cc-by,https://vimeo.com/280466723,2018-07-18T02:16:31+00:00,2048,1024,equirectangular
280466723,13,vimeo,cc-by,https://vimeo.com/280466723,2018-07-18T02:16:31+00:00,2048,1024,equirectangular
280466723,17,vimeo,cc-by,https://vimeo.com/280466723,2018-07-18T02:16:31+00:00,2048,1024,equirectangular
280466723,36,vimeo,cc-by,https://vimeo.com/280466723,2018-07-18T02:16:31+00:00,2048,1024,equirectangular
280466723,45,vimeo,cc-by,https://vimeo.com/280466723,2018-07-18T02:16:31+00:00,2048,1024,equirectangular
280466723,75,vimeo,cc-by,https://vimeo.com/280466723,2018-07-18T02:16:31+00:00,2048,1024,equirectangular
280466723,74,vimeo,cc-by,https://vimeo.com/280466723,2018-07-18T02:16:31+00:00,2048,1024,equirectangular
280466723,59,vimeo,cc-by,https://vimeo.com/280466723,2018-07-18T02:16:31+00:00,2048,1024,equirectangular
280466723,31,vimeo,cc-by,https://vimeo.com/280466723,2018-07-18T02:16:31+00:00,2048,1024,equirectangular
280466723,16,vimeo,cc-by,https://vimeo.com/280466723,2018-07-18T02:16:31+00:00,2048,1024,equirectangular
280466723,51,vimeo,cc-by,https://vimeo.com/280466723,2018-07-18T02:16:31+00:00,2048,1024,equirectangular
280466723,63,vimeo,cc-by,https://vimeo.com/280466723,2018-07-18T02:16:31+00:00,2048,1024,equirectangular
280466723,60,vimeo,cc-by,https://vimeo.com/280466723,2018-07-18T02:16:31+00:00,2048,1024,equirectangular
280466723,35,vimeo,cc-by,https://vimeo.com/280466723,2018-07-18T02:16:31+00:00,2048,1024,equirectangular
280466723,25,vimeo,cc-by,https://vimeo.com/280466723,2018-07-18T02:16:31+00:00,2048,1024,equirectangular
280466723,18,vimeo,cc-by,https://vimeo.com/280466723,2018-07-18T02:16:31+00:00,2048,1024,equirectangular
280466723,24,vimeo,cc-by,https://vimeo.com/280466723,2018-07-18T02:16:31+00:00,2048,1024,equirectangular
280466723,70,vimeo,cc-by,https://vimeo.com/280466723,2018-07-18T02:16:31+00:00,2048,1024,equirectangular
280466723,09,vimeo,cc-by,https://vimeo.com/280466723,2018-07-18T02:16:31+00:00,2048,1024,equirectangular
280466723,68,vimeo,cc-by,https://vimeo.com/280466723,2018-07-18T02:16:31+00:00,2048,1024,equirectangular
280466723,26,vimeo,cc-by,https://vimeo.com/280466723,2018-07-18T02:16:31+00:00,2048,1024,equirectangular
280466723,41,vimeo,cc-by,https://vimeo.com/280466723,2018-07-18T02:16:31+00:00,2048,1024,equirectangular
280466723,54,vimeo,cc-by,https://vimeo.com/280466723,2018-07-18T02:16:31+00:00,2048,1024,equirectangular
280466723,44,vimeo,cc-by,https://vimeo.com/280466723,2018-07-18T02:16:31+00:00,2048,1024,equirectangular
280466723,61,vimeo,cc-by,https://vimeo.com/280466723,2018-07-18T02:16:31+00:00,2048,1024,equirectangular
280466723,07,vimeo,cc-by,https://vimeo.com/280466723,2018-07-18T02:16:31+00:00,2048,1024,equirectangular
280466723,29,vimeo,cc-by,https://vimeo.com/280466723,2018-07-18T02:16:31+00:00,2048,1024,equirectangular
280466723,37,vimeo,cc-by,https://vimeo.com/280466723,2018-07-18T02:16:31+00:00,2048,1024,equirectangular
280466723,79,vimeo,cc-by,https://vimeo.com/280466723,2018-07-18T02:16:31+00:00,2048,1024,equirectangular
280466723,28,vimeo,cc-by,https://vimeo.com/280466723,2018-07-18T02:16:31+00:00,2048,1024,equirectangular
280466723,11,vimeo,cc-by,https://vimeo.com/280466723,2018-07-18T02:16:31+00:00,2048,1024,equirectangular
280466723,33,vimeo,cc-by,https://vimeo.com/280466723,2018-07-18T02:16:31+00:00,2048,1024,equirectangular
280466723,05,vimeo,cc-by,https://vimeo.com/280466723,2018-07-18T02:16:31+00:00,2048,1024,equirectangular
280466723,46,vimeo,cc-by,https://vimeo.com/280466723,2018-07-18T02:16:31+00:00,2048,1024,equirectangular
280466723,73,vimeo,cc-by,https://vimeo.com/280466723,2018-07-18T02:16:31+00:00,2048,1024,equirectangular
280466723,20,vimeo,cc-by,https://vimeo.com/280466723,2018-07-18T02:16:31+00:00,2048,1024,equirectangular
280466723,12,vimeo,cc-by,https://vimeo.com/280466723,2018-07-18T02:16:31+00:00,2048,1024,equirectangular
280466723,67,vimeo,cc-by,https://vimeo.com/280466723,2018-07-18T02:16:31+00:00,2048,1024,equirectangular
280466723,14,vimeo,cc-by,https://vimeo.com/280466723,2018-07-18T02:16:31+00:00,2048,1024,equirectangular
280466723,01,vimeo,cc-by,https://vimeo.com/280466723,2018-07-18T02:16:31+00:00,2048,1024,equirectangular
280466723,32,vimeo,cc-by,https://vimeo.com/280466723,2018-07-18T02:16:31+00:00,2048,1024,equirectangular
280466723,40,vimeo,cc-by,https://vimeo.com/280466723,2018-07-18T02:16:31+00:00,2048,1024,equirectangular
280466723,69,vimeo,cc-by,https://vimeo.com/280466723,2018-07-18T02:16:31+00:00,2048,1024,equirectangular
280466723,06,vimeo,cc-by,https://vimeo.com/280466723,2018-07-18T02:16:31+00:00,2048,1024,equirectangular
280466723,55,vimeo,cc-by,https://vimeo.com/280466723,2018-07-18T02:16:31+00:00,2048,1024,equirectangular
280466723,42,vimeo,cc-by,https://vimeo.com/280466723,2018-07-18T02:16:31+00:00,2048,1024,equirectangular
280466723,04,vimeo,cc-by,https://vimeo.com/280466723,2018-07-18T02:16:31+00:00,2048,1024,equirectangular
280466723,78,vimeo,cc-by,https://vimeo.com/280466723,2018-07-18T02:16:31+00:00,2048,1024,equirectangular
280466723,72,vimeo,cc-by,https://vimeo.com/280466723,2018-07-18T02:16:31+00:00,2048,1024,equirectangular
280466723,19,vimeo,cc-by,https://vimeo.com/280466723,2018-07-18T02:16:31+00:00,2048,1024,equirectangular
280466723,47,vimeo,cc-by,https://vimeo.com/280466723,2018-07-18T02:16:31+00:00,2048,1024,equirectangular
280466723,27,vimeo,cc-by,https://vimeo.com/280466723,2018-07-18T02:16:31+00:00,2048,1024,equirectangular
280466723,48,vimeo,cc-by,https://vimeo.com/280466723,2018-07-18T02:16:31+00:00,2048,1024,equirectangular
280466723,66,vimeo,cc-by,https://vimeo.com/280466723,2018-07-18T02:16:31+00:00,2048,1024,equirectangular
280466723,08,vimeo,cc-by,https://vimeo.com/280466723,2018-07-18T02:16:31+00:00,2048,1024,equirectangular
280466723,02,vimeo,cc-by,https://vimeo.com/280466723,2018-07-18T02:16:31+00:00,2048,1024,equirectangular
280466723,38,vimeo,cc-by,https://vimeo.com/280466723,2018-07-18T02:16:31+00:00,2048,1024,equirectangular
280466723,21,vimeo,cc-by,https://vimeo.com/280466723,2018-07-18T02:16:31+00:00,2048,1024,equirectangular
280466723,49,vimeo,cc-by,https://vimeo.com/280466723,2018-07-18T02:16:31+00:00,2048,1024,equirectangular
280466723,53,vimeo,cc-by,https://vimeo.com/280466723,2018-07-18T02:16:31+00:00,2048,1024,equirectangular
280466723,62,vimeo,cc-by,https://vimeo.com/280466723,2018-07-18T02:16:31+00:00,2048,1024,equirectangular
280466723,43,vimeo,cc-by,https://vimeo.com/280466723,2018-07-18T02:16:31+00:00,2048,1024,equirectangular
280466723,39,vimeo,cc-by,https://vimeo.com/280466723,2018-07-18T02:16:31+00:00,2048,1024,equirectangular
371631535,03,vimeo,cc-by-nc-nd,https://vimeo.com/371631535,2019-11-07T13:44:03+00:00,2048,1024,equirectangular
371631535,02,vimeo,cc-by-nc-nd,https://vimeo.com/371631535,2019-11-07T13:44:03+00:00,2048,1024,equirectangular
354497653,03,vimeo,cc-by,https://vimeo.com/354497653,2019-08-18T14:25:56+00:00,2048,1024,equirectangular
354497653,10,vimeo,cc-by,https://vimeo.com/354497653,2019-08-18T14:25:56+00:00,2048,1024,equirectangular
354497653,00,vimeo,cc-by,https://vimeo.com/354497653,2019-08-18T14:25:56+00:00,2048,1024,equirectangular
354497653,09,vimeo,cc-by,https://vimeo.com/354497653,2019-08-18T14:25:56+00:00,2048,1024,equirectangular
354497653,07,vimeo,cc-by,https://vimeo.com/354497653,2019-08-18T14:25:56+00:00,2048,1024,equirectangular
354497653,11,vimeo,cc-by,https://vimeo.com/354497653,2019-08-18T14:25:56+00:00,2048,1024,equirectangular
354497653,05,vimeo,cc-by,https://vimeo.com/354497653,2019-08-18T14:25:56+00:00,2048,1024,equirectangular
354497653,01,vimeo,cc-by,https://vimeo.com/354497653,2019-08-18T14:25:56+00:00,2048,1024,equirectangular
354497653,06,vimeo,cc-by,https://vimeo.com/354497653,2019-08-18T14:25:56+00:00,2048,1024,equirectangular
354497653,04,vimeo,cc-by,https://vimeo.com/354497653,2019-08-18T14:25:56+00:00,2048,1024,equirectangular
354497653,08,vimeo,cc-by,https://vimeo.com/354497653,2019-08-18T14:25:56+00:00,2048,1024,equirectangular
354497653,02,vimeo,cc-by,https://vimeo.com/354497653,2019-08-18T14:25:56+00:00,2048,1024,equirectangular
382241275,15,vimeo,cc-by-nc-sa,https://vimeo.com/382241275,2020-01-01T00:14:33+00:00,2048,1024,equirectangular
382241275,03,vimeo,cc-by-nc-sa,https://vimeo.com/382241275,2020-01-01T00:14:33+00:00,2048,1024,equirectangular
382241275,10,vimeo,cc-by-nc-sa,https://vimeo.com/382241275,2020-01-01T00:14:33+00:00,2048,1024,equirectangular
382241275,13,vimeo,cc-by-nc-sa,https://vimeo.com/382241275,2020-01-01T00:14:33+00:00,2048,1024,equirectangular
382241275,00,vimeo,cc-by-nc-sa,https://vimeo.com/382241275,2020-01-01T00:14:33+00:00,2048,1024,equirectangular
382241275,09,vimeo,cc-by-nc-sa,https://vimeo.com/382241275,2020-01-01T00:14:33+00:00,2048,1024,equirectangular
382241275,07,vimeo,cc-by-nc-sa,https://vimeo.com/382241275,2020-01-01T00:14:33+00:00,2048,1024,equirectangular
382241275,11,vimeo,cc-by-nc-sa,https://vimeo.com/382241275,2020-01-01T00:14:33+00:00,2048,1024,equirectangular
382241275,05,vimeo,cc-by-nc-sa,https://vimeo.com/382241275,2020-01-01T00:14:33+00:00,2048,1024,equirectangular
382241275,12,vimeo,cc-by-nc-sa,https://vimeo.com/382241275,2020-01-01T00:14:33+00:00,2048,1024,equirectangular
382241275,14,vimeo,cc-by-nc-sa,https://vimeo.com/382241275,2020-01-01T00:14:33+00:00,2048,1024,equirectangular
382241275,01,vimeo,cc-by-nc-sa,https://vimeo.com/382241275,2020-01-01T00:14:33+00:00,2048,1024,equirectangular
382241275,06,vimeo,cc-by-nc-sa,https://vimeo.com/382241275,2020-01-01T00:14:33+00:00,2048,1024,equirectangular
382241275,04,vimeo,cc-by-nc-sa,https://vimeo.com/382241275,2020-01-01T00:14:33+00:00,2048,1024,equirectangular
382241275,08,vimeo,cc-by-nc-sa,https://vimeo.com/382241275,2020-01-01T00:14:33+00:00,2048,1024,equirectangular
382241275,02,vimeo,cc-by-nc-sa,https://vimeo.com/382241275,2020-01-01T00:14:33+00:00,2048,1024,equirectangular
247163284,03,vimeo,cc-by-nc-nd,https://vimeo.com/247163284,2017-12-13T15:49:48+00:00,2048,1024,equirectangular
247163284,00,vimeo,cc-by-nc-nd,https://vimeo.com/247163284,2017-12-13T15:49:48+00:00,2048,1024,equirectangular
247163284,01,vimeo,cc-by-nc-nd,https://vimeo.com/247163284,2017-12-13T15:49:48+00:00,2048,1024,equirectangular
247163284,02,vimeo,cc-by-nc-nd,https://vimeo.com/247163284,2017-12-13T15:49:48+00:00,2048,1024,equirectangular
223098295,00,vimeo,cc-by-nc-nd,https://vimeo.com/223098295,2017-06-26T08:01:49+00:00,1080,1080,equirectangular
223098295,01,vimeo,cc-by-nc-nd,https://vimeo.com/223098295,2017-06-26T08:01:49+00:00,1080,1080,equirectangular
223098295,02,vimeo,cc-by-nc-nd,https://vimeo.com/223098295,2017-06-26T08:01:49+00:00,1080,1080,equirectangular
338372728,03,vimeo,cc-by-nc-nd,https://vimeo.com/338372728,2019-05-25T01:11:41+00:00,1280,720,equirectangular
338372728,00,vimeo,cc-by-nc-nd,https://vimeo.com/338372728,2019-05-25T01:11:41+00:00,1280,720,equirectangular
338372728,07,vimeo,cc-by-nc-nd,https://vimeo.com/338372728,2019-05-25T01:11:41+00:00,1280,720,equirectangular
338372728,05,vimeo,cc-by-nc-nd,https://vimeo.com/338372728,2019-05-25T01:11:41+00:00,1280,720,equirectangular
338372728,01,vimeo,cc-by-nc-nd,https://vimeo.com/338372728,2019-05-25T01:11:41+00:00,1280,720,equirectangular
338372728,06,vimeo,cc-by-nc-nd,https://vimeo.com/338372728,2019-05-25T01:11:41+00:00,1280,720,equirectangular
338372728,04,vimeo,cc-by-nc-nd,https://vimeo.com/338372728,2019-05-25T01:11:41+00:00,1280,720,equirectangular
338372728,02,vimeo,cc-by-nc-nd,https://vimeo.com/338372728,2019-05-25T01:11:41+00:00,1280,720,equirectangular
232861544,00,vimeo,cc-by,https://vimeo.com/232861544,2017-09-07T17:31:07+00:00,2048,1024,equirectangular
232864740,00,vimeo,cc-by,https://vimeo.com/232864740,2017-09-07T17:54:15+00:00,2048,1024,equirectangular
237377526,03,vimeo,cc-by-nc-nd,https://vimeo.com/237377526,2017-10-09T10:01:56+00:00,2048,1024,equirectangular
237377526,09,vimeo,cc-by-nc-nd,https://vimeo.com/237377526,2017-10-09T10:01:56+00:00,2048,1024,equirectangular
237377526,07,vimeo,cc-by-nc-nd,https://vimeo.com/237377526,2017-10-09T10:01:56+00:00,2048,1024,equirectangular
237377526,05,vimeo,cc-by-nc-nd,https://vimeo.com/237377526,2017-10-09T10:01:56+00:00,2048,1024,equirectangular
237377526,06,vimeo,cc-by-nc-nd,https://vimeo.com/237377526,2017-10-09T10:01:56+00:00,2048,1024,equirectangular
237377526,04,vimeo,cc-by-nc-nd,https://vimeo.com/237377526,2017-10-09T10:01:56+00:00,2048,1024,equirectangular
237377526,08,vimeo,cc-by-nc-nd,https://vimeo.com/237377526,2017-10-09T10:01:56+00:00,2048,1024,equirectangular
230694231,07,vimeo,cc-by,https://vimeo.com/230694231,2017-08-23T00:47:02+00:00,2048,1024,equirectangular
230694231,05,vimeo,cc-by,https://vimeo.com/230694231,2017-08-23T00:47:02+00:00,2048,1024,equirectangular
230694231,01,vimeo,cc-by,https://vimeo.com/230694231,2017-08-23T00:47:02+00:00,2048,1024,equirectangular
230694231,06,vimeo,cc-by,https://vimeo.com/230694231,2017-08-23T00:47:02+00:00,2048,1024,equirectangular
230694231,04,vimeo,cc-by,https://vimeo.com/230694231,2017-08-23T00:47:02+00:00,2048,1024,equirectangular
230694231,08,vimeo,cc-by,https://vimeo.com/230694231,2017-08-23T00:47:02+00:00,2048,1024,equirectangular
230694231,02,vimeo,cc-by,https://vimeo.com/230694231,2017-08-23T00:47:02+00:00,2048,1024,equirectangular
344289798,03,vimeo,cc-by-nc-nd,https://vimeo.com/344289798,2019-06-25T10:46:07+00:00,2048,1024,equirectangular
344289798,10,vimeo,cc-by-nc-nd,https://vimeo.com/344289798,2019-06-25T10:46:07+00:00,2048,1024,equirectangular
344289798,00,vimeo,cc-by-nc-nd,https://vimeo.com/344289798,2019-06-25T10:46:07+00:00,2048,1024,equirectangular
344289798,09,vimeo,cc-by-nc-nd,https://vimeo.com/344289798,2019-06-25T10:46:07+00:00,2048,1024,equirectangular
344289798,07,vimeo,cc-by-nc-nd,https://vimeo.com/344289798,2019-06-25T10:46:07+00:00,2048,1024,equirectangular
344289798,11,vimeo,cc-by-nc-nd,https://vimeo.com/344289798,2019-06-25T10:46:07+00:00,2048,1024,equirectangular
344289798,05,vimeo,cc-by-nc-nd,https://vimeo.com/344289798,2019-06-25T10:46:07+00:00,2048,1024,equirectangular
344289798,01,vimeo,cc-by-nc-nd,https://vimeo.com/344289798,2019-06-25T10:46:07+00:00,2048,1024,equirectangular
344289798,06,vimeo,cc-by-nc-nd,https://vimeo.com/344289798,2019-06-25T10:46:07+00:00,2048,1024,equirectangular
344289798,04,vimeo,cc-by-nc-nd,https://vimeo.com/344289798,2019-06-25T10:46:07+00:00,2048,1024,equirectangular
344289798,08,vimeo,cc-by-nc-nd,https://vimeo.com/344289798,2019-06-25T10:46:07+00:00,2048,1024,equirectangular
344289798,02,vimeo,cc-by-nc-nd,https://vimeo.com/344289798,2019-06-25T10:46:07+00:00,2048,1024,equirectangular
219409815,03,vimeo,cc-by-nc-nd,https://vimeo.com/219409815,2017-05-29T18:04:38+00:00,2048,1024,equirectangular
219409815,07,vimeo,cc-by-nc-nd,https://vimeo.com/219409815,2017-05-29T18:04:38+00:00,2048,1024,equirectangular
219409815,05,vimeo,cc-by-nc-nd,https://vimeo.com/219409815,2017-05-29T18:04:38+00:00,2048,1024,equirectangular
219409815,01,vimeo,cc-by-nc-nd,https://vimeo.com/219409815,2017-05-29T18:04:38+00:00,2048,1024,equirectangular
219409815,06,vimeo,cc-by-nc-nd,https://vimeo.com/219409815,2017-05-29T18:04:38+00:00,2048,1024,equirectangular
219409815,04,vimeo,cc-by-nc-nd,https://vimeo.com/219409815,2017-05-29T18:04:38+00:00,2048,1024,equirectangular
219409815,08,vimeo,cc-by-nc-nd,https://vimeo.com/219409815,2017-05-29T18:04:38+00:00,2048,1024,equirectangular
219409815,02,vimeo,cc-by-nc-nd,https://vimeo.com/219409815,2017-05-29T18:04:38+00:00,2048,1024,equirectangular
278868382,15,vimeo,cc-by,https://vimeo.com/278868382,2018-07-08T04:43:34+00:00,2048,1024,equirectangular
278868382,22,vimeo,cc-by,https://vimeo.com/278868382,2018-07-08T04:43:34+00:00,2048,1024,equirectangular
278868382,03,vimeo,cc-by,https://vimeo.com/278868382,2018-07-08T04:43:34+00:00,2048,1024,equirectangular
278868382,23,vimeo,cc-by,https://vimeo.com/278868382,2018-07-08T04:43:34+00:00,2048,1024,equirectangular
278868382,10,vimeo,cc-by,https://vimeo.com/278868382,2018-07-08T04:43:34+00:00,2048,1024,equirectangular
278868382,13,vimeo,cc-by,https://vimeo.com/278868382,2018-07-08T04:43:34+00:00,2048,1024,equirectangular
278868382,17,vimeo,cc-by,https://vimeo.com/278868382,2018-07-08T04:43:34+00:00,2048,1024,equirectangular
278868382,16,vimeo,cc-by,https://vimeo.com/278868382,2018-07-08T04:43:34+00:00,2048,1024,equirectangular
278868382,00,vimeo,cc-by,https://vimeo.com/278868382,2018-07-08T04:43:34+00:00,2048,1024,equirectangular
278868382,18,vimeo,cc-by,https://vimeo.com/278868382,2018-07-08T04:43:34+00:00,2048,1024,equirectangular
278868382,24,vimeo,cc-by,https://vimeo.com/278868382,2018-07-08T04:43:34+00:00,2048,1024,equirectangular
278868382,09,vimeo,cc-by,https://vimeo.com/278868382,2018-07-08T04:43:34+00:00,2048,1024,equirectangular
278868382,07,vimeo,cc-by,https://vimeo.com/278868382,2018-07-08T04:43:34+00:00,2048,1024,equirectangular
278868382,11,vimeo,cc-by,https://vimeo.com/278868382,2018-07-08T04:43:34+00:00,2048,1024,equirectangular
278868382,05,vimeo,cc-by,https://vimeo.com/278868382,2018-07-08T04:43:34+00:00,2048,1024,equirectangular
278868382,20,vimeo,cc-by,https://vimeo.com/278868382,2018-07-08T04:43:34+00:00,2048,1024,equirectangular
278868382,12,vimeo,cc-by,https://vimeo.com/278868382,2018-07-08T04:43:34+00:00,2048,1024,equirectangular
278868382,14,vimeo,cc-by,https://vimeo.com/278868382,2018-07-08T04:43:34+00:00,2048,1024,equirectangular
278868382,01,vimeo,cc-by,https://vimeo.com/278868382,2018-07-08T04:43:34+00:00,2048,1024,equirectangular
278868382,06,vimeo,cc-by,https://vimeo.com/278868382,2018-07-08T04:43:34+00:00,2048,1024,equirectangular
278868382,04,vimeo,cc-by,https://vimeo.com/278868382,2018-07-08T04:43:34+00:00,2048,1024,equirectangular
278868382,19,vimeo,cc-by,https://vimeo.com/278868382,2018-07-08T04:43:34+00:00,2048,1024,equirectangular
278868382,08,vimeo,cc-by,https://vimeo.com/278868382,2018-07-08T04:43:34+00:00,2048,1024,equirectangular
278868382,02,vimeo,cc-by,https://vimeo.com/278868382,2018-07-08T04:43:34+00:00,2048,1024,equirectangular
278868382,21,vimeo,cc-by,https://vimeo.com/278868382,2018-07-08T04:43:34+00:00,2048,1024,equirectangular
284097305,30,vimeo,cc-by,https://vimeo.com/284097305,2018-08-09T07:13:13+00:00,2048,1024,equirectangular
284097305,34,vimeo,cc-by,https://vimeo.com/284097305,2018-08-09T07:13:13+00:00,2048,1024,equirectangular
284097305,15,vimeo,cc-by,https://vimeo.com/284097305,2018-08-09T07:13:13+00:00,2048,1024,equirectangular
284097305,22,vimeo,cc-by,https://vimeo.com/284097305,2018-08-09T07:13:13+00:00,2048,1024,equirectangular
284097305,03,vimeo,cc-by,https://vimeo.com/284097305,2018-08-09T07:13:13+00:00,2048,1024,equirectangular
284097305,23,vimeo,cc-by,https://vimeo.com/284097305,2018-08-09T07:13:13+00:00,2048,1024,equirectangular
284097305,10,vimeo,cc-by,https://vimeo.com/284097305,2018-08-09T07:13:13+00:00,2048,1024,equirectangular
284097305,13,vimeo,cc-by,https://vimeo.com/284097305,2018-08-09T07:13:13+00:00,2048,1024,equirectangular
284097305,17,vimeo,cc-by,https://vimeo.com/284097305,2018-08-09T07:13:13+00:00,2048,1024,equirectangular
284097305,36,vimeo,cc-by,https://vimeo.com/284097305,2018-08-09T07:13:13+00:00,2048,1024,equirectangular
284097305,45,vimeo,cc-by,https://vimeo.com/284097305,2018-08-09T07:13:13+00:00,2048,1024,equirectangular
284097305,31,vimeo,cc-by,https://vimeo.com/284097305,2018-08-09T07:13:13+00:00,2048,1024,equirectangular
284097305,16,vimeo,cc-by,https://vimeo.com/284097305,2018-08-09T07:13:13+00:00,2048,1024,equirectangular
284097305,35,vimeo,cc-by,https://vimeo.com/284097305,2018-08-09T07:13:13+00:00,2048,1024,equirectangular
284097305,00,vimeo,cc-by,https://vimeo.com/284097305,2018-08-09T07:13:13+00:00,2048,1024,equirectangular
284097305,25,vimeo,cc-by,https://vimeo.com/284097305,2018-08-09T07:13:13+00:00,2048,1024,equirectangular
284097305,18,vimeo,cc-by,https://vimeo.com/284097305,2018-08-09T07:13:13+00:00,2048,1024,equirectangular
284097305,24,vimeo,cc-by,https://vimeo.com/284097305,2018-08-09T07:13:13+00:00,2048,1024,equirectangular
284097305,09,vimeo,cc-by,https://vimeo.com/284097305,2018-08-09T07:13:13+00:00,2048,1024,equirectangular
284097305,26,vimeo,cc-by,https://vimeo.com/284097305,2018-08-09T07:13:13+00:00,2048,1024,equirectangular
284097305,41,vimeo,cc-by,https://vimeo.com/284097305,2018-08-09T07:13:13+00:00,2048,1024,equirectangular
284097305,44,vimeo,cc-by,https://vimeo.com/284097305,2018-08-09T07:13:13+00:00,2048,1024,equirectangular
284097305,07,vimeo,cc-by,https://vimeo.com/284097305,2018-08-09T07:13:13+00:00,2048,1024,equirectangular
284097305,29,vimeo,cc-by,https://vimeo.com/284097305,2018-08-09T07:13:13+00:00,2048,1024,equirectangular
284097305,37,vimeo,cc-by,https://vimeo.com/284097305,2018-08-09T07:13:13+00:00,2048,1024,equirectangular
284097305,28,vimeo,cc-by,https://vimeo.com/284097305,2018-08-09T07:13:13+00:00,2048,1024,equirectangular
284097305,11,vimeo,cc-by,https://vimeo.com/284097305,2018-08-09T07:13:13+00:00,2048,1024,equirectangular
284097305,33,vimeo,cc-by,https://vimeo.com/284097305,2018-08-09T07:13:13+00:00,2048,1024,equirectangular
284097305,05,vimeo,cc-by,https://vimeo.com/284097305,2018-08-09T07:13:13+00:00,2048,1024,equirectangular
284097305,20,vimeo,cc-by,https://vimeo.com/284097305,2018-08-09T07:13:13+00:00,2048,1024,equirectangular
284097305,12,vimeo,cc-by,https://vimeo.com/284097305,2018-08-09T07:13:13+00:00,2048,1024,equirectangular
284097305,14,vimeo,cc-by,https://vimeo.com/284097305,2018-08-09T07:13:13+00:00,2048,1024,equirectangular
284097305,01,vimeo,cc-by,https://vimeo.com/284097305,2018-08-09T07:13:13+00:00,2048,1024,equirectangular
284097305,32,vimeo,cc-by,https://vimeo.com/284097305,2018-08-09T07:13:13+00:00,2048,1024,equirectangular
284097305,40,vimeo,cc-by,https://vimeo.com/284097305,2018-08-09T07:13:13+00:00,2048,1024,equirectangular
284097305,06,vimeo,cc-by,https://vimeo.com/284097305,2018-08-09T07:13:13+00:00,2048,1024,equirectangular
284097305,42,vimeo,cc-by,https://vimeo.com/284097305,2018-08-09T07:13:13+00:00,2048,1024,equirectangular
284097305,04,vimeo,cc-by,https://vimeo.com/284097305,2018-08-09T07:13:13+00:00,2048,1024,equirectangular
284097305,19,vimeo,cc-by,https://vimeo.com/284097305,2018-08-09T07:13:13+00:00,2048,1024,equirectangular
284097305,27,vimeo,cc-by,https://vimeo.com/284097305,2018-08-09T07:13:13+00:00,2048,1024,equirectangular
284097305,08,vimeo,cc-by,https://vimeo.com/284097305,2018-08-09T07:13:13+00:00,2048,1024,equirectangular
284097305,02,vimeo,cc-by,https://vimeo.com/284097305,2018-08-09T07:13:13+00:00,2048,1024,equirectangular
284097305,38,vimeo,cc-by,https://vimeo.com/284097305,2018-08-09T07:13:13+00:00,2048,1024,equirectangular
284097305,21,vimeo,cc-by,https://vimeo.com/284097305,2018-08-09T07:13:13+00:00,2048,1024,equirectangular
284097305,43,vimeo,cc-by,https://vimeo.com/284097305,2018-08-09T07:13:13+00:00,2048,1024,equirectangular
284097305,39,vimeo,cc-by,https://vimeo.com/284097305,2018-08-09T07:13:13+00:00,2048,1024,equirectangular
279311265,10,vimeo,cc-by-nc,https://vimeo.com/279311265,2018-07-10T17:20:29+00:00,2048,1024,equirectangular
279311265,11,vimeo,cc-by-nc,https://vimeo.com/279311265,2018-07-10T17:20:29+00:00,2048,1024,equirectangular
282641557,15,vimeo,cc-by,https://vimeo.com/282641557,2018-08-01T08:58:22+00:00,2048,1024,equirectangular
282641557,22,vimeo,cc-by,https://vimeo.com/282641557,2018-08-01T08:58:22+00:00,2048,1024,equirectangular
282641557,03,vimeo,cc-by,https://vimeo.com/282641557,2018-08-01T08:58:22+00:00,2048,1024,equirectangular
282641557,23,vimeo,cc-by,https://vimeo.com/282641557,2018-08-01T08:58:22+00:00,2048,1024,equirectangular
282641557,10,vimeo,cc-by,https://vimeo.com/282641557,2018-08-01T08:58:22+00:00,2048,1024,equirectangular
282641557,13,vimeo,cc-by,https://vimeo.com/282641557,2018-08-01T08:58:22+00:00,2048,1024,equirectangular
282641557,17,vimeo,cc-by,https://vimeo.com/282641557,2018-08-01T08:58:22+00:00,2048,1024,equirectangular
282641557,16,vimeo,cc-by,https://vimeo.com/282641557,2018-08-01T08:58:22+00:00,2048,1024,equirectangular
282641557,00,vimeo,cc-by,https://vimeo.com/282641557,2018-08-01T08:58:22+00:00,2048,1024,equirectangular
282641557,25,vimeo,cc-by,https://vimeo.com/282641557,2018-08-01T08:58:22+00:00,2048,1024,equirectangular
282641557,18,vimeo,cc-by,https://vimeo.com/282641557,2018-08-01T08:58:22+00:00,2048,1024,equirectangular
282641557,24,vimeo,cc-by,https://vimeo.com/282641557,2018-08-01T08:58:22+00:00,2048,1024,equirectangular
282641557,09,vimeo,cc-by,https://vimeo.com/282641557,2018-08-01T08:58:22+00:00,2048,1024,equirectangular
282641557,07,vimeo,cc-by,https://vimeo.com/282641557,2018-08-01T08:58:22+00:00,2048,1024,equirectangular
282641557,11,vimeo,cc-by,https://vimeo.com/282641557,2018-08-01T08:58:22+00:00,2048,1024,equirectangular
282641557,05,vimeo,cc-by,https://vimeo.com/282641557,2018-08-01T08:58:22+00:00,2048,1024,equirectangular
282641557,20,vimeo,cc-by,https://vimeo.com/282641557,2018-08-01T08:58:22+00:00,2048,1024,equirectangular
282641557,12,vimeo,cc-by,https://vimeo.com/282641557,2018-08-01T08:58:22+00:00,2048,1024,equirectangular
282641557,14,vimeo,cc-by,https://vimeo.com/282641557,2018-08-01T08:58:22+00:00,2048,1024,equirectangular
282641557,01,vimeo,cc-by,https://vimeo.com/282641557,2018-08-01T08:58:22+00:00,2048,1024,equirectangular
282641557,06,vimeo,cc-by,https://vimeo.com/282641557,2018-08-01T08:58:22+00:00,2048,1024,equirectangular
282641557,04,vimeo,cc-by,https://vimeo.com/282641557,2018-08-01T08:58:22+00:00,2048,1024,equirectangular
282641557,19,vimeo,cc-by,https://vimeo.com/282641557,2018-08-01T08:58:22+00:00,2048,1024,equirectangular
282641557,08,vimeo,cc-by,https://vimeo.com/282641557,2018-08-01T08:58:22+00:00,2048,1024,equirectangular
282641557,02,vimeo,cc-by,https://vimeo.com/282641557,2018-08-01T08:58:22+00:00,2048,1024,equirectangular
282641557,21,vimeo,cc-by,https://vimeo.com/282641557,2018-08-01T08:58:22+00:00,2048,1024,equirectangular
298970106,00,vimeo,cc-by-nc-nd,https://vimeo.com/298970106,2018-11-05T10:54:20+00:00,2048,1024,equirectangular
573297418,00,vimeo,cc-by-nc-sa,https://vimeo.com/573297418,2021-07-10T05:42:02+00:00,1080,540,equirectangular
573297418,01,vimeo,cc-by-nc-sa,https://vimeo.com/573297418,2021-07-10T05:42:02+00:00,1080,540,equirectangular
573297418,02,vimeo,cc-by-nc-sa,https://vimeo.com/573297418,2021-07-10T05:42:02+00:00,1080,540,equirectangular
343435437,00,vimeo,cc-by-nc-sa,https://vimeo.com/343435437,2019-06-20T12:36:20+00:00,2048,1024,equirectangular
298503900,03,vimeo,cc-by-nc-sa,https://vimeo.com/298503900,2018-11-02T01:44:46+00:00,1080,540,equirectangular
298503900,10,vimeo,cc-by-nc-sa,https://vimeo.com/298503900,2018-11-02T01:44:46+00:00,1080,540,equirectangular
298503900,00,vimeo,cc-by-nc-sa,https://vimeo.com/298503900,2018-11-02T01:44:46+00:00,1080,540,equirectangular
298503900,09,vimeo,cc-by-nc-sa,https://vimeo.com/298503900,2018-11-02T01:44:46+00:00,1080,540,equirectangular
298503900,07,vimeo,cc-by-nc-sa,https://vimeo.com/298503900,2018-11-02T01:44:46+00:00,1080,540,equirectangular
298503900,11,vimeo,cc-by-nc-sa,https://vimeo.com/298503900,2018-11-02T01:44:46+00:00,1080,540,equirectangular
298503900,05,vimeo,cc-by-nc-sa,https://vimeo.com/298503900,2018-11-02T01:44:46+00:00,1080,540,equirectangular
298503900,12,vimeo,cc-by-nc-sa,https://vimeo.com/298503900,2018-11-02T01:44:46+00:00,1080,540,equirectangular
298503900,06,vimeo,cc-by-nc-sa,https://vimeo.com/298503900,2018-11-02T01:44:46+00:00,1080,540,equirectangular
298503900,04,vimeo,cc-by-nc-sa,https://vimeo.com/298503900,2018-11-02T01:44:46+00:00,1080,540,equirectangular
298503900,08,vimeo,cc-by-nc-sa,https://vimeo.com/298503900,2018-11-02T01:44:46+00:00,1080,540,equirectangular
298503900,02,vimeo,cc-by-nc-sa,https://vimeo.com/298503900,2018-11-02T01:44:46+00:00,1080,540,equirectangular
299203314,03,vimeo,cc-by-nc-nd,https://vimeo.com/299203314,2018-11-06T12:18:13+00:00,2048,1024,equirectangular
299203314,00,vimeo,cc-by-nc-nd,https://vimeo.com/299203314,2018-11-06T12:18:13+00:00,2048,1024,equirectangular
299203314,05,vimeo,cc-by-nc-nd,https://vimeo.com/299203314,2018-11-06T12:18:13+00:00,2048,1024,equirectangular
299203314,01,vimeo,cc-by-nc-nd,https://vimeo.com/299203314,2018-11-06T12:18:13+00:00,2048,1024,equirectangular
299203314,04,vimeo,cc-by-nc-nd,https://vimeo.com/299203314,2018-11-06T12:18:13+00:00,2048,1024,equirectangular
299203314,02,vimeo,cc-by-nc-nd,https://vimeo.com/299203314,2018-11-06T12:18:13+00:00,2048,1024,equirectangular
215883547,15,vimeo,cc-by-nc-nd,https://vimeo.com/215883547,2017-05-03T18:32:16+00:00,1920,960,equirectangular
215883547,22,vimeo,cc-by-nc-nd,https://vimeo.com/215883547,2017-05-03T18:32:16+00:00,1920,960,equirectangular
215883547,03,vimeo,cc-by-nc-nd,https://vimeo.com/215883547,2017-05-03T18:32:16+00:00,1920,960,equirectangular
215883547,10,vimeo,cc-by-nc-nd,https://vimeo.com/215883547,2017-05-03T18:32:16+00:00,1920,960,equirectangular
215883547,13,vimeo,cc-by-nc-nd,https://vimeo.com/215883547,2017-05-03T18:32:16+00:00,1920,960,equirectangular
215883547,17,vimeo,cc-by-nc-nd,https://vimeo.com/215883547,2017-05-03T18:32:16+00:00,1920,960,equirectangular
215883547,16,vimeo,cc-by-nc-nd,https://vimeo.com/215883547,2017-05-03T18:32:16+00:00,1920,960,equirectangular
215883547,09,vimeo,cc-by-nc-nd,https://vimeo.com/215883547,2017-05-03T18:32:16+00:00,1920,960,equirectangular
215883547,07,vimeo,cc-by-nc-nd,https://vimeo.com/215883547,2017-05-03T18:32:16+00:00,1920,960,equirectangular
215883547,11,vimeo,cc-by-nc-nd,https://vimeo.com/215883547,2017-05-03T18:32:16+00:00,1920,960,equirectangular
215883547,05,vimeo,cc-by-nc-nd,https://vimeo.com/215883547,2017-05-03T18:32:16+00:00,1920,960,equirectangular
215883547,12,vimeo,cc-by-nc-nd,https://vimeo.com/215883547,2017-05-03T18:32:16+00:00,1920,960,equirectangular
215883547,14,vimeo,cc-by-nc-nd,https://vimeo.com/215883547,2017-05-03T18:32:16+00:00,1920,960,equirectangular
215883547,01,vimeo,cc-by-nc-nd,https://vimeo.com/215883547,2017-05-03T18:32:16+00:00,1920,960,equirectangular
215883547,06,vimeo,cc-by-nc-nd,https://vimeo.com/215883547,2017-05-03T18:32:16+00:00,1920,960,equirectangular
215883547,04,vimeo,cc-by-nc-nd,https://vimeo.com/215883547,2017-05-03T18:32:16+00:00,1920,960,equirectangular
215883547,19,vimeo,cc-by-nc-nd,https://vimeo.com/215883547,2017-05-03T18:32:16+00:00,1920,960,equirectangular
215883547,08,vimeo,cc-by-nc-nd,https://vimeo.com/215883547,2017-05-03T18:32:16+00:00,1920,960,equirectangular
215883547,02,vimeo,cc-by-nc-nd,https://vimeo.com/215883547,2017-05-03T18:32:16+00:00,1920,960,equirectangular
325845256,03,vimeo,cc-by-nc-sa,https://vimeo.com/325845256,2019-03-22T11:10:35+00:00,2048,878,equirectangular
325845256,00,vimeo,cc-by-nc-sa,https://vimeo.com/325845256,2019-03-22T11:10:35+00:00,2048,878,equirectangular
325845256,07,vimeo,cc-by-nc-sa,https://vimeo.com/325845256,2019-03-22T11:10:35+00:00,2048,878,equirectangular
325845256,05,vimeo,cc-by-nc-sa,https://vimeo.com/325845256,2019-03-22T11:10:35+00:00,2048,878,equirectangular
325845256,01,vimeo,cc-by-nc-sa,https://vimeo.com/325845256,2019-03-22T11:10:35+00:00,2048,878,equirectangular
325845256,06,vimeo,cc-by-nc-sa,https://vimeo.com/325845256,2019-03-22T11:10:35+00:00,2048,878,equirectangular
325845256,04,vimeo,cc-by-nc-sa,https://vimeo.com/325845256,2019-03-22T11:10:35+00:00,2048,878,equirectangular
325845256,08,vimeo,cc-by-nc-sa,https://vimeo.com/325845256,2019-03-22T11:10:35+00:00,2048,878,equirectangular
325845256,02,vimeo,cc-by-nc-sa,https://vimeo.com/325845256,2019-03-22T11:10:35+00:00,2048,878,equirectangular
316844425,15,vimeo,cc-by-nc-sa,https://vimeo.com/316844425,2019-02-12T17:53:20+00:00,2048,1024,equirectangular
316844425,03,vimeo,cc-by-nc-sa,https://vimeo.com/316844425,2019-02-12T17:53:20+00:00,2048,1024,equirectangular
316844425,10,vimeo,cc-by-nc-sa,https://vimeo.com/316844425,2019-02-12T17:53:20+00:00,2048,1024,equirectangular
316844425,13,vimeo,cc-by-nc-sa,https://vimeo.com/316844425,2019-02-12T17:53:20+00:00,2048,1024,equirectangular
316844425,16,vimeo,cc-by-nc-sa,https://vimeo.com/316844425,2019-02-12T17:53:20+00:00,2048,1024,equirectangular
316844425,09,vimeo,cc-by-nc-sa,https://vimeo.com/316844425,2019-02-12T17:53:20+00:00,2048,1024,equirectangular
316844425,07,vimeo,cc-by-nc-sa,https://vimeo.com/316844425,2019-02-12T17:53:20+00:00,2048,1024,equirectangular
316844425,11,vimeo,cc-by-nc-sa,https://vimeo.com/316844425,2019-02-12T17:53:20+00:00,2048,1024,equirectangular
316844425,05,vimeo,cc-by-nc-sa,https://vimeo.com/316844425,2019-02-12T17:53:20+00:00,2048,1024,equirectangular
316844425,12,vimeo,cc-by-nc-sa,https://vimeo.com/316844425,2019-02-12T17:53:20+00:00,2048,1024,equirectangular
316844425,14,vimeo,cc-by-nc-sa,https://vimeo.com/316844425,2019-02-12T17:53:20+00:00,2048,1024,equirectangular
316844425,01,vimeo,cc-by-nc-sa,https://vimeo.com/316844425,2019-02-12T17:53:20+00:00,2048,1024,equirectangular
316844425,06,vimeo,cc-by-nc-sa,https://vimeo.com/316844425,2019-02-12T17:53:20+00:00,2048,1024,equirectangular
316844425,04,vimeo,cc-by-nc-sa,https://vimeo.com/316844425,2019-02-12T17:53:20+00:00,2048,1024,equirectangular
316844425,08,vimeo,cc-by-nc-sa,https://vimeo.com/316844425,2019-02-12T17:53:20+00:00,2048,1024,equirectangular
316844425,02,vimeo,cc-by-nc-sa,https://vimeo.com/316844425,2019-02-12T17:53:20+00:00,2048,1024,equirectangular
228852047,03,vimeo,cc-by,https://vimeo.com/228852047,2017-08-08T17:45:52+00:00,2048,1024,equirectangular
228852047,00,vimeo,cc-by,https://vimeo.com/228852047,2017-08-08T17:45:52+00:00,2048,1024,equirectangular
228852047,07,vimeo,cc-by,https://vimeo.com/228852047,2017-08-08T17:45:52+00:00,2048,1024,equirectangular
228852047,05,vimeo,cc-by,https://vimeo.com/228852047,2017-08-08T17:45:52+00:00,2048,1024,equirectangular
228852047,01,vimeo,cc-by,https://vimeo.com/228852047,2017-08-08T17:45:52+00:00,2048,1024,equirectangular
228852047,06,vimeo,cc-by,https://vimeo.com/228852047,2017-08-08T17:45:52+00:00,2048,1024,equirectangular
228852047,04,vimeo,cc-by,https://vimeo.com/228852047,2017-08-08T17:45:52+00:00,2048,1024,equirectangular
228852047,02,vimeo,cc-by,https://vimeo.com/228852047,2017-08-08T17:45:52+00:00,2048,1024,equirectangular
243882327,03,vimeo,cc-by-nd,https://vimeo.com/243882327,2017-11-21T16:09:50+00:00,2048,1024,equirectangular
243882327,00,vimeo,cc-by-nd,https://vimeo.com/243882327,2017-11-21T16:09:50+00:00,2048,1024,equirectangular
243882327,05,vimeo,cc-by-nd,https://vimeo.com/243882327,2017-11-21T16:09:50+00:00,2048,1024,equirectangular
243882327,01,vimeo,cc-by-nd,https://vimeo.com/243882327,2017-11-21T16:09:50+00:00,2048,1024,equirectangular
243882327,04,vimeo,cc-by-nd,https://vimeo.com/243882327,2017-11-21T16:09:50+00:00,2048,1024,equirectangular
243882327,02,vimeo,cc-by-nd,https://vimeo.com/243882327,2017-11-21T16:09:50+00:00,2048,1024,equirectangular
208189816,00,vimeo,cc-by-nc-nd,https://vimeo.com/208189816,2017-03-13T19:08:29+00:00,1920,960,equirectangular
261346436,03,vimeo,cc-by-sa,https://vimeo.com/261346436,2018-03-22T17:11:35+00:00,2048,1024,equirectangular
261346436,00,vimeo,cc-by-sa,https://vimeo.com/261346436,2018-03-22T17:11:35+00:00,2048,1024,equirectangular
261346436,01,vimeo,cc-by-sa,https://vimeo.com/261346436,2018-03-22T17:11:35+00:00,2048,1024,equirectangular
261346436,02,vimeo,cc-by-sa,https://vimeo.com/261346436,2018-03-22T17:11:35+00:00,2048,1024,equirectangular
208420191,00,vimeo,cc-by-nc-nd,https://vimeo.com/208420191,2017-03-15T02:13:36+00:00,1920,1080,equirectangular
208420191,01,vimeo,cc-by-nc-nd,https://vimeo.com/208420191,2017-03-15T02:13:36+00:00,1920,1080,equirectangular
327088292,00,vimeo,cc-by-nc-sa,https://vimeo.com/327088292,2019-03-28T16:11:58+00:00,2048,1024,equirectangular
327088292,01,vimeo,cc-by-nc-sa,https://vimeo.com/327088292,2019-03-28T16:11:58+00:00,2048,1024,equirectangular
227664695,01,vimeo,cc-by-nc-nd,https://vimeo.com/227664695,2017-07-31T00:22:15+00:00,2048,1024,equirectangular
227664695,04,vimeo,cc-by-nc-nd,https://vimeo.com/227664695,2017-07-31T00:22:15+00:00,2048,1024,equirectangular
227664695,02,vimeo,cc-by-nc-nd,https://vimeo.com/227664695,2017-07-31T00:22:15+00:00,2048,1024,equirectangular
523548202,03,vimeo,cc-by-sa,https://vimeo.com/523548202,2021-03-14T22:34:19+00:00,2048,1024,equirectangular
523548202,00,vimeo,cc-by-sa,https://vimeo.com/523548202,2021-03-14T22:34:19+00:00,2048,1024,equirectangular
523548202,07,vimeo,cc-by-sa,https://vimeo.com/523548202,2021-03-14T22:34:19+00:00,2048,1024,equirectangular
523548202,05,vimeo,cc-by-sa,https://vimeo.com/523548202,2021-03-14T22:34:19+00:00,2048,1024,equirectangular
523548202,06,vimeo,cc-by-sa,https://vimeo.com/523548202,2021-03-14T22:34:19+00:00,2048,1024,equirectangular
523548202,04,vimeo,cc-by-sa,https://vimeo.com/523548202,2021-03-14T22:34:19+00:00,2048,1024,equirectangular
523548202,02,vimeo,cc-by-sa,https://vimeo.com/523548202,2021-03-14T22:34:19+00:00,2048,1024,equirectangular
334249783,03,vimeo,cc-by,https://vimeo.com/334249783,2019-05-05T09:52:12+00:00,2048,1024,equirectangular
334249783,10,vimeo,cc-by,https://vimeo.com/334249783,2019-05-05T09:52:12+00:00,2048,1024,equirectangular
334249783,00,vimeo,cc-by,https://vimeo.com/334249783,2019-05-05T09:52:12+00:00,2048,1024,equirectangular
334249783,09,vimeo,cc-by,https://vimeo.com/334249783,2019-05-05T09:52:12+00:00,2048,1024,equirectangular
334249783,07,vimeo,cc-by,https://vimeo.com/334249783,2019-05-05T09:52:12+00:00,2048,1024,equirectangular
334249783,11,vimeo,cc-by,https://vimeo.com/334249783,2019-05-05T09:52:12+00:00,2048,1024,equirectangular
334249783,05,vimeo,cc-by,https://vimeo.com/334249783,2019-05-05T09:52:12+00:00,2048,1024,equirectangular
334249783,12,vimeo,cc-by,https://vimeo.com/334249783,2019-05-05T09:52:12+00:00,2048,1024,equirectangular
334249783,01,vimeo,cc-by,https://vimeo.com/334249783,2019-05-05T09:52:12+00:00,2048,1024,equirectangular
334249783,06,vimeo,cc-by,https://vimeo.com/334249783,2019-05-05T09:52:12+00:00,2048,1024,equirectangular
334249783,04,vimeo,cc-by,https://vimeo.com/334249783,2019-05-05T09:52:12+00:00,2048,1024,equirectangular
334249783,08,vimeo,cc-by,https://vimeo.com/334249783,2019-05-05T09:52:12+00:00,2048,1024,equirectangular
334249783,02,vimeo,cc-by,https://vimeo.com/334249783,2019-05-05T09:52:12+00:00,2048,1024,equirectangular
487278538,50,vimeo,cc-by,https://vimeo.com/487278538,2020-12-04T15:38:58+00:00,2048,1024,equirectangular
487278538,30,vimeo,cc-by,https://vimeo.com/487278538,2020-12-04T15:38:58+00:00,2048,1024,equirectangular
487278538,15,vimeo,cc-by,https://vimeo.com/487278538,2020-12-04T15:38:58+00:00,2048,1024,equirectangular
487278538,65,vimeo,cc-by,https://vimeo.com/487278538,2020-12-04T15:38:58+00:00,2048,1024,equirectangular
487278538,22,vimeo,cc-by,https://vimeo.com/487278538,2020-12-04T15:38:58+00:00,2048,1024,equirectangular
487278538,76,vimeo,cc-by,https://vimeo.com/487278538,2020-12-04T15:38:58+00:00,2048,1024,equirectangular
487278538,71,vimeo,cc-by,https://vimeo.com/487278538,2020-12-04T15:38:58+00:00,2048,1024,equirectangular
487278538,03,vimeo,cc-by,https://vimeo.com/487278538,2020-12-04T15:38:58+00:00,2048,1024,equirectangular
487278538,23,vimeo,cc-by,https://vimeo.com/487278538,2020-12-04T15:38:58+00:00,2048,1024,equirectangular
487278538,52,vimeo,cc-by,https://vimeo.com/487278538,2020-12-04T15:38:58+00:00,2048,1024,equirectangular
487278538,57,vimeo,cc-by,https://vimeo.com/487278538,2020-12-04T15:38:58+00:00,2048,1024,equirectangular
487278538,10,vimeo,cc-by,https://vimeo.com/487278538,2020-12-04T15:38:58+00:00,2048,1024,equirectangular
487278538,13,vimeo,cc-by,https://vimeo.com/487278538,2020-12-04T15:38:58+00:00,2048,1024,equirectangular
487278538,17,vimeo,cc-by,https://vimeo.com/487278538,2020-12-04T15:38:58+00:00,2048,1024,equirectangular
487278538,36,vimeo,cc-by,https://vimeo.com/487278538,2020-12-04T15:38:58+00:00,2048,1024,equirectangular
487278538,74,vimeo,cc-by,https://vimeo.com/487278538,2020-12-04T15:38:58+00:00,2048,1024,equirectangular
487278538,59,vimeo,cc-by,https://vimeo.com/487278538,2020-12-04T15:38:58+00:00,2048,1024,equirectangular
487278538,31,vimeo,cc-by,https://vimeo.com/487278538,2020-12-04T15:38:58+00:00,2048,1024,equirectangular
487278538,16,vimeo,cc-by,https://vimeo.com/487278538,2020-12-04T15:38:58+00:00,2048,1024,equirectangular
487278538,63,vimeo,cc-by,https://vimeo.com/487278538,2020-12-04T15:38:58+00:00,2048,1024,equirectangular
487278538,60,vimeo,cc-by,https://vimeo.com/487278538,2020-12-04T15:38:58+00:00,2048,1024,equirectangular
487278538,35,vimeo,cc-by,https://vimeo.com/487278538,2020-12-04T15:38:58+00:00,2048,1024,equirectangular
487278538,00,vimeo,cc-by,https://vimeo.com/487278538,2020-12-04T15:38:58+00:00,2048,1024,equirectangular
487278538,18,vimeo,cc-by,https://vimeo.com/487278538,2020-12-04T15:38:58+00:00,2048,1024,equirectangular
487278538,09,vimeo,cc-by,https://vimeo.com/487278538,2020-12-04T15:38:58+00:00,2048,1024,equirectangular
487278538,68,vimeo,cc-by,https://vimeo.com/487278538,2020-12-04T15:38:58+00:00,2048,1024,equirectangular
487278538,26,vimeo,cc-by,https://vimeo.com/487278538,2020-12-04T15:38:58+00:00,2048,1024,equirectangular
487278538,54,vimeo,cc-by,https://vimeo.com/487278538,2020-12-04T15:38:58+00:00,2048,1024,equirectangular
487278538,44,vimeo,cc-by,https://vimeo.com/487278538,2020-12-04T15:38:58+00:00,2048,1024,equirectangular
487278538,61,vimeo,cc-by,https://vimeo.com/487278538,2020-12-04T15:38:58+00:00,2048,1024,equirectangular
487278538,07,vimeo,cc-by,https://vimeo.com/487278538,2020-12-04T15:38:58+00:00,2048,1024,equirectangular
487278538,29,vimeo,cc-by,https://vimeo.com/487278538,2020-12-04T15:38:58+00:00,2048,1024,equirectangular
487278538,37,vimeo,cc-by,https://vimeo.com/487278538,2020-12-04T15:38:58+00:00,2048,1024,equirectangular
487278538,79,vimeo,cc-by,https://vimeo.com/487278538,2020-12-04T15:38:58+00:00,2048,1024,equirectangular
487278538,28,vimeo,cc-by,https://vimeo.com/487278538,2020-12-04T15:38:58+00:00,2048,1024,equirectangular
487278538,11,vimeo,cc-by,https://vimeo.com/487278538,2020-12-04T15:38:58+00:00,2048,1024,equirectangular
487278538,46,vimeo,cc-by,https://vimeo.com/487278538,2020-12-04T15:38:58+00:00,2048,1024,equirectangular
487278538,20,vimeo,cc-by,https://vimeo.com/487278538,2020-12-04T15:38:58+00:00,2048,1024,equirectangular
487278538,12,vimeo,cc-by,https://vimeo.com/487278538,2020-12-04T15:38:58+00:00,2048,1024,equirectangular
487278538,67,vimeo,cc-by,https://vimeo.com/487278538,2020-12-04T15:38:58+00:00,2048,1024,equirectangular
487278538,14,vimeo,cc-by,https://vimeo.com/487278538,2020-12-04T15:38:58+00:00,2048,1024,equirectangular
487278538,40,vimeo,cc-by,https://vimeo.com/487278538,2020-12-04T15:38:58+00:00,2048,1024,equirectangular
487278538,69,vimeo,cc-by,https://vimeo.com/487278538,2020-12-04T15:38:58+00:00,2048,1024,equirectangular
487278538,06,vimeo,cc-by,https://vimeo.com/487278538,2020-12-04T15:38:58+00:00,2048,1024,equirectangular
487278538,55,vimeo,cc-by,https://vimeo.com/487278538,2020-12-04T15:38:58+00:00,2048,1024,equirectangular
487278538,42,vimeo,cc-by,https://vimeo.com/487278538,2020-12-04T15:38:58+00:00,2048,1024,equirectangular
487278538,80,vimeo,cc-by,https://vimeo.com/487278538,2020-12-04T15:38:58+00:00,2048,1024,equirectangular
487278538,04,vimeo,cc-by,https://vimeo.com/487278538,2020-12-04T15:38:58+00:00,2048,1024,equirectangular
487278538,19,vimeo,cc-by,https://vimeo.com/487278538,2020-12-04T15:38:58+00:00,2048,1024,equirectangular
487278538,47,vimeo,cc-by,https://vimeo.com/487278538,2020-12-04T15:38:58+00:00,2048,1024,equirectangular
487278538,27,vimeo,cc-by,https://vimeo.com/487278538,2020-12-04T15:38:58+00:00,2048,1024,equirectangular
487278538,66,vimeo,cc-by,https://vimeo.com/487278538,2020-12-04T15:38:58+00:00,2048,1024,equirectangular
487278538,02,vimeo,cc-by,https://vimeo.com/487278538,2020-12-04T15:38:58+00:00,2048,1024,equirectangular
487278538,38,vimeo,cc-by,https://vimeo.com/487278538,2020-12-04T15:38:58+00:00,2048,1024,equirectangular
487278538,21,vimeo,cc-by,https://vimeo.com/487278538,2020-12-04T15:38:58+00:00,2048,1024,equirectangular
487278538,49,vimeo,cc-by,https://vimeo.com/487278538,2020-12-04T15:38:58+00:00,2048,1024,equirectangular
487278538,62,vimeo,cc-by,https://vimeo.com/487278538,2020-12-04T15:38:58+00:00,2048,1024,equirectangular
487278538,43,vimeo,cc-by,https://vimeo.com/487278538,2020-12-04T15:38:58+00:00,2048,1024,equirectangular
487278538,39,vimeo,cc-by,https://vimeo.com/487278538,2020-12-04T15:38:58+00:00,2048,1024,equirectangular
278308701,10,vimeo,cc-by-nd,https://vimeo.com/278308701,2018-07-04T11:51:26+00:00,2048,1024,equirectangular
278308701,11,vimeo,cc-by-nd,https://vimeo.com/278308701,2018-07-04T11:51:26+00:00,2048,1024,equirectangular
278308701,04,vimeo,cc-by-nd,https://vimeo.com/278308701,2018-07-04T11:51:26+00:00,2048,1024,equirectangular
265475924,03,vimeo,cc-by-nc-nd,https://vimeo.com/265475924,2018-04-18T22:57:58+00:00,1920,1080,equirectangular
265475924,01,vimeo,cc-by-nc-nd,https://vimeo.com/265475924,2018-04-18T22:57:58+00:00,1920,1080,equirectangular
265475924,02,vimeo,cc-by-nc-nd,https://vimeo.com/265475924,2018-04-18T22:57:58+00:00,1920,1080,equirectangular
294016566,00,vimeo,cc-by-nc,https://vimeo.com/294016566,2018-10-08T19:47:20+00:00,960,480,equirectangular
294016566,01,vimeo,cc-by-nc,https://vimeo.com/294016566,2018-10-08T19:47:20+00:00,960,480,equirectangular
294016566,02,vimeo,cc-by-nc,https://vimeo.com/294016566,2018-10-08T19:47:20+00:00,960,480,equirectangular
401081152,15,vimeo,cc-by-nc,https://vimeo.com/401081152,2020-03-26T19:07:14+00:00,2048,1024,equirectangular
401081152,22,vimeo,cc-by-nc,https://vimeo.com/401081152,2020-03-26T19:07:14+00:00,2048,1024,equirectangular
401081152,03,vimeo,cc-by-nc,https://vimeo.com/401081152,2020-03-26T19:07:14+00:00,2048,1024,equirectangular
401081152,10,vimeo,cc-by-nc,https://vimeo.com/401081152,2020-03-26T19:07:14+00:00,2048,1024,equirectangular
401081152,13,vimeo,cc-by-nc,https://vimeo.com/401081152,2020-03-26T19:07:14+00:00,2048,1024,equirectangular
401081152,17,vimeo,cc-by-nc,https://vimeo.com/401081152,2020-03-26T19:07:14+00:00,2048,1024,equirectangular
401081152,16,vimeo,cc-by-nc,https://vimeo.com/401081152,2020-03-26T19:07:14+00:00,2048,1024,equirectangular
401081152,00,vimeo,cc-by-nc,https://vimeo.com/401081152,2020-03-26T19:07:14+00:00,2048,1024,equirectangular
401081152,18,vimeo,cc-by-nc,https://vimeo.com/401081152,2020-03-26T19:07:14+00:00,2048,1024,equirectangular
401081152,09,vimeo,cc-by-nc,https://vimeo.com/401081152,2020-03-26T19:07:14+00:00,2048,1024,equirectangular
401081152,07,vimeo,cc-by-nc,https://vimeo.com/401081152,2020-03-26T19:07:14+00:00,2048,1024,equirectangular
401081152,11,vimeo,cc-by-nc,https://vimeo.com/401081152,2020-03-26T19:07:14+00:00,2048,1024,equirectangular
401081152,05,vimeo,cc-by-nc,https://vimeo.com/401081152,2020-03-26T19:07:14+00:00,2048,1024,equirectangular
401081152,20,vimeo,cc-by-nc,https://vimeo.com/401081152,2020-03-26T19:07:14+00:00,2048,1024,equirectangular
401081152,12,vimeo,cc-by-nc,https://vimeo.com/401081152,2020-03-26T19:07:14+00:00,2048,1024,equirectangular
401081152,14,vimeo,cc-by-nc,https://vimeo.com/401081152,2020-03-26T19:07:14+00:00,2048,1024,equirectangular
401081152,06,vimeo,cc-by-nc,https://vimeo.com/401081152,2020-03-26T19:07:14+00:00,2048,1024,equirectangular
401081152,19,vimeo,cc-by-nc,https://vimeo.com/401081152,2020-03-26T19:07:14+00:00,2048,1024,equirectangular
401081152,08,vimeo,cc-by-nc,https://vimeo.com/401081152,2020-03-26T19:07:14+00:00,2048,1024,equirectangular
401081152,02,vimeo,cc-by-nc,https://vimeo.com/401081152,2020-03-26T19:07:14+00:00,2048,1024,equirectangular
401081152,21,vimeo,cc-by-nc,https://vimeo.com/401081152,2020-03-26T19:07:14+00:00,2048,1024,equirectangular
241702258,00,vimeo,cc-by-nc-nd,https://vimeo.com/241702258,2017-11-07T14:50:29+00:00,2048,1024,equirectangular
241702258,01,vimeo,cc-by-nc-nd,https://vimeo.com/241702258,2017-11-07T14:50:29+00:00,2048,1024,equirectangular
469880033,00,vimeo,cc-by-nc-nd,https://vimeo.com/469880033,2020-10-19T17:59:24+00:00,2048,1024,equirectangular
469880033,01,vimeo,cc-by-nc-nd,https://vimeo.com/469880033,2020-10-19T17:59:24+00:00,2048,1024,equirectangular
228478053,03,vimeo,cc-by-nc-sa,https://vimeo.com/228478053,2017-08-05T12:42:09+00:00,2048,1024,equirectangular
228478053,00,vimeo,cc-by-nc-sa,https://vimeo.com/228478053,2017-08-05T12:42:09+00:00,2048,1024,equirectangular
228478053,05,vimeo,cc-by-nc-sa,https://vimeo.com/228478053,2017-08-05T12:42:09+00:00,2048,1024,equirectangular
228478053,01,vimeo,cc-by-nc-sa,https://vimeo.com/228478053,2017-08-05T12:42:09+00:00,2048,1024,equirectangular
228478053,06,vimeo,cc-by-nc-sa,https://vimeo.com/228478053,2017-08-05T12:42:09+00:00,2048,1024,equirectangular
228478053,04,vimeo,cc-by-nc-sa,https://vimeo.com/228478053,2017-08-05T12:42:09+00:00,2048,1024,equirectangular
228478053,02,vimeo,cc-by-nc-sa,https://vimeo.com/228478053,2017-08-05T12:42:09+00:00,2048,1024,equirectangular
244141060,03,vimeo,cc-by-nc,https://vimeo.com/244141060,2017-11-23T01:10:51+00:00,2048,1024,equirectangular
244141060,00,vimeo,cc-by-nc,https://vimeo.com/244141060,2017-11-23T01:10:51+00:00,2048,1024,equirectangular
244141060,01,vimeo,cc-by-nc,https://vimeo.com/244141060,2017-11-23T01:10:51+00:00,2048,1024,equirectangular
244141060,04,vimeo,cc-by-nc,https://vimeo.com/244141060,2017-11-23T01:10:51+00:00,2048,1024,equirectangular
244141060,02,vimeo,cc-by-nc,https://vimeo.com/244141060,2017-11-23T01:10:51+00:00,2048,1024,equirectangular
289889243,03,vimeo,cc-by-nc-nd,https://vimeo.com/289889243,2018-09-14T14:54:10+00:00,1920,1080,equirectangular
289889243,05,vimeo,cc-by-nc-nd,https://vimeo.com/289889243,2018-09-14T14:54:10+00:00,1920,1080,equirectangular
289889243,01,vimeo,cc-by-nc-nd,https://vimeo.com/289889243,2018-09-14T14:54:10+00:00,1920,1080,equirectangular
289889243,04,vimeo,cc-by-nc-nd,https://vimeo.com/289889243,2018-09-14T14:54:10+00:00,1920,1080,equirectangular
289889243,02,vimeo,cc-by-nc-nd,https://vimeo.com/289889243,2018-09-14T14:54:10+00:00,1920,1080,equirectangular
237462461,01,vimeo,cc-by,https://vimeo.com/237462461,2017-10-09T19:56:46+00:00,2048,1024,equirectangular
252205775,00,vimeo,cc-by-nc-sa,https://vimeo.com/252205775,2018-01-22T18:19:41+00:00,2048,1024,equirectangular
252205775,01,vimeo,cc-by-nc-sa,https://vimeo.com/252205775,2018-01-22T18:19:41+00:00,2048,1024,equirectangular
283997719,15,vimeo,cc-by,https://vimeo.com/283997719,2018-08-08T18:32:07+00:00,1280,720,equirectangular
283997719,03,vimeo,cc-by,https://vimeo.com/283997719,2018-08-08T18:32:07+00:00,1280,720,equirectangular
283997719,10,vimeo,cc-by,https://vimeo.com/283997719,2018-08-08T18:32:07+00:00,1280,720,equirectangular
283997719,13,vimeo,cc-by,https://vimeo.com/283997719,2018-08-08T18:32:07+00:00,1280,720,equirectangular
283997719,16,vimeo,cc-by,https://vimeo.com/283997719,2018-08-08T18:32:07+00:00,1280,720,equirectangular
283997719,09,vimeo,cc-by,https://vimeo.com/283997719,2018-08-08T18:32:07+00:00,1280,720,equirectangular
283997719,11,vimeo,cc-by,https://vimeo.com/283997719,2018-08-08T18:32:07+00:00,1280,720,equirectangular
283997719,05,vimeo,cc-by,https://vimeo.com/283997719,2018-08-08T18:32:07+00:00,1280,720,equirectangular
283997719,12,vimeo,cc-by,https://vimeo.com/283997719,2018-08-08T18:32:07+00:00,1280,720,equirectangular
283997719,14,vimeo,cc-by,https://vimeo.com/283997719,2018-08-08T18:32:07+00:00,1280,720,equirectangular
283997719,06,vimeo,cc-by,https://vimeo.com/283997719,2018-08-08T18:32:07+00:00,1280,720,equirectangular
283997719,04,vimeo,cc-by,https://vimeo.com/283997719,2018-08-08T18:32:07+00:00,1280,720,equirectangular
283997719,08,vimeo,cc-by,https://vimeo.com/283997719,2018-08-08T18:32:07+00:00,1280,720,equirectangular
283997719,02,vimeo,cc-by,https://vimeo.com/283997719,2018-08-08T18:32:07+00:00,1280,720,equirectangular
323847484,11,vimeo,cc-by-nc-sa,https://vimeo.com/323847484,2019-03-14T18:42:14+00:00,2048,1024,equirectangular
325092946,03,vimeo,cc-by-nc-sa,https://vimeo.com/325092946,2019-03-18T22:58:45+00:00,2048,1024,equirectangular
325092946,10,vimeo,cc-by-nc-sa,https://vimeo.com/325092946,2019-03-18T22:58:45+00:00,2048,1024,equirectangular
325092946,00,vimeo,cc-by-nc-sa,https://vimeo.com/325092946,2019-03-18T22:58:45+00:00,2048,1024,equirectangular
325092946,09,vimeo,cc-by-nc-sa,https://vimeo.com/325092946,2019-03-18T22:58:45+00:00,2048,1024,equirectangular
325092946,07,vimeo,cc-by-nc-sa,https://vimeo.com/325092946,2019-03-18T22:58:45+00:00,2048,1024,equirectangular
325092946,11,vimeo,cc-by-nc-sa,https://vimeo.com/325092946,2019-03-18T22:58:45+00:00,2048,1024,equirectangular
325092946,05,vimeo,cc-by-nc-sa,https://vimeo.com/325092946,2019-03-18T22:58:45+00:00,2048,1024,equirectangular
325092946,01,vimeo,cc-by-nc-sa,https://vimeo.com/325092946,2019-03-18T22:58:45+00:00,2048,1024,equirectangular
325092946,06,vimeo,cc-by-nc-sa,https://vimeo.com/325092946,2019-03-18T22:58:45+00:00,2048,1024,equirectangular
325092946,04,vimeo,cc-by-nc-sa,https://vimeo.com/325092946,2019-03-18T22:58:45+00:00,2048,1024,equirectangular
325092946,08,vimeo,cc-by-nc-sa,https://vimeo.com/325092946,2019-03-18T22:58:45+00:00,2048,1024,equirectangular
259524135,15,vimeo,cc-by,https://vimeo.com/259524135,2018-03-11T04:08:41+00:00,2048,1024,equirectangular
259524135,22,vimeo,cc-by,https://vimeo.com/259524135,2018-03-11T04:08:41+00:00,2048,1024,equirectangular
259524135,03,vimeo,cc-by,https://vimeo.com/259524135,2018-03-11T04:08:41+00:00,2048,1024,equirectangular
259524135,23,vimeo,cc-by,https://vimeo.com/259524135,2018-03-11T04:08:41+00:00,2048,1024,equirectangular
259524135,10,vimeo,cc-by,https://vimeo.com/259524135,2018-03-11T04:08:41+00:00,2048,1024,equirectangular
259524135,13,vimeo,cc-by,https://vimeo.com/259524135,2018-03-11T04:08:41+00:00,2048,1024,equirectangular
259524135,17,vimeo,cc-by,https://vimeo.com/259524135,2018-03-11T04:08:41+00:00,2048,1024,equirectangular
259524135,16,vimeo,cc-by,https://vimeo.com/259524135,2018-03-11T04:08:41+00:00,2048,1024,equirectangular
259524135,00,vimeo,cc-by,https://vimeo.com/259524135,2018-03-11T04:08:41+00:00,2048,1024,equirectangular
259524135,18,vimeo,cc-by,https://vimeo.com/259524135,2018-03-11T04:08:41+00:00,2048,1024,equirectangular
259524135,09,vimeo,cc-by,https://vimeo.com/259524135,2018-03-11T04:08:41+00:00,2048,1024,equirectangular
259524135,07,vimeo,cc-by,https://vimeo.com/259524135,2018-03-11T04:08:41+00:00,2048,1024,equirectangular
259524135,11,vimeo,cc-by,https://vimeo.com/259524135,2018-03-11T04:08:41+00:00,2048,1024,equirectangular
259524135,05,vimeo,cc-by,https://vimeo.com/259524135,2018-03-11T04:08:41+00:00,2048,1024,equirectangular
259524135,20,vimeo,cc-by,https://vimeo.com/259524135,2018-03-11T04:08:41+00:00,2048,1024,equirectangular
259524135,12,vimeo,cc-by,https://vimeo.com/259524135,2018-03-11T04:08:41+00:00,2048,1024,equirectangular
259524135,14,vimeo,cc-by,https://vimeo.com/259524135,2018-03-11T04:08:41+00:00,2048,1024,equirectangular
259524135,06,vimeo,cc-by,https://vimeo.com/259524135,2018-03-11T04:08:41+00:00,2048,1024,equirectangular
259524135,19,vimeo,cc-by,https://vimeo.com/259524135,2018-03-11T04:08:41+00:00,2048,1024,equirectangular
259524135,02,vimeo,cc-by,https://vimeo.com/259524135,2018-03-11T04:08:41+00:00,2048,1024,equirectangular
259524135,21,vimeo,cc-by,https://vimeo.com/259524135,2018-03-11T04:08:41+00:00,2048,1024,equirectangular
261682551,30,vimeo,cc-by,https://vimeo.com/261682551,2018-03-25T07:59:05+00:00,2048,1024,equirectangular
261682551,22,vimeo,cc-by,https://vimeo.com/261682551,2018-03-25T07:59:05+00:00,2048,1024,equirectangular
261682551,03,vimeo,cc-by,https://vimeo.com/261682551,2018-03-25T07:59:05+00:00,2048,1024,equirectangular
261682551,23,vimeo,cc-by,https://vimeo.com/261682551,2018-03-25T07:59:05+00:00,2048,1024,equirectangular
261682551,10,vimeo,cc-by,https://vimeo.com/261682551,2018-03-25T07:59:05+00:00,2048,1024,equirectangular
261682551,13,vimeo,cc-by,https://vimeo.com/261682551,2018-03-25T07:59:05+00:00,2048,1024,equirectangular
261682551,17,vimeo,cc-by,https://vimeo.com/261682551,2018-03-25T07:59:05+00:00,2048,1024,equirectangular
261682551,16,vimeo,cc-by,https://vimeo.com/261682551,2018-03-25T07:59:05+00:00,2048,1024,equirectangular
261682551,00,vimeo,cc-by,https://vimeo.com/261682551,2018-03-25T07:59:05+00:00,2048,1024,equirectangular
261682551,25,vimeo,cc-by,https://vimeo.com/261682551,2018-03-25T07:59:05+00:00,2048,1024,equirectangular
261682551,18,vimeo,cc-by,https://vimeo.com/261682551,2018-03-25T07:59:05+00:00,2048,1024,equirectangular
261682551,24,vimeo,cc-by,https://vimeo.com/261682551,2018-03-25T07:59:05+00:00,2048,1024,equirectangular
261682551,09,vimeo,cc-by,https://vimeo.com/261682551,2018-03-25T07:59:05+00:00,2048,1024,equirectangular
261682551,26,vimeo,cc-by,https://vimeo.com/261682551,2018-03-25T07:59:05+00:00,2048,1024,equirectangular
261682551,07,vimeo,cc-by,https://vimeo.com/261682551,2018-03-25T07:59:05+00:00,2048,1024,equirectangular
261682551,29,vimeo,cc-by,https://vimeo.com/261682551,2018-03-25T07:59:05+00:00,2048,1024,equirectangular
261682551,28,vimeo,cc-by,https://vimeo.com/261682551,2018-03-25T07:59:05+00:00,2048,1024,equirectangular
261682551,11,vimeo,cc-by,https://vimeo.com/261682551,2018-03-25T07:59:05+00:00,2048,1024,equirectangular
261682551,05,vimeo,cc-by,https://vimeo.com/261682551,2018-03-25T07:59:05+00:00,2048,1024,equirectangular
261682551,20,vimeo,cc-by,https://vimeo.com/261682551,2018-03-25T07:59:05+00:00,2048,1024,equirectangular
261682551,12,vimeo,cc-by,https://vimeo.com/261682551,2018-03-25T07:59:05+00:00,2048,1024,equirectangular
261682551,14,vimeo,cc-by,https://vimeo.com/261682551,2018-03-25T07:59:05+00:00,2048,1024,equirectangular
261682551,01,vimeo,cc-by,https://vimeo.com/261682551,2018-03-25T07:59:05+00:00,2048,1024,equirectangular
261682551,06,vimeo,cc-by,https://vimeo.com/261682551,2018-03-25T07:59:05+00:00,2048,1024,equirectangular
261682551,04,vimeo,cc-by,https://vimeo.com/261682551,2018-03-25T07:59:05+00:00,2048,1024,equirectangular
261682551,19,vimeo,cc-by,https://vimeo.com/261682551,2018-03-25T07:59:05+00:00,2048,1024,equirectangular
261682551,27,vimeo,cc-by,https://vimeo.com/261682551,2018-03-25T07:59:05+00:00,2048,1024,equirectangular
261682551,08,vimeo,cc-by,https://vimeo.com/261682551,2018-03-25T07:59:05+00:00,2048,1024,equirectangular
261682551,02,vimeo,cc-by,https://vimeo.com/261682551,2018-03-25T07:59:05+00:00,2048,1024,equirectangular
261682551,21,vimeo,cc-by,https://vimeo.com/261682551,2018-03-25T07:59:05+00:00,2048,1024,equirectangular
259085942,50,vimeo,cc-by,https://vimeo.com/259085942,2018-03-08T00:58:19+00:00,2048,1024,equirectangular
259085942,30,vimeo,cc-by,https://vimeo.com/259085942,2018-03-08T00:58:19+00:00,2048,1024,equirectangular
259085942,34,vimeo,cc-by,https://vimeo.com/259085942,2018-03-08T00:58:19+00:00,2048,1024,equirectangular
259085942,15,vimeo,cc-by,https://vimeo.com/259085942,2018-03-08T00:58:19+00:00,2048,1024,equirectangular
259085942,22,vimeo,cc-by,https://vimeo.com/259085942,2018-03-08T00:58:19+00:00,2048,1024,equirectangular
259085942,03,vimeo,cc-by,https://vimeo.com/259085942,2018-03-08T00:58:19+00:00,2048,1024,equirectangular
259085942,52,vimeo,cc-by,https://vimeo.com/259085942,2018-03-08T00:58:19+00:00,2048,1024,equirectangular
259085942,10,vimeo,cc-by,https://vimeo.com/259085942,2018-03-08T00:58:19+00:00,2048,1024,equirectangular
259085942,13,vimeo,cc-by,https://vimeo.com/259085942,2018-03-08T00:58:19+00:00,2048,1024,equirectangular
259085942,17,vimeo,cc-by,https://vimeo.com/259085942,2018-03-08T00:58:19+00:00,2048,1024,equirectangular
259085942,36,vimeo,cc-by,https://vimeo.com/259085942,2018-03-08T00:58:19+00:00,2048,1024,equirectangular
259085942,45,vimeo,cc-by,https://vimeo.com/259085942,2018-03-08T00:58:19+00:00,2048,1024,equirectangular
259085942,31,vimeo,cc-by,https://vimeo.com/259085942,2018-03-08T00:58:19+00:00,2048,1024,equirectangular
259085942,16,vimeo,cc-by,https://vimeo.com/259085942,2018-03-08T00:58:19+00:00,2048,1024,equirectangular
259085942,51,vimeo,cc-by,https://vimeo.com/259085942,2018-03-08T00:58:19+00:00,2048,1024,equirectangular
259085942,35,vimeo,cc-by,https://vimeo.com/259085942,2018-03-08T00:58:19+00:00,2048,1024,equirectangular
259085942,00,vimeo,cc-by,https://vimeo.com/259085942,2018-03-08T00:58:19+00:00,2048,1024,equirectangular
259085942,25,vimeo,cc-by,https://vimeo.com/259085942,2018-03-08T00:58:19+00:00,2048,1024,equirectangular
259085942,18,vimeo,cc-by,https://vimeo.com/259085942,2018-03-08T00:58:19+00:00,2048,1024,equirectangular
259085942,24,vimeo,cc-by,https://vimeo.com/259085942,2018-03-08T00:58:19+00:00,2048,1024,equirectangular
259085942,09,vimeo,cc-by,https://vimeo.com/259085942,2018-03-08T00:58:19+00:00,2048,1024,equirectangular
259085942,41,vimeo,cc-by,https://vimeo.com/259085942,2018-03-08T00:58:19+00:00,2048,1024,equirectangular
259085942,54,vimeo,cc-by,https://vimeo.com/259085942,2018-03-08T00:58:19+00:00,2048,1024,equirectangular
259085942,44,vimeo,cc-by,https://vimeo.com/259085942,2018-03-08T00:58:19+00:00,2048,1024,equirectangular
259085942,07,vimeo,cc-by,https://vimeo.com/259085942,2018-03-08T00:58:19+00:00,2048,1024,equirectangular
259085942,29,vimeo,cc-by,https://vimeo.com/259085942,2018-03-08T00:58:19+00:00,2048,1024,equirectangular
259085942,37,vimeo,cc-by,https://vimeo.com/259085942,2018-03-08T00:58:19+00:00,2048,1024,equirectangular
259085942,28,vimeo,cc-by,https://vimeo.com/259085942,2018-03-08T00:58:19+00:00,2048,1024,equirectangular
259085942,11,vimeo,cc-by,https://vimeo.com/259085942,2018-03-08T00:58:19+00:00,2048,1024,equirectangular
259085942,05,vimeo,cc-by,https://vimeo.com/259085942,2018-03-08T00:58:19+00:00,2048,1024,equirectangular
259085942,46,vimeo,cc-by,https://vimeo.com/259085942,2018-03-08T00:58:19+00:00,2048,1024,equirectangular
259085942,20,vimeo,cc-by,https://vimeo.com/259085942,2018-03-08T00:58:19+00:00,2048,1024,equirectangular
259085942,12,vimeo,cc-by,https://vimeo.com/259085942,2018-03-08T00:58:19+00:00,2048,1024,equirectangular
259085942,14,vimeo,cc-by,https://vimeo.com/259085942,2018-03-08T00:58:19+00:00,2048,1024,equirectangular
259085942,01,vimeo,cc-by,https://vimeo.com/259085942,2018-03-08T00:58:19+00:00,2048,1024,equirectangular
259085942,32,vimeo,cc-by,https://vimeo.com/259085942,2018-03-08T00:58:19+00:00,2048,1024,equirectangular
259085942,40,vimeo,cc-by,https://vimeo.com/259085942,2018-03-08T00:58:19+00:00,2048,1024,equirectangular
259085942,06,vimeo,cc-by,https://vimeo.com/259085942,2018-03-08T00:58:19+00:00,2048,1024,equirectangular
259085942,55,vimeo,cc-by,https://vimeo.com/259085942,2018-03-08T00:58:19+00:00,2048,1024,equirectangular
259085942,42,vimeo,cc-by,https://vimeo.com/259085942,2018-03-08T00:58:19+00:00,2048,1024,equirectangular
259085942,04,vimeo,cc-by,https://vimeo.com/259085942,2018-03-08T00:58:19+00:00,2048,1024,equirectangular
259085942,19,vimeo,cc-by,https://vimeo.com/259085942,2018-03-08T00:58:19+00:00,2048,1024,equirectangular
259085942,47,vimeo,cc-by,https://vimeo.com/259085942,2018-03-08T00:58:19+00:00,2048,1024,equirectangular
259085942,27,vimeo,cc-by,https://vimeo.com/259085942,2018-03-08T00:58:19+00:00,2048,1024,equirectangular
259085942,48,vimeo,cc-by,https://vimeo.com/259085942,2018-03-08T00:58:19+00:00,2048,1024,equirectangular
259085942,08,vimeo,cc-by,https://vimeo.com/259085942,2018-03-08T00:58:19+00:00,2048,1024,equirectangular
259085942,02,vimeo,cc-by,https://vimeo.com/259085942,2018-03-08T00:58:19+00:00,2048,1024,equirectangular
259085942,38,vimeo,cc-by,https://vimeo.com/259085942,2018-03-08T00:58:19+00:00,2048,1024,equirectangular
259085942,21,vimeo,cc-by,https://vimeo.com/259085942,2018-03-08T00:58:19+00:00,2048,1024,equirectangular
259085942,49,vimeo,cc-by,https://vimeo.com/259085942,2018-03-08T00:58:19+00:00,2048,1024,equirectangular
259085942,53,vimeo,cc-by,https://vimeo.com/259085942,2018-03-08T00:58:19+00:00,2048,1024,equirectangular
259085942,43,vimeo,cc-by,https://vimeo.com/259085942,2018-03-08T00:58:19+00:00,2048,1024,equirectangular
259085942,39,vimeo,cc-by,https://vimeo.com/259085942,2018-03-08T00:58:19+00:00,2048,1024,equirectangular
264537654,50,vimeo,cc-by,https://vimeo.com/264537654,2018-04-13T01:12:41+00:00,2048,1024,equirectangular
264537654,30,vimeo,cc-by,https://vimeo.com/264537654,2018-04-13T01:12:41+00:00,2048,1024,equirectangular
264537654,34,vimeo,cc-by,https://vimeo.com/264537654,2018-04-13T01:12:41+00:00,2048,1024,equirectangular
264537654,15,vimeo,cc-by,https://vimeo.com/264537654,2018-04-13T01:12:41+00:00,2048,1024,equirectangular
264537654,22,vimeo,cc-by,https://vimeo.com/264537654,2018-04-13T01:12:41+00:00,2048,1024,equirectangular
264537654,56,vimeo,cc-by,https://vimeo.com/264537654,2018-04-13T01:12:41+00:00,2048,1024,equirectangular
264537654,03,vimeo,cc-by,https://vimeo.com/264537654,2018-04-13T01:12:41+00:00,2048,1024,equirectangular
264537654,23,vimeo,cc-by,https://vimeo.com/264537654,2018-04-13T01:12:41+00:00,2048,1024,equirectangular
264537654,52,vimeo,cc-by,https://vimeo.com/264537654,2018-04-13T01:12:41+00:00,2048,1024,equirectangular
264537654,57,vimeo,cc-by,https://vimeo.com/264537654,2018-04-13T01:12:41+00:00,2048,1024,equirectangular
264537654,10,vimeo,cc-by,https://vimeo.com/264537654,2018-04-13T01:12:41+00:00,2048,1024,equirectangular
264537654,13,vimeo,cc-by,https://vimeo.com/264537654,2018-04-13T01:12:41+00:00,2048,1024,equirectangular
264537654,17,vimeo,cc-by,https://vimeo.com/264537654,2018-04-13T01:12:41+00:00,2048,1024,equirectangular
264537654,36,vimeo,cc-by,https://vimeo.com/264537654,2018-04-13T01:12:41+00:00,2048,1024,equirectangular
264537654,45,vimeo,cc-by,https://vimeo.com/264537654,2018-04-13T01:12:41+00:00,2048,1024,equirectangular
264537654,31,vimeo,cc-by,https://vimeo.com/264537654,2018-04-13T01:12:41+00:00,2048,1024,equirectangular
264537654,16,vimeo,cc-by,https://vimeo.com/264537654,2018-04-13T01:12:41+00:00,2048,1024,equirectangular
264537654,51,vimeo,cc-by,https://vimeo.com/264537654,2018-04-13T01:12:41+00:00,2048,1024,equirectangular
264537654,35,vimeo,cc-by,https://vimeo.com/264537654,2018-04-13T01:12:41+00:00,2048,1024,equirectangular
264537654,00,vimeo,cc-by,https://vimeo.com/264537654,2018-04-13T01:12:41+00:00,2048,1024,equirectangular
264537654,25,vimeo,cc-by,https://vimeo.com/264537654,2018-04-13T01:12:41+00:00,2048,1024,equirectangular
264537654,18,vimeo,cc-by,https://vimeo.com/264537654,2018-04-13T01:12:41+00:00,2048,1024,equirectangular
264537654,24,vimeo,cc-by,https://vimeo.com/264537654,2018-04-13T01:12:41+00:00,2048,1024,equirectangular
264537654,09,vimeo,cc-by,https://vimeo.com/264537654,2018-04-13T01:12:41+00:00,2048,1024,equirectangular
264537654,26,vimeo,cc-by,https://vimeo.com/264537654,2018-04-13T01:12:41+00:00,2048,1024,equirectangular
264537654,41,vimeo,cc-by,https://vimeo.com/264537654,2018-04-13T01:12:41+00:00,2048,1024,equirectangular
264537654,54,vimeo,cc-by,https://vimeo.com/264537654,2018-04-13T01:12:41+00:00,2048,1024,equirectangular
264537654,44,vimeo,cc-by,https://vimeo.com/264537654,2018-04-13T01:12:41+00:00,2048,1024,equirectangular
264537654,07,vimeo,cc-by,https://vimeo.com/264537654,2018-04-13T01:12:41+00:00,2048,1024,equirectangular
264537654,29,vimeo,cc-by,https://vimeo.com/264537654,2018-04-13T01:12:41+00:00,2048,1024,equirectangular
264537654,37,vimeo,cc-by,https://vimeo.com/264537654,2018-04-13T01:12:41+00:00,2048,1024,equirectangular
264537654,28,vimeo,cc-by,https://vimeo.com/264537654,2018-04-13T01:12:41+00:00,2048,1024,equirectangular
264537654,11,vimeo,cc-by,https://vimeo.com/264537654,2018-04-13T01:12:41+00:00,2048,1024,equirectangular
264537654,33,vimeo,cc-by,https://vimeo.com/264537654,2018-04-13T01:12:41+00:00,2048,1024,equirectangular
264537654,05,vimeo,cc-by,https://vimeo.com/264537654,2018-04-13T01:12:41+00:00,2048,1024,equirectangular
264537654,46,vimeo,cc-by,https://vimeo.com/264537654,2018-04-13T01:12:41+00:00,2048,1024,equirectangular
264537654,20,vimeo,cc-by,https://vimeo.com/264537654,2018-04-13T01:12:41+00:00,2048,1024,equirectangular
264537654,12,vimeo,cc-by,https://vimeo.com/264537654,2018-04-13T01:12:41+00:00,2048,1024,equirectangular
264537654,14,vimeo,cc-by,https://vimeo.com/264537654,2018-04-13T01:12:41+00:00,2048,1024,equirectangular
264537654,01,vimeo,cc-by,https://vimeo.com/264537654,2018-04-13T01:12:41+00:00,2048,1024,equirectangular
264537654,32,vimeo,cc-by,https://vimeo.com/264537654,2018-04-13T01:12:41+00:00,2048,1024,equirectangular
264537654,40,vimeo,cc-by,https://vimeo.com/264537654,2018-04-13T01:12:41+00:00,2048,1024,equirectangular
264537654,06,vimeo,cc-by,https://vimeo.com/264537654,2018-04-13T01:12:41+00:00,2048,1024,equirectangular
264537654,42,vimeo,cc-by,https://vimeo.com/264537654,2018-04-13T01:12:41+00:00,2048,1024,equirectangular
264537654,04,vimeo,cc-by,https://vimeo.com/264537654,2018-04-13T01:12:41+00:00,2048,1024,equirectangular
264537654,19,vimeo,cc-by,https://vimeo.com/264537654,2018-04-13T01:12:41+00:00,2048,1024,equirectangular
264537654,47,vimeo,cc-by,https://vimeo.com/264537654,2018-04-13T01:12:41+00:00,2048,1024,equirectangular
264537654,27,vimeo,cc-by,https://vimeo.com/264537654,2018-04-13T01:12:41+00:00,2048,1024,equirectangular
264537654,48,vimeo,cc-by,https://vimeo.com/264537654,2018-04-13T01:12:41+00:00,2048,1024,equirectangular
264537654,08,vimeo,cc-by,https://vimeo.com/264537654,2018-04-13T01:12:41+00:00,2048,1024,equirectangular
264537654,02,vimeo,cc-by,https://vimeo.com/264537654,2018-04-13T01:12:41+00:00,2048,1024,equirectangular
264537654,38,vimeo,cc-by,https://vimeo.com/264537654,2018-04-13T01:12:41+00:00,2048,1024,equirectangular
264537654,21,vimeo,cc-by,https://vimeo.com/264537654,2018-04-13T01:12:41+00:00,2048,1024,equirectangular
264537654,49,vimeo,cc-by,https://vimeo.com/264537654,2018-04-13T01:12:41+00:00,2048,1024,equirectangular
264537654,53,vimeo,cc-by,https://vimeo.com/264537654,2018-04-13T01:12:41+00:00,2048,1024,equirectangular
264537654,43,vimeo,cc-by,https://vimeo.com/264537654,2018-04-13T01:12:41+00:00,2048,1024,equirectangular
264537654,39,vimeo,cc-by,https://vimeo.com/264537654,2018-04-13T01:12:41+00:00,2048,1024,equirectangular
320537058,00,vimeo,cc-by-nc-nd,https://vimeo.com/320537058,2019-02-28T17:07:48+00:00,2048,1024,equirectangular
340618982,50,vimeo,cc-by,https://vimeo.com/340618982,2019-06-06T09:12:21+00:00,1280,720,equirectangular
340618982,64,vimeo,cc-by,https://vimeo.com/340618982,2019-06-06T09:12:21+00:00,1280,720,equirectangular
340618982,30,vimeo,cc-by,https://vimeo.com/340618982,2019-06-06T09:12:21+00:00,1280,720,equirectangular
340618982,77,vimeo,cc-by,https://vimeo.com/340618982,2019-06-06T09:12:21+00:00,1280,720,equirectangular
340618982,86,vimeo,cc-by,https://vimeo.com/340618982,2019-06-06T09:12:21+00:00,1280,720,equirectangular
340618982,34,vimeo,cc-by,https://vimeo.com/340618982,2019-06-06T09:12:21+00:00,1280,720,equirectangular
340618982,15,vimeo,cc-by,https://vimeo.com/340618982,2019-06-06T09:12:21+00:00,1280,720,equirectangular
340618982,85,vimeo,cc-by,https://vimeo.com/340618982,2019-06-06T09:12:21+00:00,1280,720,equirectangular
340618982,65,vimeo,cc-by,https://vimeo.com/340618982,2019-06-06T09:12:21+00:00,1280,720,equirectangular
340618982,22,vimeo,cc-by,https://vimeo.com/340618982,2019-06-06T09:12:21+00:00,1280,720,equirectangular
340618982,56,vimeo,cc-by,https://vimeo.com/340618982,2019-06-06T09:12:21+00:00,1280,720,equirectangular
340618982,76,vimeo,cc-by,https://vimeo.com/340618982,2019-06-06T09:12:21+00:00,1280,720,equirectangular
340618982,71,vimeo,cc-by,https://vimeo.com/340618982,2019-06-06T09:12:21+00:00,1280,720,equirectangular
340618982,03,vimeo,cc-by,https://vimeo.com/340618982,2019-06-06T09:12:21+00:00,1280,720,equirectangular
340618982,23,vimeo,cc-by,https://vimeo.com/340618982,2019-06-06T09:12:21+00:00,1280,720,equirectangular
340618982,52,vimeo,cc-by,https://vimeo.com/340618982,2019-06-06T09:12:21+00:00,1280,720,equirectangular
340618982,57,vimeo,cc-by,https://vimeo.com/340618982,2019-06-06T09:12:21+00:00,1280,720,equirectangular
340618982,10,vimeo,cc-by,https://vimeo.com/340618982,2019-06-06T09:12:21+00:00,1280,720,equirectangular
340618982,58,vimeo,cc-by,https://vimeo.com/340618982,2019-06-06T09:12:21+00:00,1280,720,equirectangular
340618982,13,vimeo,cc-by,https://vimeo.com/340618982,2019-06-06T09:12:21+00:00,1280,720,equirectangular
340618982,17,vimeo,cc-by,https://vimeo.com/340618982,2019-06-06T09:12:21+00:00,1280,720,equirectangular
340618982,36,vimeo,cc-by,https://vimeo.com/340618982,2019-06-06T09:12:21+00:00,1280,720,equirectangular
340618982,45,vimeo,cc-by,https://vimeo.com/340618982,2019-06-06T09:12:21+00:00,1280,720,equirectangular
340618982,75,vimeo,cc-by,https://vimeo.com/340618982,2019-06-06T09:12:21+00:00,1280,720,equirectangular
340618982,74,vimeo,cc-by,https://vimeo.com/340618982,2019-06-06T09:12:21+00:00,1280,720,equirectangular
340618982,59,vimeo,cc-by,https://vimeo.com/340618982,2019-06-06T09:12:21+00:00,1280,720,equirectangular
340618982,31,vimeo,cc-by,https://vimeo.com/340618982,2019-06-06T09:12:21+00:00,1280,720,equirectangular
340618982,16,vimeo,cc-by,https://vimeo.com/340618982,2019-06-06T09:12:21+00:00,1280,720,equirectangular
340618982,51,vimeo,cc-by,https://vimeo.com/340618982,2019-06-06T09:12:21+00:00,1280,720,equirectangular
340618982,63,vimeo,cc-by,https://vimeo.com/340618982,2019-06-06T09:12:21+00:00,1280,720,equirectangular
340618982,60,vimeo,cc-by,https://vimeo.com/340618982,2019-06-06T09:12:21+00:00,1280,720,equirectangular
340618982,35,vimeo,cc-by,https://vimeo.com/340618982,2019-06-06T09:12:21+00:00,1280,720,equirectangular
340618982,00,vimeo,cc-by,https://vimeo.com/340618982,2019-06-06T09:12:21+00:00,1280,720,equirectangular
340618982,25,vimeo,cc-by,https://vimeo.com/340618982,2019-06-06T09:12:21+00:00,1280,720,equirectangular
340618982,18,vimeo,cc-by,https://vimeo.com/340618982,2019-06-06T09:12:21+00:00,1280,720,equirectangular
340618982,24,vimeo,cc-by,https://vimeo.com/340618982,2019-06-06T09:12:21+00:00,1280,720,equirectangular
340618982,70,vimeo,cc-by,https://vimeo.com/340618982,2019-06-06T09:12:21+00:00,1280,720,equirectangular
340618982,09,vimeo,cc-by,https://vimeo.com/340618982,2019-06-06T09:12:21+00:00,1280,720,equirectangular
340618982,87,vimeo,cc-by,https://vimeo.com/340618982,2019-06-06T09:12:21+00:00,1280,720,equirectangular
340618982,68,vimeo,cc-by,https://vimeo.com/340618982,2019-06-06T09:12:21+00:00,1280,720,equirectangular
340618982,26,vimeo,cc-by,https://vimeo.com/340618982,2019-06-06T09:12:21+00:00,1280,720,equirectangular
340618982,41,vimeo,cc-by,https://vimeo.com/340618982,2019-06-06T09:12:21+00:00,1280,720,equirectangular
340618982,54,vimeo,cc-by,https://vimeo.com/340618982,2019-06-06T09:12:21+00:00,1280,720,equirectangular
340618982,44,vimeo,cc-by,https://vimeo.com/340618982,2019-06-06T09:12:21+00:00,1280,720,equirectangular
340618982,61,vimeo,cc-by,https://vimeo.com/340618982,2019-06-06T09:12:21+00:00,1280,720,equirectangular
340618982,07,vimeo,cc-by,https://vimeo.com/340618982,2019-06-06T09:12:21+00:00,1280,720,equirectangular
340618982,29,vimeo,cc-by,https://vimeo.com/340618982,2019-06-06T09:12:21+00:00,1280,720,equirectangular
340618982,37,vimeo,cc-by,https://vimeo.com/340618982,2019-06-06T09:12:21+00:00,1280,720,equirectangular
340618982,79,vimeo,cc-by,https://vimeo.com/340618982,2019-06-06T09:12:21+00:00,1280,720,equirectangular
340618982,28,vimeo,cc-by,https://vimeo.com/340618982,2019-06-06T09:12:21+00:00,1280,720,equirectangular
340618982,81,vimeo,cc-by,https://vimeo.com/340618982,2019-06-06T09:12:21+00:00,1280,720,equirectangular
340618982,82,vimeo,cc-by,https://vimeo.com/340618982,2019-06-06T09:12:21+00:00,1280,720,equirectangular
340618982,11,vimeo,cc-by,https://vimeo.com/340618982,2019-06-06T09:12:21+00:00,1280,720,equirectangular
340618982,33,vimeo,cc-by,https://vimeo.com/340618982,2019-06-06T09:12:21+00:00,1280,720,equirectangular
340618982,05,vimeo,cc-by,https://vimeo.com/340618982,2019-06-06T09:12:21+00:00,1280,720,equirectangular
340618982,46,vimeo,cc-by,https://vimeo.com/340618982,2019-06-06T09:12:21+00:00,1280,720,equirectangular
340618982,73,vimeo,cc-by,https://vimeo.com/340618982,2019-06-06T09:12:21+00:00,1280,720,equirectangular
340618982,20,vimeo,cc-by,https://vimeo.com/340618982,2019-06-06T09:12:21+00:00,1280,720,equirectangular
340618982,12,vimeo,cc-by,https://vimeo.com/340618982,2019-06-06T09:12:21+00:00,1280,720,equirectangular
340618982,67,vimeo,cc-by,https://vimeo.com/340618982,2019-06-06T09:12:21+00:00,1280,720,equirectangular
340618982,14,vimeo,cc-by,https://vimeo.com/340618982,2019-06-06T09:12:21+00:00,1280,720,equirectangular
340618982,01,vimeo,cc-by,https://vimeo.com/340618982,2019-06-06T09:12:21+00:00,1280,720,equirectangular
340618982,84,vimeo,cc-by,https://vimeo.com/340618982,2019-06-06T09:12:21+00:00,1280,720,equirectangular
340618982,32,vimeo,cc-by,https://vimeo.com/340618982,2019-06-06T09:12:21+00:00,1280,720,equirectangular
340618982,40,vimeo,cc-by,https://vimeo.com/340618982,2019-06-06T09:12:21+00:00,1280,720,equirectangular
340618982,69,vimeo,cc-by,https://vimeo.com/340618982,2019-06-06T09:12:21+00:00,1280,720,equirectangular
340618982,06,vimeo,cc-by,https://vimeo.com/340618982,2019-06-06T09:12:21+00:00,1280,720,equirectangular
340618982,55,vimeo,cc-by,https://vimeo.com/340618982,2019-06-06T09:12:21+00:00,1280,720,equirectangular
340618982,42,vimeo,cc-by,https://vimeo.com/340618982,2019-06-06T09:12:21+00:00,1280,720,equirectangular
340618982,80,vimeo,cc-by,https://vimeo.com/340618982,2019-06-06T09:12:21+00:00,1280,720,equirectangular
340618982,04,vimeo,cc-by,https://vimeo.com/340618982,2019-06-06T09:12:21+00:00,1280,720,equirectangular
340618982,78,vimeo,cc-by,https://vimeo.com/340618982,2019-06-06T09:12:21+00:00,1280,720,equirectangular
340618982,72,vimeo,cc-by,https://vimeo.com/340618982,2019-06-06T09:12:21+00:00,1280,720,equirectangular
340618982,19,vimeo,cc-by,https://vimeo.com/340618982,2019-06-06T09:12:21+00:00,1280,720,equirectangular
340618982,47,vimeo,cc-by,https://vimeo.com/340618982,2019-06-06T09:12:21+00:00,1280,720,equirectangular
340618982,27,vimeo,cc-by,https://vimeo.com/340618982,2019-06-06T09:12:21+00:00,1280,720,equirectangular
340618982,48,vimeo,cc-by,https://vimeo.com/340618982,2019-06-06T09:12:21+00:00,1280,720,equirectangular
340618982,66,vimeo,cc-by,https://vimeo.com/340618982,2019-06-06T09:12:21+00:00,1280,720,equirectangular
340618982,08,vimeo,cc-by,https://vimeo.com/340618982,2019-06-06T09:12:21+00:00,1280,720,equirectangular
340618982,02,vimeo,cc-by,https://vimeo.com/340618982,2019-06-06T09:12:21+00:00,1280,720,equirectangular
340618982,38,vimeo,cc-by,https://vimeo.com/340618982,2019-06-06T09:12:21+00:00,1280,720,equirectangular
340618982,21,vimeo,cc-by,https://vimeo.com/340618982,2019-06-06T09:12:21+00:00,1280,720,equirectangular
340618982,83,vimeo,cc-by,https://vimeo.com/340618982,2019-06-06T09:12:21+00:00,1280,720,equirectangular
340618982,49,vimeo,cc-by,https://vimeo.com/340618982,2019-06-06T09:12:21+00:00,1280,720,equirectangular
340618982,53,vimeo,cc-by,https://vimeo.com/340618982,2019-06-06T09:12:21+00:00,1280,720,equirectangular
340618982,62,vimeo,cc-by,https://vimeo.com/340618982,2019-06-06T09:12:21+00:00,1280,720,equirectangular
340618982,43,vimeo,cc-by,https://vimeo.com/340618982,2019-06-06T09:12:21+00:00,1280,720,equirectangular
340618982,39,vimeo,cc-by,https://vimeo.com/340618982,2019-06-06T09:12:21+00:00,1280,720,equirectangular
719137946,00,vimeo,cc-by-nc-nd,https://vimeo.com/719137946,2022-06-10T15:16:37+00:00,2048,1024,equirectangular
433096666,00,vimeo,cc-by-sa,https://vimeo.com/433096666,2020-06-27T10:50:46+00:00,1080,540,equirectangular
298659432,03,vimeo,cc-by-nc,https://vimeo.com/298659432,2018-11-02T20:02:35+00:00,2048,1024,equirectangular
298659432,00,vimeo,cc-by-nc,https://vimeo.com/298659432,2018-11-02T20:02:35+00:00,2048,1024,equirectangular
298659432,05,vimeo,cc-by-nc,https://vimeo.com/298659432,2018-11-02T20:02:35+00:00,2048,1024,equirectangular
298659432,01,vimeo,cc-by-nc,https://vimeo.com/298659432,2018-11-02T20:02:35+00:00,2048,1024,equirectangular
298659432,06,vimeo,cc-by-nc,https://vimeo.com/298659432,2018-11-02T20:02:35+00:00,2048,1024,equirectangular
298659432,04,vimeo,cc-by-nc,https://vimeo.com/298659432,2018-11-02T20:02:35+00:00,2048,1024,equirectangular
298659432,02,vimeo,cc-by-nc,https://vimeo.com/298659432,2018-11-02T20:02:35+00:00,2048,1024,equirectangular
221492684,03,vimeo,cc-by,https://vimeo.com/221492684,2017-06-13T21:07:08+00:00,2048,1024,equirectangular
221492684,00,vimeo,cc-by,https://vimeo.com/221492684,2017-06-13T21:07:08+00:00,2048,1024,equirectangular
221492684,01,vimeo,cc-by,https://vimeo.com/221492684,2017-06-13T21:07:08+00:00,2048,1024,equirectangular
221492684,04,vimeo,cc-by,https://vimeo.com/221492684,2017-06-13T21:07:08+00:00,2048,1024,equirectangular
221492684,02,vimeo,cc-by,https://vimeo.com/221492684,2017-06-13T21:07:08+00:00,2048,1024,equirectangular
214274956,03,vimeo,cc-by-nc-sa,https://vimeo.com/214274956,2017-04-22T06:33:59+00:00,1920,1080,equirectangular
214274956,00,vimeo,cc-by-nc-sa,https://vimeo.com/214274956,2017-04-22T06:33:59+00:00,1920,1080,equirectangular
214274956,07,vimeo,cc-by-nc-sa,https://vimeo.com/214274956,2017-04-22T06:33:59+00:00,1920,1080,equirectangular
214274956,05,vimeo,cc-by-nc-sa,https://vimeo.com/214274956,2017-04-22T06:33:59+00:00,1920,1080,equirectangular
214274956,01,vimeo,cc-by-nc-sa,https://vimeo.com/214274956,2017-04-22T06:33:59+00:00,1920,1080,equirectangular
214274956,06,vimeo,cc-by-nc-sa,https://vimeo.com/214274956,2017-04-22T06:33:59+00:00,1920,1080,equirectangular
214274956,04,vimeo,cc-by-nc-sa,https://vimeo.com/214274956,2017-04-22T06:33:59+00:00,1920,1080,equirectangular
382175670,50,vimeo,cc-by,https://vimeo.com/382175670,2019-12-31T13:34:38+00:00,2048,1056,equirectangular
382175670,64,vimeo,cc-by,https://vimeo.com/382175670,2019-12-31T13:34:38+00:00,2048,1056,equirectangular
382175670,129,vimeo,cc-by,https://vimeo.com/382175670,2019-12-31T13:34:38+00:00,2048,1056,equirectangular
382175670,30,vimeo,cc-by,https://vimeo.com/382175670,2019-12-31T13:34:38+00:00,2048,1056,equirectangular
382175670,115,vimeo,cc-by,https://vimeo.com/382175670,2019-12-31T13:34:38+00:00,2048,1056,equirectangular
382175670,124,vimeo,cc-by,https://vimeo.com/382175670,2019-12-31T13:34:38+00:00,2048,1056,equirectangular
382175670,77,vimeo,cc-by,https://vimeo.com/382175670,2019-12-31T13:34:38+00:00,2048,1056,equirectangular
382175670,86,vimeo,cc-by,https://vimeo.com/382175670,2019-12-31T13:34:38+00:00,2048,1056,equirectangular
382175670,34,vimeo,cc-by,https://vimeo.com/382175670,2019-12-31T13:34:38+00:00,2048,1056,equirectangular
382175670,15,vimeo,cc-by,https://vimeo.com/382175670,2019-12-31T13:34:38+00:00,2048,1056,equirectangular
382175670,85,vimeo,cc-by,https://vimeo.com/382175670,2019-12-31T13:34:38+00:00,2048,1056,equirectangular
382175670,65,vimeo,cc-by,https://vimeo.com/382175670,2019-12-31T13:34:38+00:00,2048,1056,equirectangular
382175670,91,vimeo,cc-by,https://vimeo.com/382175670,2019-12-31T13:34:38+00:00,2048,1056,equirectangular
382175670,99,vimeo,cc-by,https://vimeo.com/382175670,2019-12-31T13:34:38+00:00,2048,1056,equirectangular
382175670,22,vimeo,cc-by,https://vimeo.com/382175670,2019-12-31T13:34:38+00:00,2048,1056,equirectangular
382175670,56,vimeo,cc-by,https://vimeo.com/382175670,2019-12-31T13:34:38+00:00,2048,1056,equirectangular
382175670,121,vimeo,cc-by,https://vimeo.com/382175670,2019-12-31T13:34:38+00:00,2048,1056,equirectangular
382175670,76,vimeo,cc-by,https://vimeo.com/382175670,2019-12-31T13:34:38+00:00,2048,1056,equirectangular
382175670,110,vimeo,cc-by,https://vimeo.com/382175670,2019-12-31T13:34:38+00:00,2048,1056,equirectangular
382175670,71,vimeo,cc-by,https://vimeo.com/382175670,2019-12-31T13:34:38+00:00,2048,1056,equirectangular
382175670,03,vimeo,cc-by,https://vimeo.com/382175670,2019-12-31T13:34:38+00:00,2048,1056,equirectangular
382175670,104,vimeo,cc-by,https://vimeo.com/382175670,2019-12-31T13:34:38+00:00,2048,1056,equirectangular
382175670,23,vimeo,cc-by,https://vimeo.com/382175670,2019-12-31T13:34:38+00:00,2048,1056,equirectangular
382175670,52,vimeo,cc-by,https://vimeo.com/382175670,2019-12-31T13:34:38+00:00,2048,1056,equirectangular
382175670,57,vimeo,cc-by,https://vimeo.com/382175670,2019-12-31T13:34:38+00:00,2048,1056,equirectangular
382175670,10,vimeo,cc-by,https://vimeo.com/382175670,2019-12-31T13:34:38+00:00,2048,1056,equirectangular
382175670,95,vimeo,cc-by,https://vimeo.com/382175670,2019-12-31T13:34:38+00:00,2048,1056,equirectangular
382175670,131,vimeo,cc-by,https://vimeo.com/382175670,2019-12-31T13:34:38+00:00,2048,1056,equirectangular
382175670,127,vimeo,cc-by,https://vimeo.com/382175670,2019-12-31T13:34:38+00:00,2048,1056,equirectangular
382175670,90,vimeo,cc-by,https://vimeo.com/382175670,2019-12-31T13:34:38+00:00,2048,1056,equirectangular
382175670,58,vimeo,cc-by,https://vimeo.com/382175670,2019-12-31T13:34:38+00:00,2048,1056,equirectangular
382175670,132,vimeo,cc-by,https://vimeo.com/382175670,2019-12-31T13:34:38+00:00,2048,1056,equirectangular
382175670,122,vimeo,cc-by,https://vimeo.com/382175670,2019-12-31T13:34:38+00:00,2048,1056,equirectangular
382175670,92,vimeo,cc-by,https://vimeo.com/382175670,2019-12-31T13:34:38+00:00,2048,1056,equirectangular
382175670,13,vimeo,cc-by,https://vimeo.com/382175670,2019-12-31T13:34:38+00:00,2048,1056,equirectangular
382175670,17,vimeo,cc-by,https://vimeo.com/382175670,2019-12-31T13:34:38+00:00,2048,1056,equirectangular
382175670,36,vimeo,cc-by,https://vimeo.com/382175670,2019-12-31T13:34:38+00:00,2048,1056,equirectangular
382175670,103,vimeo,cc-by,https://vimeo.com/382175670,2019-12-31T13:34:38+00:00,2048,1056,equirectangular
382175670,45,vimeo,cc-by,https://vimeo.com/382175670,2019-12-31T13:34:38+00:00,2048,1056,equirectangular
382175670,114,vimeo,cc-by,https://vimeo.com/382175670,2019-12-31T13:34:38+00:00,2048,1056,equirectangular
382175670,75,vimeo,cc-by,https://vimeo.com/382175670,2019-12-31T13:34:38+00:00,2048,1056,equirectangular
382175670,74,vimeo,cc-by,https://vimeo.com/382175670,2019-12-31T13:34:38+00:00,2048,1056,equirectangular
382175670,59,vimeo,cc-by,https://vimeo.com/382175670,2019-12-31T13:34:38+00:00,2048,1056,equirectangular
382175670,31,vimeo,cc-by,https://vimeo.com/382175670,2019-12-31T13:34:38+00:00,2048,1056,equirectangular
382175670,100,vimeo,cc-by,https://vimeo.com/382175670,2019-12-31T13:34:38+00:00,2048,1056,equirectangular
382175670,96,vimeo,cc-by,https://vimeo.com/382175670,2019-12-31T13:34:38+00:00,2048,1056,equirectangular
382175670,118,vimeo,cc-by,https://vimeo.com/382175670,2019-12-31T13:34:38+00:00,2048,1056,equirectangular
382175670,16,vimeo,cc-by,https://vimeo.com/382175670,2019-12-31T13:34:38+00:00,2048,1056,equirectangular
382175670,116,vimeo,cc-by,https://vimeo.com/382175670,2019-12-31T13:34:38+00:00,2048,1056,equirectangular
382175670,51,vimeo,cc-by,https://vimeo.com/382175670,2019-12-31T13:34:38+00:00,2048,1056,equirectangular
382175670,63,vimeo,cc-by,https://vimeo.com/382175670,2019-12-31T13:34:38+00:00,2048,1056,equirectangular
382175670,107,vimeo,cc-by,https://vimeo.com/382175670,2019-12-31T13:34:38+00:00,2048,1056,equirectangular
382175670,60,vimeo,cc-by,https://vimeo.com/382175670,2019-12-31T13:34:38+00:00,2048,1056,equirectangular
382175670,35,vimeo,cc-by,https://vimeo.com/382175670,2019-12-31T13:34:38+00:00,2048,1056,equirectangular
382175670,00,vimeo,cc-by,https://vimeo.com/382175670,2019-12-31T13:34:38+00:00,2048,1056,equirectangular
382175670,25,vimeo,cc-by,https://vimeo.com/382175670,2019-12-31T13:34:38+00:00,2048,1056,equirectangular
382175670,88,vimeo,cc-by,https://vimeo.com/382175670,2019-12-31T13:34:38+00:00,2048,1056,equirectangular
382175670,18,vimeo,cc-by,https://vimeo.com/382175670,2019-12-31T13:34:38+00:00,2048,1056,equirectangular
382175670,93,vimeo,cc-by,https://vimeo.com/382175670,2019-12-31T13:34:38+00:00,2048,1056,equirectangular
382175670,109,vimeo,cc-by,https://vimeo.com/382175670,2019-12-31T13:34:38+00:00,2048,1056,equirectangular
382175670,24,vimeo,cc-by,https://vimeo.com/382175670,2019-12-31T13:34:38+00:00,2048,1056,equirectangular
382175670,112,vimeo,cc-by,https://vimeo.com/382175670,2019-12-31T13:34:38+00:00,2048,1056,equirectangular
382175670,70,vimeo,cc-by,https://vimeo.com/382175670,2019-12-31T13:34:38+00:00,2048,1056,equirectangular
382175670,111,vimeo,cc-by,https://vimeo.com/382175670,2019-12-31T13:34:38+00:00,2048,1056,equirectangular
382175670,09,vimeo,cc-by,https://vimeo.com/382175670,2019-12-31T13:34:38+00:00,2048,1056,equirectangular
382175670,87,vimeo,cc-by,https://vimeo.com/382175670,2019-12-31T13:34:38+00:00,2048,1056,equirectangular
382175670,68,vimeo,cc-by,https://vimeo.com/382175670,2019-12-31T13:34:38+00:00,2048,1056,equirectangular
382175670,26,vimeo,cc-by,https://vimeo.com/382175670,2019-12-31T13:34:38+00:00,2048,1056,equirectangular
382175670,41,vimeo,cc-by,https://vimeo.com/382175670,2019-12-31T13:34:38+00:00,2048,1056,equirectangular
382175670,54,vimeo,cc-by,https://vimeo.com/382175670,2019-12-31T13:34:38+00:00,2048,1056,equirectangular
382175670,44,vimeo,cc-by,https://vimeo.com/382175670,2019-12-31T13:34:38+00:00,2048,1056,equirectangular
382175670,61,vimeo,cc-by,https://vimeo.com/382175670,2019-12-31T13:34:38+00:00,2048,1056,equirectangular
382175670,07,vimeo,cc-by,https://vimeo.com/382175670,2019-12-31T13:34:38+00:00,2048,1056,equirectangular
382175670,29,vimeo,cc-by,https://vimeo.com/382175670,2019-12-31T13:34:38+00:00,2048,1056,equirectangular
382175670,37,vimeo,cc-by,https://vimeo.com/382175670,2019-12-31T13:34:38+00:00,2048,1056,equirectangular
382175670,79,vimeo,cc-by,https://vimeo.com/382175670,2019-12-31T13:34:38+00:00,2048,1056,equirectangular
382175670,28,vimeo,cc-by,https://vimeo.com/382175670,2019-12-31T13:34:38+00:00,2048,1056,equirectangular
382175670,102,vimeo,cc-by,https://vimeo.com/382175670,2019-12-31T13:34:38+00:00,2048,1056,equirectangular
382175670,81,vimeo,cc-by,https://vimeo.com/382175670,2019-12-31T13:34:38+00:00,2048,1056,equirectangular
382175670,82,vimeo,cc-by,https://vimeo.com/382175670,2019-12-31T13:34:38+00:00,2048,1056,equirectangular
382175670,11,vimeo,cc-by,https://vimeo.com/382175670,2019-12-31T13:34:38+00:00,2048,1056,equirectangular
382175670,33,vimeo,cc-by,https://vimeo.com/382175670,2019-12-31T13:34:38+00:00,2048,1056,equirectangular
382175670,05,vimeo,cc-by,https://vimeo.com/382175670,2019-12-31T13:34:38+00:00,2048,1056,equirectangular
382175670,46,vimeo,cc-by,https://vimeo.com/382175670,2019-12-31T13:34:38+00:00,2048,1056,equirectangular
382175670,73,vimeo,cc-by,https://vimeo.com/382175670,2019-12-31T13:34:38+00:00,2048,1056,equirectangular
382175670,20,vimeo,cc-by,https://vimeo.com/382175670,2019-12-31T13:34:38+00:00,2048,1056,equirectangular
382175670,106,vimeo,cc-by,https://vimeo.com/382175670,2019-12-31T13:34:38+00:00,2048,1056,equirectangular
382175670,12,vimeo,cc-by,https://vimeo.com/382175670,2019-12-31T13:34:38+00:00,2048,1056,equirectangular
382175670,67,vimeo,cc-by,https://vimeo.com/382175670,2019-12-31T13:34:38+00:00,2048,1056,equirectangular
382175670,14,vimeo,cc-by,https://vimeo.com/382175670,2019-12-31T13:34:38+00:00,2048,1056,equirectangular
382175670,84,vimeo,cc-by,https://vimeo.com/382175670,2019-12-31T13:34:38+00:00,2048,1056,equirectangular
382175670,32,vimeo,cc-by,https://vimeo.com/382175670,2019-12-31T13:34:38+00:00,2048,1056,equirectangular
382175670,40,vimeo,cc-by,https://vimeo.com/382175670,2019-12-31T13:34:38+00:00,2048,1056,equirectangular
382175670,130,vimeo,cc-by,https://vimeo.com/382175670,2019-12-31T13:34:38+00:00,2048,1056,equirectangular
382175670,69,vimeo,cc-by,https://vimeo.com/382175670,2019-12-31T13:34:38+00:00,2048,1056,equirectangular
382175670,06,vimeo,cc-by,https://vimeo.com/382175670,2019-12-31T13:34:38+00:00,2048,1056,equirectangular
382175670,55,vimeo,cc-by,https://vimeo.com/382175670,2019-12-31T13:34:38+00:00,2048,1056,equirectangular
382175670,42,vimeo,cc-by,https://vimeo.com/382175670,2019-12-31T13:34:38+00:00,2048,1056,equirectangular
382175670,80,vimeo,cc-by,https://vimeo.com/382175670,2019-12-31T13:34:38+00:00,2048,1056,equirectangular
382175670,04,vimeo,cc-by,https://vimeo.com/382175670,2019-12-31T13:34:38+00:00,2048,1056,equirectangular
382175670,78,vimeo,cc-by,https://vimeo.com/382175670,2019-12-31T13:34:38+00:00,2048,1056,equirectangular
382175670,72,vimeo,cc-by,https://vimeo.com/382175670,2019-12-31T13:34:38+00:00,2048,1056,equirectangular
382175670,19,vimeo,cc-by,https://vimeo.com/382175670,2019-12-31T13:34:38+00:00,2048,1056,equirectangular
382175670,128,vimeo,cc-by,https://vimeo.com/382175670,2019-12-31T13:34:38+00:00,2048,1056,equirectangular
382175670,47,vimeo,cc-by,https://vimeo.com/382175670,2019-12-31T13:34:38+00:00,2048,1056,equirectangular
382175670,27,vimeo,cc-by,https://vimeo.com/382175670,2019-12-31T13:34:38+00:00,2048,1056,equirectangular
382175670,48,vimeo,cc-by,https://vimeo.com/382175670,2019-12-31T13:34:38+00:00,2048,1056,equirectangular
382175670,66,vimeo,cc-by,https://vimeo.com/382175670,2019-12-31T13:34:38+00:00,2048,1056,equirectangular
382175670,98,vimeo,cc-by,https://vimeo.com/382175670,2019-12-31T13:34:38+00:00,2048,1056,equirectangular
382175670,97,vimeo,cc-by,https://vimeo.com/382175670,2019-12-31T13:34:38+00:00,2048,1056,equirectangular
382175670,08,vimeo,cc-by,https://vimeo.com/382175670,2019-12-31T13:34:38+00:00,2048,1056,equirectangular
382175670,02,vimeo,cc-by,https://vimeo.com/382175670,2019-12-31T13:34:38+00:00,2048,1056,equirectangular
382175670,113,vimeo,cc-by,https://vimeo.com/382175670,2019-12-31T13:34:38+00:00,2048,1056,equirectangular
382175670,108,vimeo,cc-by,https://vimeo.com/382175670,2019-12-31T13:34:38+00:00,2048,1056,equirectangular
382175670,38,vimeo,cc-by,https://vimeo.com/382175670,2019-12-31T13:34:38+00:00,2048,1056,equirectangular
382175670,21,vimeo,cc-by,https://vimeo.com/382175670,2019-12-31T13:34:38+00:00,2048,1056,equirectangular
382175670,120,vimeo,cc-by,https://vimeo.com/382175670,2019-12-31T13:34:38+00:00,2048,1056,equirectangular
382175670,83,vimeo,cc-by,https://vimeo.com/382175670,2019-12-31T13:34:38+00:00,2048,1056,equirectangular
382175670,49,vimeo,cc-by,https://vimeo.com/382175670,2019-12-31T13:34:38+00:00,2048,1056,equirectangular
382175670,94,vimeo,cc-by,https://vimeo.com/382175670,2019-12-31T13:34:38+00:00,2048,1056,equirectangular
382175670,101,vimeo,cc-by,https://vimeo.com/382175670,2019-12-31T13:34:38+00:00,2048,1056,equirectangular
382175670,117,vimeo,cc-by,https://vimeo.com/382175670,2019-12-31T13:34:38+00:00,2048,1056,equirectangular
382175670,53,vimeo,cc-by,https://vimeo.com/382175670,2019-12-31T13:34:38+00:00,2048,1056,equirectangular
382175670,105,vimeo,cc-by,https://vimeo.com/382175670,2019-12-31T13:34:38+00:00,2048,1056,equirectangular
382175670,125,vimeo,cc-by,https://vimeo.com/382175670,2019-12-31T13:34:38+00:00,2048,1056,equirectangular
382175670,62,vimeo,cc-by,https://vimeo.com/382175670,2019-12-31T13:34:38+00:00,2048,1056,equirectangular
382175670,119,vimeo,cc-by,https://vimeo.com/382175670,2019-12-31T13:34:38+00:00,2048,1056,equirectangular
382175670,123,vimeo,cc-by,https://vimeo.com/382175670,2019-12-31T13:34:38+00:00,2048,1056,equirectangular
382175670,43,vimeo,cc-by,https://vimeo.com/382175670,2019-12-31T13:34:38+00:00,2048,1056,equirectangular
382175670,89,vimeo,cc-by,https://vimeo.com/382175670,2019-12-31T13:34:38+00:00,2048,1056,equirectangular
382175670,126,vimeo,cc-by,https://vimeo.com/382175670,2019-12-31T13:34:38+00:00,2048,1056,equirectangular
382175670,39,vimeo,cc-by,https://vimeo.com/382175670,2019-12-31T13:34:38+00:00,2048,1056,equirectangular
220448351,01,vimeo,cc-by-nc-nd,https://vimeo.com/220448351,2017-06-06T10:30:25+00:00,2048,1024,equirectangular
220448351,02,vimeo,cc-by-nc-nd,https://vimeo.com/220448351,2017-06-06T10:30:25+00:00,2048,1024,equirectangular
730700865,00,vimeo,cc-by-nc-nd,https://vimeo.com/730700865,2022-07-17T07:56:23+00:00,2048,1024,equirectangular
542079226,00,vimeo,cc-by-nc-sa,https://vimeo.com/542079226,2021-04-27T10:38:04+00:00,1080,540,equirectangular
413423450,50,vimeo,cc-by,https://vimeo.com/413423450,2020-04-30T04:12:24+00:00,2048,1024,equirectangular
413423450,64,vimeo,cc-by,https://vimeo.com/413423450,2020-04-30T04:12:24+00:00,2048,1024,equirectangular
413423450,30,vimeo,cc-by,https://vimeo.com/413423450,2020-04-30T04:12:24+00:00,2048,1024,equirectangular
413423450,115,vimeo,cc-by,https://vimeo.com/413423450,2020-04-30T04:12:24+00:00,2048,1024,equirectangular
413423450,77,vimeo,cc-by,https://vimeo.com/413423450,2020-04-30T04:12:24+00:00,2048,1024,equirectangular
413423450,86,vimeo,cc-by,https://vimeo.com/413423450,2020-04-30T04:12:24+00:00,2048,1024,equirectangular
413423450,34,vimeo,cc-by,https://vimeo.com/413423450,2020-04-30T04:12:24+00:00,2048,1024,equirectangular
413423450,15,vimeo,cc-by,https://vimeo.com/413423450,2020-04-30T04:12:24+00:00,2048,1024,equirectangular
413423450,85,vimeo,cc-by,https://vimeo.com/413423450,2020-04-30T04:12:24+00:00,2048,1024,equirectangular
413423450,65,vimeo,cc-by,https://vimeo.com/413423450,2020-04-30T04:12:24+00:00,2048,1024,equirectangular
413423450,91,vimeo,cc-by,https://vimeo.com/413423450,2020-04-30T04:12:24+00:00,2048,1024,equirectangular
413423450,99,vimeo,cc-by,https://vimeo.com/413423450,2020-04-30T04:12:24+00:00,2048,1024,equirectangular
413423450,22,vimeo,cc-by,https://vimeo.com/413423450,2020-04-30T04:12:24+00:00,2048,1024,equirectangular
413423450,56,vimeo,cc-by,https://vimeo.com/413423450,2020-04-30T04:12:24+00:00,2048,1024,equirectangular
413423450,76,vimeo,cc-by,https://vimeo.com/413423450,2020-04-30T04:12:24+00:00,2048,1024,equirectangular
413423450,110,vimeo,cc-by,https://vimeo.com/413423450,2020-04-30T04:12:24+00:00,2048,1024,equirectangular
413423450,71,vimeo,cc-by,https://vimeo.com/413423450,2020-04-30T04:12:24+00:00,2048,1024,equirectangular
413423450,03,vimeo,cc-by,https://vimeo.com/413423450,2020-04-30T04:12:24+00:00,2048,1024,equirectangular
413423450,104,vimeo,cc-by,https://vimeo.com/413423450,2020-04-30T04:12:24+00:00,2048,1024,equirectangular
413423450,23,vimeo,cc-by,https://vimeo.com/413423450,2020-04-30T04:12:24+00:00,2048,1024,equirectangular
413423450,52,vimeo,cc-by,https://vimeo.com/413423450,2020-04-30T04:12:24+00:00,2048,1024,equirectangular
413423450,57,vimeo,cc-by,https://vimeo.com/413423450,2020-04-30T04:12:24+00:00,2048,1024,equirectangular
413423450,10,vimeo,cc-by,https://vimeo.com/413423450,2020-04-30T04:12:24+00:00,2048,1024,equirectangular
413423450,95,vimeo,cc-by,https://vimeo.com/413423450,2020-04-30T04:12:24+00:00,2048,1024,equirectangular
413423450,90,vimeo,cc-by,https://vimeo.com/413423450,2020-04-30T04:12:24+00:00,2048,1024,equirectangular
413423450,58,vimeo,cc-by,https://vimeo.com/413423450,2020-04-30T04:12:24+00:00,2048,1024,equirectangular
413423450,92,vimeo,cc-by,https://vimeo.com/413423450,2020-04-30T04:12:24+00:00,2048,1024,equirectangular
413423450,13,vimeo,cc-by,https://vimeo.com/413423450,2020-04-30T04:12:24+00:00,2048,1024,equirectangular
413423450,17,vimeo,cc-by,https://vimeo.com/413423450,2020-04-30T04:12:24+00:00,2048,1024,equirectangular
413423450,36,vimeo,cc-by,https://vimeo.com/413423450,2020-04-30T04:12:24+00:00,2048,1024,equirectangular
413423450,103,vimeo,cc-by,https://vimeo.com/413423450,2020-04-30T04:12:24+00:00,2048,1024,equirectangular
413423450,45,vimeo,cc-by,https://vimeo.com/413423450,2020-04-30T04:12:24+00:00,2048,1024,equirectangular
413423450,114,vimeo,cc-by,https://vimeo.com/413423450,2020-04-30T04:12:24+00:00,2048,1024,equirectangular
413423450,75,vimeo,cc-by,https://vimeo.com/413423450,2020-04-30T04:12:24+00:00,2048,1024,equirectangular
413423450,74,vimeo,cc-by,https://vimeo.com/413423450,2020-04-30T04:12:24+00:00,2048,1024,equirectangular
413423450,59,vimeo,cc-by,https://vimeo.com/413423450,2020-04-30T04:12:24+00:00,2048,1024,equirectangular
413423450,31,vimeo,cc-by,https://vimeo.com/413423450,2020-04-30T04:12:24+00:00,2048,1024,equirectangular
413423450,100,vimeo,cc-by,https://vimeo.com/413423450,2020-04-30T04:12:24+00:00,2048,1024,equirectangular
413423450,96,vimeo,cc-by,https://vimeo.com/413423450,2020-04-30T04:12:24+00:00,2048,1024,equirectangular
413423450,16,vimeo,cc-by,https://vimeo.com/413423450,2020-04-30T04:12:24+00:00,2048,1024,equirectangular
413423450,116,vimeo,cc-by,https://vimeo.com/413423450,2020-04-30T04:12:24+00:00,2048,1024,equirectangular
413423450,51,vimeo,cc-by,https://vimeo.com/413423450,2020-04-30T04:12:24+00:00,2048,1024,equirectangular
413423450,63,vimeo,cc-by,https://vimeo.com/413423450,2020-04-30T04:12:24+00:00,2048,1024,equirectangular
413423450,107,vimeo,cc-by,https://vimeo.com/413423450,2020-04-30T04:12:24+00:00,2048,1024,equirectangular
413423450,60,vimeo,cc-by,https://vimeo.com/413423450,2020-04-30T04:12:24+00:00,2048,1024,equirectangular
413423450,35,vimeo,cc-by,https://vimeo.com/413423450,2020-04-30T04:12:24+00:00,2048,1024,equirectangular
413423450,00,vimeo,cc-by,https://vimeo.com/413423450,2020-04-30T04:12:24+00:00,2048,1024,equirectangular
413423450,25,vimeo,cc-by,https://vimeo.com/413423450,2020-04-30T04:12:24+00:00,2048,1024,equirectangular
413423450,88,vimeo,cc-by,https://vimeo.com/413423450,2020-04-30T04:12:24+00:00,2048,1024,equirectangular
413423450,18,vimeo,cc-by,https://vimeo.com/413423450,2020-04-30T04:12:24+00:00,2048,1024,equirectangular
413423450,93,vimeo,cc-by,https://vimeo.com/413423450,2020-04-30T04:12:24+00:00,2048,1024,equirectangular
413423450,109,vimeo,cc-by,https://vimeo.com/413423450,2020-04-30T04:12:24+00:00,2048,1024,equirectangular
413423450,24,vimeo,cc-by,https://vimeo.com/413423450,2020-04-30T04:12:24+00:00,2048,1024,equirectangular
413423450,112,vimeo,cc-by,https://vimeo.com/413423450,2020-04-30T04:12:24+00:00,2048,1024,equirectangular
413423450,70,vimeo,cc-by,https://vimeo.com/413423450,2020-04-30T04:12:24+00:00,2048,1024,equirectangular
413423450,111,vimeo,cc-by,https://vimeo.com/413423450,2020-04-30T04:12:24+00:00,2048,1024,equirectangular
413423450,09,vimeo,cc-by,https://vimeo.com/413423450,2020-04-30T04:12:24+00:00,2048,1024,equirectangular
413423450,87,vimeo,cc-by,https://vimeo.com/413423450,2020-04-30T04:12:24+00:00,2048,1024,equirectangular
413423450,68,vimeo,cc-by,https://vimeo.com/413423450,2020-04-30T04:12:24+00:00,2048,1024,equirectangular
413423450,26,vimeo,cc-by,https://vimeo.com/413423450,2020-04-30T04:12:24+00:00,2048,1024,equirectangular
413423450,41,vimeo,cc-by,https://vimeo.com/413423450,2020-04-30T04:12:24+00:00,2048,1024,equirectangular
413423450,54,vimeo,cc-by,https://vimeo.com/413423450,2020-04-30T04:12:24+00:00,2048,1024,equirectangular
413423450,44,vimeo,cc-by,https://vimeo.com/413423450,2020-04-30T04:12:24+00:00,2048,1024,equirectangular
413423450,61,vimeo,cc-by,https://vimeo.com/413423450,2020-04-30T04:12:24+00:00,2048,1024,equirectangular
413423450,07,vimeo,cc-by,https://vimeo.com/413423450,2020-04-30T04:12:24+00:00,2048,1024,equirectangular
413423450,29,vimeo,cc-by,https://vimeo.com/413423450,2020-04-30T04:12:24+00:00,2048,1024,equirectangular
413423450,37,vimeo,cc-by,https://vimeo.com/413423450,2020-04-30T04:12:24+00:00,2048,1024,equirectangular
413423450,79,vimeo,cc-by,https://vimeo.com/413423450,2020-04-30T04:12:24+00:00,2048,1024,equirectangular
413423450,28,vimeo,cc-by,https://vimeo.com/413423450,2020-04-30T04:12:24+00:00,2048,1024,equirectangular
413423450,102,vimeo,cc-by,https://vimeo.com/413423450,2020-04-30T04:12:24+00:00,2048,1024,equirectangular
413423450,81,vimeo,cc-by,https://vimeo.com/413423450,2020-04-30T04:12:24+00:00,2048,1024,equirectangular
413423450,82,vimeo,cc-by,https://vimeo.com/413423450,2020-04-30T04:12:24+00:00,2048,1024,equirectangular
413423450,11,vimeo,cc-by,https://vimeo.com/413423450,2020-04-30T04:12:24+00:00,2048,1024,equirectangular
413423450,33,vimeo,cc-by,https://vimeo.com/413423450,2020-04-30T04:12:24+00:00,2048,1024,equirectangular
413423450,05,vimeo,cc-by,https://vimeo.com/413423450,2020-04-30T04:12:24+00:00,2048,1024,equirectangular
413423450,46,vimeo,cc-by,https://vimeo.com/413423450,2020-04-30T04:12:24+00:00,2048,1024,equirectangular
413423450,73,vimeo,cc-by,https://vimeo.com/413423450,2020-04-30T04:12:24+00:00,2048,1024,equirectangular
413423450,20,vimeo,cc-by,https://vimeo.com/413423450,2020-04-30T04:12:24+00:00,2048,1024,equirectangular
413423450,106,vimeo,cc-by,https://vimeo.com/413423450,2020-04-30T04:12:24+00:00,2048,1024,equirectangular
413423450,12,vimeo,cc-by,https://vimeo.com/413423450,2020-04-30T04:12:24+00:00,2048,1024,equirectangular
413423450,67,vimeo,cc-by,https://vimeo.com/413423450,2020-04-30T04:12:24+00:00,2048,1024,equirectangular
413423450,14,vimeo,cc-by,https://vimeo.com/413423450,2020-04-30T04:12:24+00:00,2048,1024,equirectangular
413423450,01,vimeo,cc-by,https://vimeo.com/413423450,2020-04-30T04:12:24+00:00,2048,1024,equirectangular
413423450,84,vimeo,cc-by,https://vimeo.com/413423450,2020-04-30T04:12:24+00:00,2048,1024,equirectangular
413423450,32,vimeo,cc-by,https://vimeo.com/413423450,2020-04-30T04:12:24+00:00,2048,1024,equirectangular
413423450,40,vimeo,cc-by,https://vimeo.com/413423450,2020-04-30T04:12:24+00:00,2048,1024,equirectangular
413423450,69,vimeo,cc-by,https://vimeo.com/413423450,2020-04-30T04:12:24+00:00,2048,1024,equirectangular
413423450,06,vimeo,cc-by,https://vimeo.com/413423450,2020-04-30T04:12:24+00:00,2048,1024,equirectangular
413423450,55,vimeo,cc-by,https://vimeo.com/413423450,2020-04-30T04:12:24+00:00,2048,1024,equirectangular
413423450,42,vimeo,cc-by,https://vimeo.com/413423450,2020-04-30T04:12:24+00:00,2048,1024,equirectangular
413423450,80,vimeo,cc-by,https://vimeo.com/413423450,2020-04-30T04:12:24+00:00,2048,1024,equirectangular
413423450,04,vimeo,cc-by,https://vimeo.com/413423450,2020-04-30T04:12:24+00:00,2048,1024,equirectangular
413423450,78,vimeo,cc-by,https://vimeo.com/413423450,2020-04-30T04:12:24+00:00,2048,1024,equirectangular
413423450,72,vimeo,cc-by,https://vimeo.com/413423450,2020-04-30T04:12:24+00:00,2048,1024,equirectangular
413423450,19,vimeo,cc-by,https://vimeo.com/413423450,2020-04-30T04:12:24+00:00,2048,1024,equirectangular
413423450,47,vimeo,cc-by,https://vimeo.com/413423450,2020-04-30T04:12:24+00:00,2048,1024,equirectangular
413423450,27,vimeo,cc-by,https://vimeo.com/413423450,2020-04-30T04:12:24+00:00,2048,1024,equirectangular
413423450,48,vimeo,cc-by,https://vimeo.com/413423450,2020-04-30T04:12:24+00:00,2048,1024,equirectangular
413423450,66,vimeo,cc-by,https://vimeo.com/413423450,2020-04-30T04:12:24+00:00,2048,1024,equirectangular
413423450,98,vimeo,cc-by,https://vimeo.com/413423450,2020-04-30T04:12:24+00:00,2048,1024,equirectangular
413423450,97,vimeo,cc-by,https://vimeo.com/413423450,2020-04-30T04:12:24+00:00,2048,1024,equirectangular
413423450,08,vimeo,cc-by,https://vimeo.com/413423450,2020-04-30T04:12:24+00:00,2048,1024,equirectangular
413423450,02,vimeo,cc-by,https://vimeo.com/413423450,2020-04-30T04:12:24+00:00,2048,1024,equirectangular
413423450,113,vimeo,cc-by,https://vimeo.com/413423450,2020-04-30T04:12:24+00:00,2048,1024,equirectangular
413423450,108,vimeo,cc-by,https://vimeo.com/413423450,2020-04-30T04:12:24+00:00,2048,1024,equirectangular
413423450,38,vimeo,cc-by,https://vimeo.com/413423450,2020-04-30T04:12:24+00:00,2048,1024,equirectangular
413423450,21,vimeo,cc-by,https://vimeo.com/413423450,2020-04-30T04:12:24+00:00,2048,1024,equirectangular
413423450,83,vimeo,cc-by,https://vimeo.com/413423450,2020-04-30T04:12:24+00:00,2048,1024,equirectangular
413423450,49,vimeo,cc-by,https://vimeo.com/413423450,2020-04-30T04:12:24+00:00,2048,1024,equirectangular
413423450,94,vimeo,cc-by,https://vimeo.com/413423450,2020-04-30T04:12:24+00:00,2048,1024,equirectangular
413423450,101,vimeo,cc-by,https://vimeo.com/413423450,2020-04-30T04:12:24+00:00,2048,1024,equirectangular
413423450,117,vimeo,cc-by,https://vimeo.com/413423450,2020-04-30T04:12:24+00:00,2048,1024,equirectangular
413423450,53,vimeo,cc-by,https://vimeo.com/413423450,2020-04-30T04:12:24+00:00,2048,1024,equirectangular
413423450,105,vimeo,cc-by,https://vimeo.com/413423450,2020-04-30T04:12:24+00:00,2048,1024,equirectangular
413423450,62,vimeo,cc-by,https://vimeo.com/413423450,2020-04-30T04:12:24+00:00,2048,1024,equirectangular
413423450,43,vimeo,cc-by,https://vimeo.com/413423450,2020-04-30T04:12:24+00:00,2048,1024,equirectangular
413423450,89,vimeo,cc-by,https://vimeo.com/413423450,2020-04-30T04:12:24+00:00,2048,1024,equirectangular
413423450,39,vimeo,cc-by,https://vimeo.com/413423450,2020-04-30T04:12:24+00:00,2048,1024,equirectangular
367198659,00,vimeo,cc-by-nc-nd,https://vimeo.com/367198659,2019-10-18T07:33:25+00:00,1920,1080,equirectangular
367198659,01,vimeo,cc-by-nc-nd,https://vimeo.com/367198659,2019-10-18T07:33:25+00:00,1920,1080,equirectangular
747177629,03,vimeo,cc-by,https://vimeo.com/747177629,2022-09-07T07:17:32+00:00,2048,1024,equirectangular
747177629,00,vimeo,cc-by,https://vimeo.com/747177629,2022-09-07T07:17:32+00:00,2048,1024,equirectangular
747177629,01,vimeo,cc-by,https://vimeo.com/747177629,2022-09-07T07:17:32+00:00,2048,1024,equirectangular
747177629,02,vimeo,cc-by,https://vimeo.com/747177629,2022-09-07T07:17:32+00:00,2048,1024,equirectangular
722810971,01,vimeo,cc-by-nc-nd,https://vimeo.com/722810971,2022-06-22T04:01:20+00:00,2048,1024,equirectangular
465087601,01,vimeo,cc-by-nc,https://vimeo.com/465087601,2020-10-05T17:30:49+00:00,2048,1024,equirectangular
283299333,03,vimeo,cc-by-nc,https://vimeo.com/283299333,2018-08-05T15:39:43+00:00,2048,1024,equirectangular
283299333,01,vimeo,cc-by-nc,https://vimeo.com/283299333,2018-08-05T15:39:43+00:00,2048,1024,equirectangular
294605723,05,vimeo,cc-by,https://vimeo.com/294605723,2018-10-11T15:35:19+00:00,1920,1080,equirectangular
294605723,06,vimeo,cc-by,https://vimeo.com/294605723,2018-10-11T15:35:19+00:00,1920,1080,equirectangular
294605723,04,vimeo,cc-by,https://vimeo.com/294605723,2018-10-11T15:35:19+00:00,1920,1080,equirectangular
294605723,08,vimeo,cc-by,https://vimeo.com/294605723,2018-10-11T15:35:19+00:00,1920,1080,equirectangular
666652713,00,vimeo,cc-by,https://vimeo.com/666652713,2022-01-17T06:41:45+00:00,2048,1024,equirectangular
334093731,09,vimeo,cc-by,https://vimeo.com/334093731,2019-05-04T00:35:13+00:00,1920,1080,equirectangular
429449704,00,vimeo,cc-by,https://vimeo.com/429449704,2020-06-16T00:05:22+00:00,1920,1080,equirectangular
371513126,01,vimeo,cc-by,https://vimeo.com/371513126,2019-11-06T23:52:21+00:00,1920,1080,equirectangular
223508826,00,vimeo,cc-by-nc,https://vimeo.com/223508826,2017-06-28T19:34:41+00:00,2048,1024,equirectangular
250248038,00,vimeo,cc-by-nd,https://vimeo.com/250248038,2018-01-09T10:08:46+00:00,2048,1024,equirectangular
250248038,09,vimeo,cc-by-nd,https://vimeo.com/250248038,2018-01-09T10:08:46+00:00,2048,1024,equirectangular
250248038,07,vimeo,cc-by-nd,https://vimeo.com/250248038,2018-01-09T10:08:46+00:00,2048,1024,equirectangular
250248038,05,vimeo,cc-by-nd,https://vimeo.com/250248038,2018-01-09T10:08:46+00:00,2048,1024,equirectangular
250248038,06,vimeo,cc-by-nd,https://vimeo.com/250248038,2018-01-09T10:08:46+00:00,2048,1024,equirectangular
208337169,00,vimeo,cc-by-sa,https://vimeo.com/208337169,2017-03-14T16:16:53+00:00,2048,1024,equirectangular
222246130,00,vimeo,cc-by,https://vimeo.com/222246130,2017-06-19T19:19:22+00:00,2048,1024,equirectangular
384708252,00,vimeo,cc-by-nc,https://vimeo.com/384708252,2020-01-14T08:13:20+00:00,2048,1024,equirectangular
250245452,03,vimeo,cc-by-nd,https://vimeo.com/250245452,2018-01-09T09:44:37+00:00,2048,1024,equirectangular
250245452,00,vimeo,cc-by-nd,https://vimeo.com/250245452,2018-01-09T09:44:37+00:00,2048,1024,equirectangular
249626861,03,vimeo,cc-by-nd,https://vimeo.com/249626861,2018-01-04T07:06:10+00:00,1920,1080,equirectangular
249626861,13,vimeo,cc-by-nd,https://vimeo.com/249626861,2018-01-04T07:06:10+00:00,1920,1080,equirectangular
249626861,00,vimeo,cc-by-nd,https://vimeo.com/249626861,2018-01-04T07:06:10+00:00,1920,1080,equirectangular
249626861,09,vimeo,cc-by-nd,https://vimeo.com/249626861,2018-01-04T07:06:10+00:00,1920,1080,equirectangular
249626861,07,vimeo,cc-by-nd,https://vimeo.com/249626861,2018-01-04T07:06:10+00:00,1920,1080,equirectangular
249626861,11,vimeo,cc-by-nd,https://vimeo.com/249626861,2018-01-04T07:06:10+00:00,1920,1080,equirectangular
249626861,05,vimeo,cc-by-nd,https://vimeo.com/249626861,2018-01-04T07:06:10+00:00,1920,1080,equirectangular
249626861,12,vimeo,cc-by-nd,https://vimeo.com/249626861,2018-01-04T07:06:10+00:00,1920,1080,equirectangular
249626861,14,vimeo,cc-by-nd,https://vimeo.com/249626861,2018-01-04T07:06:10+00:00,1920,1080,equirectangular
249626861,01,vimeo,cc-by-nd,https://vimeo.com/249626861,2018-01-04T07:06:10+00:00,1920,1080,equirectangular
249626861,06,vimeo,cc-by-nd,https://vimeo.com/249626861,2018-01-04T07:06:10+00:00,1920,1080,equirectangular
249626861,04,vimeo,cc-by-nd,https://vimeo.com/249626861,2018-01-04T07:06:10+00:00,1920,1080,equirectangular
249626861,08,vimeo,cc-by-nd,https://vimeo.com/249626861,2018-01-04T07:06:10+00:00,1920,1080,equirectangular
217690165,15,vimeo,cc-by,https://vimeo.com/217690165,2017-05-16T15:51:41+00:00,1920,960,equirectangular
217690165,13,vimeo,cc-by,https://vimeo.com/217690165,2017-05-16T15:51:41+00:00,1920,960,equirectangular
217690165,07,vimeo,cc-by,https://vimeo.com/217690165,2017-05-16T15:51:41+00:00,1920,960,equirectangular
217690165,05,vimeo,cc-by,https://vimeo.com/217690165,2017-05-16T15:51:41+00:00,1920,960,equirectangular
217690165,06,vimeo,cc-by,https://vimeo.com/217690165,2017-05-16T15:51:41+00:00,1920,960,equirectangular
217690165,04,vimeo,cc-by,https://vimeo.com/217690165,2017-05-16T15:51:41+00:00,1920,960,equirectangular
223810298,00,vimeo,cc-by,https://vimeo.com/223810298,2017-06-30T17:51:17+00:00,1280,640,equirectangular
225838387,03,vimeo,cc-by,https://vimeo.com/225838387,2017-07-17T12:49:01+00:00,1920,960,equirectangular
225838387,00,vimeo,cc-by,https://vimeo.com/225838387,2017-07-17T12:49:01+00:00,1920,960,equirectangular
225838387,01,vimeo,cc-by,https://vimeo.com/225838387,2017-07-17T12:49:01+00:00,1920,960,equirectangular
225838387,02,vimeo,cc-by,https://vimeo.com/225838387,2017-07-17T12:49:01+00:00,1920,960,equirectangular
491188944,03,vimeo,cc-by-nd,https://vimeo.com/491188944,2020-12-15T13:50:43+00:00,2048,1024,equirectangular
491188944,07,vimeo,cc-by-nd,https://vimeo.com/491188944,2020-12-15T13:50:43+00:00,2048,1024,equirectangular
491188944,05,vimeo,cc-by-nd,https://vimeo.com/491188944,2020-12-15T13:50:43+00:00,2048,1024,equirectangular
491188944,01,vimeo,cc-by-nd,https://vimeo.com/491188944,2020-12-15T13:50:43+00:00,2048,1024,equirectangular
491188944,06,vimeo,cc-by-nd,https://vimeo.com/491188944,2020-12-15T13:50:43+00:00,2048,1024,equirectangular
491188944,04,vimeo,cc-by-nd,https://vimeo.com/491188944,2020-12-15T13:50:43+00:00,2048,1024,equirectangular
491188944,08,vimeo,cc-by-nd,https://vimeo.com/491188944,2020-12-15T13:50:43+00:00,2048,1024,equirectangular
491188944,02,vimeo,cc-by-nd,https://vimeo.com/491188944,2020-12-15T13:50:43+00:00,2048,1024,equirectangular
253152991,00,vimeo,cc-by-nd,https://vimeo.com/253152991,2018-01-28T20:35:21+00:00,2048,1024,equirectangular
258629681,00,vimeo,cc-by-nc-nd,https://vimeo.com/258629681,2018-03-05T15:37:14+00:00,1920,1080,equirectangular
258629681,01,vimeo,cc-by-nc-nd,https://vimeo.com/258629681,2018-03-05T15:37:14+00:00,1920,1080,equirectangular
258629681,02,vimeo,cc-by-nc-nd,https://vimeo.com/258629681,2018-03-05T15:37:14+00:00,1920,1080,equirectangular
425995481,00,vimeo,cc-by,https://vimeo.com/425995481,2020-06-04T19:18:01+00:00,2048,1024,equirectangular
820118626,00,vimeo,cc-by-nd,https://vimeo.com/820118626,2023-04-22T16:16:58+00:00,2048,1024,equirectangular
412113902,00,vimeo,cc-by-nc,https://vimeo.com/412113902,2020-04-26T21:12:25+00:00,2048,1024,equirectangular
412113902,01,vimeo,cc-by-nc,https://vimeo.com/412113902,2020-04-26T21:12:25+00:00,2048,1024,equirectangular
314909711,00,vimeo,cc-by-nc-nd,https://vimeo.com/314909711,2019-02-01T22:35:26+00:00,2026,1080,equirectangular
314909711,01,vimeo,cc-by-nc-nd,https://vimeo.com/314909711,2019-02-01T22:35:26+00:00,2026,1080,equirectangular
314909711,02,vimeo,cc-by-nc-nd,https://vimeo.com/314909711,2019-02-01T22:35:26+00:00,2026,1080,equirectangular
314438285,00,vimeo,cc-by-nc-nd,https://vimeo.com/314438285,2019-01-31T08:31:31+00:00,1920,1080,equirectangular
245521169,00,vimeo,cc-by,https://vimeo.com/245521169,2017-12-02T16:19:50+00:00,2048,1024,equirectangular
820114022,00,vimeo,cc-by-nc-nd,https://vimeo.com/820114022,2023-04-22T15:47:40+00:00,2048,1024,equirectangular
820112891,00,vimeo,cc-by-nd,https://vimeo.com/820112891,2023-04-22T15:39:34+00:00,2048,1024,equirectangular
820111840,00,vimeo,cc-by-nd,https://vimeo.com/820111840,2023-04-22T15:32:41+00:00,2048,1024,equirectangular
695401779,03,vimeo,cc-by-nc,https://vimeo.com/695401779,2022-04-03T13:47:29+00:00,2048,1024,equirectangular
695401779,10,vimeo,cc-by-nc,https://vimeo.com/695401779,2022-04-03T13:47:29+00:00,2048,1024,equirectangular
695401779,00,vimeo,cc-by-nc,https://vimeo.com/695401779,2022-04-03T13:47:29+00:00,2048,1024,equirectangular
695401779,09,vimeo,cc-by-nc,https://vimeo.com/695401779,2022-04-03T13:47:29+00:00,2048,1024,equirectangular
695401779,07,vimeo,cc-by-nc,https://vimeo.com/695401779,2022-04-03T13:47:29+00:00,2048,1024,equirectangular
695401779,05,vimeo,cc-by-nc,https://vimeo.com/695401779,2022-04-03T13:47:29+00:00,2048,1024,equirectangular
695401779,01,vimeo,cc-by-nc,https://vimeo.com/695401779,2022-04-03T13:47:29+00:00,2048,1024,equirectangular
695401779,06,vimeo,cc-by-nc,https://vimeo.com/695401779,2022-04-03T13:47:29+00:00,2048,1024,equirectangular
695401779,04,vimeo,cc-by-nc,https://vimeo.com/695401779,2022-04-03T13:47:29+00:00,2048,1024,equirectangular
695401779,08,vimeo,cc-by-nc,https://vimeo.com/695401779,2022-04-03T13:47:29+00:00,2048,1024,equirectangular
695401779,02,vimeo,cc-by-nc,https://vimeo.com/695401779,2022-04-03T13:47:29+00:00,2048,1024,equirectangular
544875031,07,vimeo,cc-by-nc-sa,https://vimeo.com/544875031,2021-05-04T05:42:19+00:00,1080,540,equirectangular
544875031,05,vimeo,cc-by-nc-sa,https://vimeo.com/544875031,2021-05-04T05:42:19+00:00,1080,540,equirectangular
544875031,01,vimeo,cc-by-nc-sa,https://vimeo.com/544875031,2021-05-04T05:42:19+00:00,1080,540,equirectangular
544875031,06,vimeo,cc-by-nc-sa,https://vimeo.com/544875031,2021-05-04T05:42:19+00:00,1080,540,equirectangular
544875031,04,vimeo,cc-by-nc-sa,https://vimeo.com/544875031,2021-05-04T05:42:19+00:00,1080,540,equirectangular
544875031,02,vimeo,cc-by-nc-sa,https://vimeo.com/544875031,2021-05-04T05:42:19+00:00,1080,540,equirectangular
548018744,00,vimeo,cc-by-nc-nd,https://vimeo.com/548018744,2021-05-11T15:54:21+00:00,2048,1024,equirectangular
368360731,03,vimeo,cc-by,https://vimeo.com/368360731,2019-10-23T19:25:59+00:00,1920,960,equirectangular
368360731,00,vimeo,cc-by,https://vimeo.com/368360731,2019-10-23T19:25:59+00:00,1920,960,equirectangular
368360731,07,vimeo,cc-by,https://vimeo.com/368360731,2019-10-23T19:25:59+00:00,1920,960,equirectangular
368360731,05,vimeo,cc-by,https://vimeo.com/368360731,2019-10-23T19:25:59+00:00,1920,960,equirectangular
368360731,01,vimeo,cc-by,https://vimeo.com/368360731,2019-10-23T19:25:59+00:00,1920,960,equirectangular
368360731,06,vimeo,cc-by,https://vimeo.com/368360731,2019-10-23T19:25:59+00:00,1920,960,equirectangular
368360731,04,vimeo,cc-by,https://vimeo.com/368360731,2019-10-23T19:25:59+00:00,1920,960,equirectangular
368360731,08,vimeo,cc-by,https://vimeo.com/368360731,2019-10-23T19:25:59+00:00,1920,960,equirectangular
368360731,02,vimeo,cc-by,https://vimeo.com/368360731,2019-10-23T19:25:59+00:00,1920,960,equirectangular
236936197,03,vimeo,cc-by-sa,https://vimeo.com/236936197,2017-10-05T15:02:56+00:00,1920,540,equirectangular
236936197,02,vimeo,cc-by-sa,https://vimeo.com/236936197,2017-10-05T15:02:56+00:00,1920,540,equirectangular
378084889,00,vimeo,cc-by-nc-nd,https://vimeo.com/378084889,2019-12-08T09:19:18+00:00,2048,1024,equirectangular
311978831,00,vimeo,cc-by-nc-nd,https://vimeo.com/311978831,2019-01-17T21:09:05+00:00,2048,1024,equirectangular
O-_AwgYxUW0,00,youtube,cc-by,https://www.youtube.com/watch?v=O-_AwgYxUW0,2017-07-10T17:00:01Z,1920,1080,equirectangular
B9MFGLcDfgA,00,youtube,cc-by,https://www.youtube.com/watch?v=B9MFGLcDfgA,2018-03-11T09:55:25Z,1920,1080,equirectangular
RGgBIhbMRNY,00,youtube,cc-by,https://www.youtube.com/watch?v=RGgBIhbMRNY,2017-10-18T16:30:01Z,1920,960,equirectangular
PDHu0qnkgu8,00,youtube,cc-by,https://www.youtube.com/watch?v=PDHu0qnkgu8,2016-04-15T18:21:58Z,1920,960,equirectangular
t-6pVQn4wgo,00,youtube,cc-by,https://www.youtube.com/watch?v=t-6pVQn4wgo,2018-03-11T09:55:25Z,1920,960,equirectangular
sudMIz4Cyrc,01,youtube,cc-by,https://www.youtube.com/watch?v=sudMIz4Cyrc,2016-09-23T06:17:53Z,2048,1024,equirectangular
9lC3VPu7sRA,01,youtube,cc-by,https://www.youtube.com/watch?v=9lC3VPu7sRA,2024-01-20T22:58:51Z,1920,960,equirectangular
Mjcwyyl8f5A,01,youtube,cc-by,https://www.youtube.com/watch?v=Mjcwyyl8f5A,2017-03-31T06:04:32Z,2048,1024,equirectangular
Mjcwyyl8f5A,02,youtube,cc-by,https://www.youtube.com/watch?v=Mjcwyyl8f5A,2017-03-31T06:04:32Z,2048,1024,equirectangular
JUKeuAcqivo,00,youtube,cc-by,https://www.youtube.com/watch?v=JUKeuAcqivo,2017-01-05T15:07:14Z,1280,640,equirectangular
AKcNTAQ0f7g,00,youtube,cc-by,https://www.youtube.com/watch?v=AKcNTAQ0f7g,2016-08-25T19:28:29Z,1920,1080,equirectangular
V9XkVyuTMN0,00,youtube,cc-by,https://www.youtube.com/watch?v=V9XkVyuTMN0,2015-12-18T15:50:37Z,1920,1080,equirectangular
V9XkVyuTMN0,01,youtube,cc-by,https://www.youtube.com/watch?v=V9XkVyuTMN0,2015-12-18T15:50:37Z,1920,1080,equirectangular
V9XkVyuTMN0,02,youtube,cc-by,https://www.youtube.com/watch?v=V9XkVyuTMN0,2015-12-18T15:50:37Z,1920,1080,equirectangular
NsJIgWZgC6E,00,youtube,cc-by,https://www.youtube.com/watch?v=NsJIgWZgC6E,2016-05-29T14:45:09Z,1920,960,equirectangular
cBrdU5aDyD8,00,youtube,cc-by,https://www.youtube.com/watch?v=cBrdU5aDyD8,2023-02-01T16:30:04Z,1920,960,equirectangular
2jYXM4LY5n0,00,youtube,cc-by,https://www.youtube.com/watch?v=2jYXM4LY5n0,2021-12-21T13:07:18Z,1280,720,equirectangular
2jYXM4LY5n0,01,youtube,cc-by,https://www.youtube.com/watch?v=2jYXM4LY5n0,2021-12-21T13:07:18Z,1280,720,equirectangular
2jYXM4LY5n0,02,youtube,cc-by,https://www.youtube.com/watch?v=2jYXM4LY5n0,2021-12-21T13:07:18Z,1280,720,equirectangular
2jYXM4LY5n0,03,youtube,cc-by,https://www.youtube.com/watch?v=2jYXM4LY5n0,2021-12-21T13:07:18Z,1280,720,equirectangular
2jYXM4LY5n0,04,youtube,cc-by,https://www.youtube.com/watch?v=2jYXM4LY5n0,2021-12-21T13:07:18Z,1280,720,equirectangular
7wqlmB6xGbE,00,youtube,cc-by,https://www.youtube.com/watch?v=7wqlmB6xGbE,2016-01-22T18:44:25Z,1920,960,equirectangular
LpMKp7c4JZ8,00,youtube,cc-by,https://www.youtube.com/watch?v=LpMKp7c4JZ8,2022-03-15T11:57:03Z,2048,1024,equirectangular
fazxJmEAawQ,00,youtube,cc-by,https://www.youtube.com/watch?v=fazxJmEAawQ,2023-08-15T03:40:59Z,1920,1080,equirectangular
fazxJmEAawQ,01,youtube,cc-by,https://www.youtube.com/watch?v=fazxJmEAawQ,2023-08-15T03:40:59Z,1920,1080,equirectangular
NYUd6NzRaRI,00,youtube,cc-by,https://www.youtube.com/watch?v=NYUd6NzRaRI,2017-11-09T14:40:56Z,1920,1080,equirectangular
DalMndtf4dw,00,youtube,cc-by,https://www.youtube.com/watch?v=DalMndtf4dw,2023-05-29T13:52:53Z,2560,1440,equirectangular
